$MeshFormat
2.2 0 8
$EndMeshFormat
$Nodes
926
1 -92.60599999999999 43.071 0
2 -34.856 -106.179 0
3 155.144 43.071 0
4 -92.60599999999999 43.071 7.5
5 -34.856 -106.179 7.5
6 155.144 43.071 7.5
7 -89.9810000000042 36.28690909091995 0
8 -87.35600000000841 29.50281818183991 0
9 -84.73100000001251 22.71872727275963 0
10 -82.10600000002015 15.93463636368845 0
11 -79.48100000002707 9.150545454615418 0
12 -76.85600000003794 2.366454545552585 0
13 -74.23100000004879 -4.417636363510262 0
14 -71.60600000005965 -11.20172727257309 0
15 -68.98100000007054 -17.98581818163589 0
16 -66.35600000007452 -24.76990909071651 0
17 -63.73100000007452 -31.55399999980743 0
18 -61.10600000007451 -38.33809090889834 0
19 -58.48100000007265 -45.12218181799405 0
20 -55.85600000007054 -51.90627272709041 0
21 -53.23100000006909 -58.69036363618508 0
22 -50.60600000006908 -65.474454545276 0
23 -47.98100000006909 -72.25854545436691 0
24 -45.35600000006912 -79.04263636345775 0
25 -42.73100000006522 -85.82672727255871 0
26 -40.10600000004348 -92.61081818170581 0
27 -37.48100000002174 -99.39490909085291 0
28 -29.0984242424372 -101.6562727272829 0
29 -23.3408484848744 -97.13354545456581 0
30 -17.58327272731159 -92.61081818184871 0
31 -11.82569696974901 -88.08809090913179 0
32 -6.068121212191816 -83.56536363641909 0
33 -0.3105454546326314 -79.04263636370484 0
34 5.447030302929768 -74.51990909098807 0
35 11.20460606047393 -69.99718181828561 0
36 16.96218181801582 -65.47445454558493 0
37 22.71975757556388 -60.95172727287943 0
38 28.47733333311621 -56.42900000017055 0
39 34.23490909065809 -51.9062727274699 0
40 39.9924848481971 -47.38354545477149 0
41 45.75006060573653 -42.86081818207276 0
42 51.50763636328507 -38.33809090936687 0
43 57.26521212083457 -33.81536363666022 0
44 63.02278787839736 -29.29263636394313 0
45 68.78036363597346 -24.76990909121558 0
46 74.53793939354961 -20.24718181848802 0
47 80.2955151511257 -15.72445454576048 0
48 86.05309090870179 -11.20172727303293 0
49 91.81066666627794 -6.679000000305365 0
50 97.56824242387268 -2.156272727563177 0
51 103.3258181814754 2.366454545185306 0
52 109.0833939390782 6.889181817933817 0
53 114.840969696681 11.41190909068229 0
54 120.5985454542838 15.93463636343078 0
55 126.3561212118865 20.45736363617928 0
56 132.1136969695054 24.98009090894038 0
57 137.871272727129 29.50281818170529 0
58 143.6288484847527 34.0255454544702 0
59 149.3864242423763 38.54827272723509 0
60 147.8572352941185 43.071 0
61 140.570470588237 43.071 0
62 133.2837058823554 43.071 0
63 125.9969411764739 43.071 0
64 118.7101764705924 43.071 0
65 111.4234117647108 43.071 0
66 104.1366470588293 43.071 0
67 96.84988235294776 43.071 0
68 89.56311764706624 43.071 0
69 82.27635294118474 43.071 0
70 74.98958823530323 43.071 0
71 67.70282352942172 43.071 0
72 60.4160588235402 43.071 0
73 53.12929411765869 43.071 0
74 45.84252941177719 43.071 0
75 38.55576470589567 43.071 0
76 31.26900000001135 43.071 0
77 23.98223529410487 43.071 0
78 16.69547058822332 43.071 0
79 9.408705882341735 43.071 0
80 2.121941176460155 43.071 0
81 -5.164823529421369 43.071 0
82 -12.45158823530292 43.071 0
83 -19.7383529411845 43.071 0
84 -27.02511764706605 43.071 0
85 -34.31188235294766 43.071 0
86 -41.59864705882919 43.071 0
87 -48.88541176471074 43.071 0
88 -56.17217647059232 43.071 0
89 -63.45894117647384 43.071 0
90 -70.74570588235542 43.071 0
91 -78.032470588237 43.071 0
92 -85.3192352941185 43.071 0
93 -89.9810000000042 36.28690909091995 7.5
94 -87.35600000000841 29.50281818183991 7.5
95 -84.73100000001251 22.71872727275963 7.5
96 -82.10600000002015 15.93463636368845 7.5
97 -79.48100000002707 9.150545454615418 7.5
98 -76.85600000003794 2.366454545552585 7.5
99 -74.23100000004879 -4.417636363510262 7.5
100 -71.60600000005965 -11.20172727257309 7.5
101 -68.98100000007054 -17.98581818163589 7.5
102 -66.35600000007452 -24.76990909071651 7.5
103 -63.73100000007452 -31.55399999980743 7.5
104 -61.10600000007451 -38.33809090889834 7.5
105 -58.48100000007265 -45.12218181799405 7.5
106 -55.85600000007054 -51.90627272709041 7.5
107 -53.23100000006909 -58.69036363618508 7.5
108 -50.60600000006908 -65.474454545276 7.5
109 -47.98100000006909 -72.25854545436691 7.5
110 -45.35600000006912 -79.04263636345775 7.5
111 -42.73100000006522 -85.82672727255871 7.5
112 -40.10600000004348 -92.61081818170581 7.5
113 -37.48100000002174 -99.39490909085291 7.5
114 -29.0984242424372 -101.6562727272829 7.5
115 -23.3408484848744 -97.13354545456581 7.5
116 -17.58327272731159 -92.61081818184871 7.5
117 -11.82569696974901 -88.08809090913179 7.5
118 -6.068121212191816 -83.56536363641909 7.5
119 -0.3105454546326314 -79.04263636370484 7.5
120 5.447030302929768 -74.51990909098807 7.5
121 11.20460606047393 -69.99718181828561 7.5
122 16.96218181801582 -65.47445454558493 7.5
123 22.71975757556388 -60.95172727287943 7.5
124 28.47733333311621 -56.42900000017055 7.5
125 34.23490909065809 -51.9062727274699 7.5
126 39.9924848481971 -47.38354545477149 7.5
127 45.75006060573653 -42.86081818207276 7.5
128 51.50763636328507 -38.33809090936687 7.5
129 57.26521212083457 -33.81536363666022 7.5
130 63.02278787839736 -29.29263636394313 7.5
131 68.78036363597346 -24.76990909121558 7.5
132 74.53793939354961 -20.24718181848802 7.5
133 80.2955151511257 -15.72445454576048 7.5
134 86.05309090870179 -11.20172727303293 7.5
135 91.81066666627794 -6.679000000305365 7.5
136 97.56824242387268 -2.156272727563177 7.5
137 103.3258181814754 2.366454545185306 7.5
138 109.0833939390782 6.889181817933817 7.5
139 114.840969696681 11.41190909068229 7.5
140 120.5985454542838 15.93463636343078 7.5
141 126.3561212118865 20.45736363617928 7.5
142 132.1136969695054 24.98009090894038 7.5
143 137.871272727129 29.50281818170529 7.5
144 143.6288484847527 34.0255454544702 7.5
145 149.3864242423763 38.54827272723509 7.5
146 147.8572352941185 43.071 7.5
147 140.570470588237 43.071 7.5
148 133.2837058823554 43.071 7.5
149 125.9969411764739 43.071 7.5
150 118.7101764705924 43.071 7.5
151 111.4234117647108 43.071 7.5
152 104.1366470588293 43.071 7.5
153 96.84988235294776 43.071 7.5
154 89.56311764706624 43.071 7.5
155 82.27635294118474 43.071 7.5
156 74.98958823530323 43.071 7.5
157 67.70282352942172 43.071 7.5
158 60.4160588235402 43.071 7.5
159 53.12929411765869 43.071 7.5
160 45.84252941177719 43.071 7.5
161 38.55576470589567 43.071 7.5
162 31.26900000001135 43.071 7.5
163 23.98223529410487 43.071 7.5
164 16.69547058822332 43.071 7.5
165 9.408705882341735 43.071 7.5
166 2.121941176460155 43.071 7.5
167 -5.164823529421369 43.071 7.5
168 -12.45158823530292 43.071 7.5
169 -19.7383529411845 43.071 7.5
170 -27.02511764706605 43.071 7.5
171 -34.31188235294766 43.071 7.5
172 -41.59864705882919 43.071 7.5
173 -48.88541176471074 43.071 7.5
174 -56.17217647059232 43.071 7.5
175 -63.45894117647384 43.071 7.5
176 -70.74570588235542 43.071 7.5
177 -78.032470588237 43.071 7.5
178 -85.3192352941185 43.071 7.5
179 21.62043769895533 -53.85910740126167 0
180 -9.686386575694542 37.32254725457345 0
181 -56.54330493121873 -32.67272876941873 0
182 44.57625381355295 -35.95336977074926 0
183 20.33885294116409 36.76047665330673 0
184 3.141251504245589 -67.07455731147705 0
185 -29.42633860441181 36.56810712411083 0
186 61.73828628705371 -22.85874978838581 0
187 -65.28128131439775 -13.08839638388515 0
188 -48.29561936916316 -53.07742450085721 0
189 41.95161176051814 37.3658380057169 0
190 79.18301921588886 -8.663328350921125 0
191 65.19927248567225 36.82217271755201 0
192 -53.42663677129201 35.66602153418066 0
193 -12.70810634071492 -81.24629951843396 0
194 96.67263958837157 5.100971570364765 0
195 -72.67624434173584 7.738661575549536 0
196 86.07286871770427 37.30592228176224 0
197 -41.67024674969587 -72.74699125057839 0
198 33.19690025688206 -44.65870222087847 0
199 6.294650457401095 37.12273948016774 0
200 100.8825200817759 36.51191499321057 0
201 -66.39661354664362 36.63704888006876 0
202 108.0667563399324 14.13817332081667 0
203 119.5685286606776 23.17326403036147 0
204 -24.25498187048905 -89.66164300807782 0
205 -77.39555979706941 21.60973821390452 0
206 114.6685821304335 37.20013852381861 0
207 -35.81963146794833 -86.53679401661061 0
208 131.0154965171126 32.00308341009868 0
209 -82.46468535274423 35.98287628588018 0
210 -31.38597000839447 -93.43459878182614 0
211 -79.7466601231103 28.77986986236824 0
212 -72.53890350520595 26.86243407793544 0
213 -70.35038019572828 20.03498836285195 0
214 -65.4381824172722 25.01471282071926 0
215 -63.30335420649178 18.33564878218307 0
216 -58.53264413331588 23.45914633534753 0
217 -56.28155046118866 16.5665196763004 0
218 -50.98471291619948 22.8256548900263 0
219 -49.13558004615764 15.02295640230941 0
220 -54.19304886089871 9.615696935248227 0
221 -47.11062308623042 7.906248877625999 0
222 -42.08498007538275 13.17924854079373 0
223 -40.03870565069126 6.158907567256636 0
224 -35.01081207600981 11.43752928067075 0
225 -32.95830135639719 4.441040676639018 0
226 -27.93003570428299 9.716361061116363 0
227 -25.87589822536523 2.723049486513577 0
228 -30.90524125185318 -2.553099268099627 0
229 -23.82110611751328 -4.271385410432564 0
230 -18.79005012692933 1.005331064583275 0
231 -16.73518360670729 -5.990470974042919 0
232 -11.7024082567432 -0.7124567212426254 0
233 -9.647919638620561 -7.709968970358379 0
234 -4.61245546393483 -2.430888403026795 0
235 -14.68669631017959 -12.99056477423759 0
236 -2.561317627935297 -9.431832993198366 0
237 2.478600450321732 -4.150321194106539 0
238 4.531150858761605 -11.15486454770903 0
239 9.571950202112721 -5.870473197253816 0
240 11.62899169562979 -12.87533578973987 0
241 16.66776613019976 -7.59057405284701 0
242 6.586632532582385 -18.16110970078013 0
243 14.61459578094557 -0.5807971699949712 0
244 21.70859533396878 -2.301760744821325 0
245 23.7650071585812 -9.310375482199815 0
246 28.80368705291591 -4.024551416525844 0
247 26.74817942847402 2.986314814209142 0
248 33.84297727744105 1.263573340669678 0
249 -6.671552928132911 4.566322649810081 0
250 -28.85196025235707 -9.546994861343938 0
251 13.68705341315826 -19.88214646522861 0
252 8.645894008404076 -25.16858660073605 0
253 35.90168525334705 -5.745452933113233 0
254 40.94081854966679 -0.4570867576100153 0
255 38.88044971011855 6.550909561140326 0
256 45.97879431163312 4.831905991254079 0
257 -35.93419580009346 -7.829169438067238 0
258 -33.88179814550703 -14.82127969524437 0
259 43.91803885922133 11.83789211206862 0
260 51.01642039432625 10.11993434459341 0
261 36.82144266025997 13.55651797856194 0
262 53.07733571255498 3.113550871063361 0
263 58.1146771559381 8.402463206604533 0
264 15.74678186956032 -26.8909086319403 0
265 10.70417946555338 -32.17865320166244 0
266 3.603514922913677 -30.45596107343432 0
267 5.660821579496361 -37.46586577381183 0
268 -1.439021376252711 -35.74333819749285 0
269 0.6181767232174918 -42.75238643081591 0
270 -6.480305011323935 -41.0224886628455 0
271 -40.96223997583958 -13.10368880888911 0
272 -38.9106417013277 -20.09516867750822 0
273 -31.83002632961107 -21.81310993677478 0
274 -36.85903576579767 -27.08690923015346 0
275 -29.77748028454604 -28.80513071132623 0
276 -34.80824885548937 -34.07809512156742 0
277 43.00135290623268 -7.466602580996129 0
278 37.96108621305751 -12.75693780346419 0
279 -4.423537678314931 -48.03689014971091 0
280 -11.51823541821285 -46.29605620476694 0
281 -9.464519115932141 -53.31931634618309 0
282 -16.55778019386958 -51.58590632953401 0
283 -8.537180037257876 -34.00556863523975 0
284 56.05340013092875 15.40830376081949 0
285 63.15070796066021 13.69135636581247 0
286 -14.50480510752783 -58.60376170758481 0
287 -21.60049106487631 -56.88069383376595 0
288 60.17737206187439 1.394332907225233 0
289 -29.98480699584829 16.70847246060976 0
290 -22.90221396892583 14.99153027960228 0
291 -52.13936783193516 2.614209865525491 0
292 -19.54628647768975 -63.88758622090479 0
293 2.474527514127018 -49.16941719073103 0
294 -45.98978685200024 -18.37679036520812 0
295 -23.65126461626811 -49.86660193729554 0
296 -28.69103926258803 -55.15726160815291 0
297 44.945491493065 -14.36658701001991 0
298 17.80639102546807 -33.90291267680578 0
299 22.98057377789868 -28.74405124556338 0
300 41.85908987987285 18.84217675964891 0
301 34.76231663171329 20.55924295530565 0
302 -12.44960883782214 -65.61374994258655 0
303 40.26643431389184 -20.01604006260414 0
304 -24.95742274422922 21.98383199144036 0
305 -17.87391458098842 20.26757007903231 0
306 61.08927669386299 20.69627524323028 0
307 68.18659933604883 18.98118400429274 0
308 70.24810643518595 11.97533134171743 0
309 75.28459979234211 17.2647832362822 0
310 77.34658756946594 10.25758067461001 0
311 82.38488210053544 15.54890386137327 0
312 73.22588737453164 24.2722233730618 0
313 47.64517906369765 -21.22063101721371 0
314 -19.92919735252548 27.26046451343619 0
315 -30.74505894475634 -48.16109005786354 0
316 -27.73234193659869 -35.81309904548061 0
317 -48.04014590983616 -11.38428024617336 0
318 53.99426140912511 22.41186618580218 0
319 29.72774657059951 15.2758714943816 0
320 27.66978497052211 22.27691132865461 0
321 22.63585087771441 16.99524541318587 0
322 -22.69343927509594 -30.52284468455627 0
323 55.13801524333837 -3.896737507178862 0
324 61.90439404313313 -5.716623791429886 0
325 67.40325436636074 -0.779842158504896 0
326 32.96134699553408 -18.08494428871422 0
327 35.57497810956274 -25.63376737388044 0
328 -31.96360961023403 23.56733099101886 0
329 -41.88767941465586 -32.35964179301003 0
330 -39.83846797453749 -39.34884950888251 0
331 -59.15046301857362 4.26371471867165 0
332 20.55242837997366 23.88544471330695 0
333 15.53282405003459 18.69055734526611 0
334 32.57970270749354 27.52306349032042 0
335 -12.87307095828088 25.42883046449202 0
336 -10.7939476964322 18.53222893145847 0
337 -5.793377571546341 23.69030113389105 0
338 -3.709687105017493 16.80922669993141 0
339 1.318050306286429 22.08581573336517 0
340 3.388988936883732 15.11700173851856 0
341 13.36840759807053 25.30899252189552 0
342 -35.6543791860404 -53.36853764370214 0
343 -33.7054481386552 -60.42067807087527 0
344 84.30905192577059 8.671021669558009 0
345 89.25116434818297 14.05508873110795 0
346 87.38337223179249 20.87775208538365 0
347 94.40871598267265 19.14172388377808 0
348 92.34708337400305 25.78630160676934 0
349 99.74417365137448 23.76590624407108 0
350 -52.91651637126922 -16.80093033442348 0
351 56.93837928757359 -10.63506068575267 0
352 -20.65838624774033 -37.54389440235428 0
353 17.60030015560473 11.71056826324687 0
354 -56.9858355202178 -2.554143778170435 0
355 24.95808903422086 -35.67109518415344 0
356 19.53768742729523 -40.56298914296681 0
357 79.40735605322911 3.246450338022324 0
358 -46.8991395538396 -37.93482894645122 0
359 -17.71613407225994 -70.68306163933411 0
360 -24.62441351409281 -69.13147406416417 0
361 -22.80207752817131 -75.9229645820653 0
362 -29.48227673471917 -74.39387327727516 0
363 64.30634489277647 -12.63131868648468 0
364 -50.67339320155433 -23.50975850334286 0
365 -63.48244521951861 -0.9032845815039916 0
366 -41.05055516406742 -58.72662366843066 0
367 58.95213689987575 27.38318702022191 0
368 51.98342508393689 29.30315409574138 0
369 -0.7306904334170752 29.10662259427379 0
370 -60.85907879436081 31.04664042609205 0
371 86.30603203165191 3.111192009387976 0
372 85.31237958570239 27.6659852445803 0
373 -44.4344643459391 -45.74575368915599 0
374 -26.54812795894051 -81.5607916738627 0
375 -10.39148728864107 -72.62425247525677 0
376 -5.345972585896575 -67.33564621635622 0
377 -58.09098009245746 -21.92781968768566 0
378 -20.03285857397621 -82.05250921115515 0
379 -37.97706748669882 -66.43932548023919 0
380 -73.95621636875016 35.02763202041559 0
381 -14.7588068469913 32.12679096732145 0
382 -21.76728046731168 33.76716141814345 0
383 57.40714378160049 35.13949796960381 0
384 49.26550185073558 36.44456079865468 0
385 -25.70687318723942 -42.86928142159103 0
386 6.30909779388368 27.20086333638199 0
387 10.49179353574867 13.41338876285168 0
388 -54.7424316110799 -9.686660665825894 0
389 -50.08862885911461 -4.380513731217114 0
390 125.3173820938217 27.65710133282698 0
391 125.1074344479399 34.88964031686394 0
392 46.97759034164077 24.0402622943876 0
393 12.55966830806216 6.42353991694283 0
394 -49.50230192144988 -31.12744861101448 0
395 113.8089641774033 18.65619381156554 0
396 112.7260951718174 25.67809044344061 0
397 106.9504404632589 21.2891098856592 0
398 105.2639891749602 29.52220730365535 0
399 80.30913576255034 22.53190995555336 0
400 78.26369349039808 29.56181193263897 0
401 71.1664236573188 31.27331698600992 0
402 66.03621422762686 25.61586202943771 0
403 102.4462516348503 9.650795533032571 0
404 -3.495673029361092 -28.73279650233578 0
405 -10.59322207725189 -26.99744155258955 0
406 -5.551964080045769 -21.72223274814107 0
407 -12.6397935021581 -19.98778969111138 0
408 -31.24669367733036 -67.46044251129996 0
409 -18.60840549852042 -44.55904494021483 0
410 25.15441501889849 30.43961042036961 0
411 30.8436218791901 34.69539475041192 0
412 27.41596785091088 -49.42388384295308 0
413 38.98309983838199 -40.25766291349007 0
414 37.670822569623 -33.1882579412169 0
415 43.77832779983368 -28.13037916054983 0
416 51.50064908101218 -27.51137949016296 0
417 54.59441582598124 -21.54449267012748 0
418 30.39706610173141 -30.83816043376588 0
419 39.79347190805868 25.84283996925 0
420 -43.97047314279761 -25.42595286337286 0
421 -37.98583022245219 -0.8345935995713163 0
422 -27.05928982505075 28.94790639864819 0
423 48.96980016918585 17.11007257622004 0
424 9.955763364427497 -62.71814371585343 0
425 3.373230939579541 -60.02759240421845 0
426 9.243871494759157 -55.66498725131727 0
427 15.8983828958169 -58.27507230723837 0
428 15.18773221799225 -51.66280657952395 0
429 72.32855496080629 -12.72090581192926 0
430 72.57901462833186 -5.666358937293661 0
431 -61.23418301743058 11.31300246884457 0
432 31.7856506140218 8.271417678633377 0
433 7.51719155803724 1.133210929093909 0
434 1.544278992811656 -23.44733168976855 0
435 -45.39210244722102 36.57829794817764 0
436 -48.88541176471074 30.45108062919611 0
437 -41.65421982604699 30.64403619903467 0
438 -37.78251341017482 36.74549727084377 0
439 -0.5083316294316802 -16.43683641309904 0
440 -36.93963780699929 18.29935653427364 0
441 0.4201071951561433 2.848226087089783 0
442 -13.76062872030703 6.282236944101149 0
443 -43.01338628865436 -6.110613858742323 0
444 -1.63519777775764 35.96428980695804 0
445 13.68388976505759 36.91836715898068 0
446 24.69310803723772 9.995318882837582 0
447 -26.80047779647901 -16.54011125006049 0
448 -21.76939116588904 -11.26670386613795 0
449 -43.80597225267063 19.99575381915907 0
450 30.86934983447683 -11.03964808607568 0
451 -45.06275698984633 0.8922741868128955 0
452 12.69319748878475 -38.91817658425043 0
453 -20.84743648752322 7.998589430414965 0
454 20.80677290473482 -21.6257070590069 0
455 65.2339817756136 6.609189314975372 0
456 48.03962985855522 -2.176505708284472 0
457 -26.59033832607935 -62.15611187020055 0
458 107.78002941177 36.76047665330675 0
459 93.45702633797524 37.06587466691467 0
460 18.72981293928817 -14.59996090690984 0
461 -15.81946607514908 13.27497132964063 0
462 -38.88205162422209 -79.25416934014314 0
463 -1.922487097718924 -55.46349790841551 0
464 7.589606916148677 -43.85019376105916 0
465 -24.75158862973979 -23.53234147590345 0
466 -7.606631088598442 -60.47750568721495 0
467 19.65407450738216 4.705530660403354 0
468 5.455263087453296 8.128158308177838 0
469 -8.733057332514914 11.55831373533408 0
470 49.92074242928206 -9.011168341109435 0
471 25.83508275740423 -16.33101902324163 0
472 72.06816367620377 5.153787915196617 0
473 -37.60001061578414 -46.51775230006366 0
474 -19.72252209750902 -18.26161123390727 0
475 -32.7385002524009 -41.1313612425748 0
476 -1.641656357695358 9.837874869810291 0
477 -7.599337131395164 -14.7132042650243 0
478 8.402296181010353 20.33135123983505 0
479 28.09263677447765 -23.5429415706954 0
480 -53.93705981532273 -39.46407659346722 0
481 137.2450215406637 37.04645537416808 0
482 -13.57657761273414 -39.26936665115815 0
483 -17.67668570937781 -25.25683692730338 0
484 -15.62258182657633 -32.26599214220023 0
485 118.4174820902461 31.21594366998543 0
486 78.1201269293789 36.35760519065317 0
487 -34.38899131285022 30.20728770005137 0
488 101.375845451939 16.87959373030106 0
489 -75.1308949740869 14.73364913526815 0
490 -51.3172138474013 -45.54175637916934 0
491 26.41791711147042 -42.50440187146483 0
492 32.08802880280213 -37.83762595291006 0
493 -68.0992457857337 12.96972107925592 0
494 -65.85223111660575 6.063339617195489 0
495 -60.06268935187252 37.89834216806829 0
496 143.7376000300296 39.15245471117468 0
497 44.49510384749269 30.93724092925692 0
498 95.81186705290236 12.07379758992792 0
499 96.95455136140529 30.7159634420411 0
500 17.84598426857453 30.54496222868392 0
501 -41.40700573619884 -51.48721836044194 0
502 -7.836903226416178 30.30316821914096 0
503 -1.897107972567591 -72.80943949223625 0
504 67.15102314642773 -18.27442654196982 0
505 37.17503762246859 32.55587475465227 0
506 -70.05085449712843 0.7096872411054624 0
507 84.69226745943136 -3.139557103793903 0
508 -38.84172865735023 24.76669753504782 0
509 71.43564696741898 38.11901897884302 0
510 51.93701657469344 -15.58240828237017 0
511 20.81879716412671 -47.15599838039416 0
512 -47.57884032030716 -60.6124497366905 0
513 -67.63858736817978 -6.016970506072522 0
514 90.75606859765021 7.455421063256544 0
515 -59.28019519042016 -14.74293305756143 0
516 57.62427023865581 -27.00452438985592 0
517 -6.275073653749605 -77.85759829721019 0
518 -44.47728495348457 -66.04306502259693 0
519 59.44424433575102 -16.92107610918177 0
520 130.5297199129091 38.01623582022614 0
521 111.7712355958455 32.07537131884135 0
522 -54.63544028551414 28.43215931265794 0
523 77.72627064284971 -2.921755214725378 0
524 -61.23512937063566 -7.832064828836572 0
525 14.35049956607199 -45.21873845914438 0
526 89.47827749302846 31.83781094420638 0
527 -67.81799225687745 30.88097975693489 0
528 10.43013949132404 31.40173837415286 0
529 -16.71572378242799 38.18359475235208 0
530 -29.60090399294713 -87.04820899368711 0
531 92.12359311253634 0.7545621377949503 0
532 35.95900719361676 38.15182150215622 0
533 -1.752199414539272 -62.20527479028705 0
534 -35.1870340832886 -72.74170494277143 0
535 -45.03450883198634 25.80512480212052 0
536 -59.7716186689066 -27.77292599149608 0
537 -63.56135624974321 -18.86021822806362 0
538 -16.73013276075269 -76.50581748524905 0
539 63.59696140412326 31.08898554980963 0
540 25.93517572773491 37.7364537504702 0
541 8.958351504717465 -50.0110329524543 0
542 -32.60990910434177 -79.93996389936305 0
543 67.51722310229167 -7.713244566734318 0
544 49.65364534221636 -33.12552774181883 0
545 73.31414280432026 -0.2877991583244403 0
546 82.7257555813807 32.48681842317063 0
547 -54.69360220814323 -27.55586091180885 0
548 -17.09651017947299 -87.3043301710909 0
549 3.703370614422937 31.92691640126364 0
550 -23.38173529412528 39.30415127660319 0
551 4.070084381126072 -54.63331154530715 0
552 120.3503193933501 37.97070786055474 0
553 21.62043769895533 -53.85910740126167 7.5
554 -9.686386575694542 37.32254725457345 7.5
555 -56.54330493121873 -32.67272876941873 7.5
556 44.57625381355295 -35.95336977074926 7.5
557 20.33885294116409 36.76047665330673 7.5
558 3.141251504245589 -67.07455731147705 7.5
559 -29.42633860441181 36.56810712411083 7.5
560 61.73828628705371 -22.85874978838581 7.5
561 -65.28128131439775 -13.08839638388515 7.5
562 -48.29561936916316 -53.07742450085721 7.5
563 41.95161176051814 37.3658380057169 7.5
564 79.18301921588886 -8.663328350921125 7.5
565 65.19927248567225 36.82217271755201 7.5
566 -53.42663677129201 35.66602153418066 7.5
567 -12.70810634071492 -81.24629951843396 7.5
568 96.67263958837157 5.100971570364765 7.5
569 -72.67624434173584 7.738661575549536 7.5
570 86.07286871770427 37.30592228176224 7.5
571 -41.67024674969587 -72.74699125057839 7.5
572 33.19690025688206 -44.65870222087847 7.5
573 6.294650457401095 37.12273948016774 7.5
574 100.8825200817759 36.51191499321057 7.5
575 -66.39661354664362 36.63704888006876 7.5
576 108.0667563399324 14.13817332081667 7.5
577 119.5685286606776 23.17326403036147 7.5
578 -24.25498187048905 -89.66164300807782 7.5
579 -77.39555979706941 21.60973821390452 7.5
580 114.6685821304335 37.20013852381861 7.5
581 -35.81963146794833 -86.53679401661061 7.5
582 131.0154965171126 32.00308341009868 7.5
583 -82.46468535274423 35.98287628588018 7.5
584 -31.38597000839447 -93.43459878182614 7.5
585 -79.7466601231103 28.77986986236824 7.5
586 -72.53890350520595 26.86243407793544 7.5
587 -70.35038019572828 20.03498836285195 7.5
588 -65.4381824172722 25.01471282071926 7.5
589 -63.30335420649178 18.33564878218307 7.5
590 -58.53264413331588 23.45914633534753 7.5
591 -56.28155046118866 16.5665196763004 7.5
592 -50.98471291619948 22.8256548900263 7.5
593 -49.13558004615764 15.02295640230941 7.5
594 -54.19304886089871 9.615696935248227 7.5
595 -47.11062308623042 7.906248877625999 7.5
596 -42.08498007538275 13.17924854079373 7.5
597 -40.03870565069126 6.158907567256636 7.5
598 -35.01081207600981 11.43752928067075 7.5
599 -32.95830135639719 4.441040676639018 7.5
600 -27.93003570428299 9.716361061116363 7.5
601 -25.87589822536523 2.723049486513577 7.5
602 -30.90524125185318 -2.553099268099627 7.5
603 -23.82110611751328 -4.271385410432564 7.5
604 -18.79005012692933 1.005331064583275 7.5
605 -16.73518360670729 -5.990470974042919 7.5
606 -11.7024082567432 -0.7124567212426254 7.5
607 -9.647919638620561 -7.709968970358379 7.5
608 -4.61245546393483 -2.430888403026795 7.5
609 -14.68669631017959 -12.99056477423759 7.5
610 -2.561317627935297 -9.431832993198366 7.5
611 2.478600450321732 -4.150321194106539 7.5
612 4.531150858761605 -11.15486454770903 7.5
613 9.571950202112721 -5.870473197253816 7.5
614 11.62899169562979 -12.87533578973987 7.5
615 16.66776613019976 -7.59057405284701 7.5
616 6.586632532582385 -18.16110970078013 7.5
617 14.61459578094557 -0.5807971699949712 7.5
618 21.70859533396878 -2.301760744821325 7.5
619 23.7650071585812 -9.310375482199815 7.5
620 28.80368705291591 -4.024551416525844 7.5
621 26.74817942847402 2.986314814209142 7.5
622 33.84297727744105 1.263573340669678 7.5
623 -6.671552928132911 4.566322649810081 7.5
624 -28.85196025235707 -9.546994861343938 7.5
625 13.68705341315826 -19.88214646522861 7.5
626 8.645894008404076 -25.16858660073605 7.5
627 35.90168525334705 -5.745452933113233 7.5
628 40.94081854966679 -0.4570867576100153 7.5
629 38.88044971011855 6.550909561140326 7.5
630 45.97879431163312 4.831905991254079 7.5
631 -35.93419580009346 -7.829169438067238 7.5
632 -33.88179814550703 -14.82127969524437 7.5
633 43.91803885922133 11.83789211206862 7.5
634 51.01642039432625 10.11993434459341 7.5
635 36.82144266025997 13.55651797856194 7.5
636 53.07733571255498 3.113550871063361 7.5
637 58.1146771559381 8.402463206604533 7.5
638 15.74678186956032 -26.8909086319403 7.5
639 10.70417946555338 -32.17865320166244 7.5
640 3.603514922913677 -30.45596107343432 7.5
641 5.660821579496361 -37.46586577381183 7.5
642 -1.439021376252711 -35.74333819749285 7.5
643 0.6181767232174918 -42.75238643081591 7.5
644 -6.480305011323935 -41.0224886628455 7.5
645 -40.96223997583958 -13.10368880888911 7.5
646 -38.9106417013277 -20.09516867750822 7.5
647 -31.83002632961107 -21.81310993677478 7.5
648 -36.85903576579767 -27.08690923015346 7.5
649 -29.77748028454604 -28.80513071132623 7.5
650 -34.80824885548937 -34.07809512156742 7.5
651 43.00135290623268 -7.466602580996129 7.5
652 37.96108621305751 -12.75693780346419 7.5
653 -4.423537678314931 -48.03689014971091 7.5
654 -11.51823541821285 -46.29605620476694 7.5
655 -9.464519115932141 -53.31931634618309 7.5
656 -16.55778019386958 -51.58590632953401 7.5
657 -8.537180037257876 -34.00556863523975 7.5
658 56.05340013092875 15.40830376081949 7.5
659 63.15070796066021 13.69135636581247 7.5
660 -14.50480510752783 -58.60376170758481 7.5
661 -21.60049106487631 -56.88069383376595 7.5
662 60.17737206187439 1.394332907225233 7.5
663 -29.98480699584829 16.70847246060976 7.5
664 -22.90221396892583 14.99153027960228 7.5
665 -52.13936783193516 2.614209865525491 7.5
666 -19.54628647768975 -63.88758622090479 7.5
667 2.474527514127018 -49.16941719073103 7.5
668 -45.98978685200024 -18.37679036520812 7.5
669 -23.65126461626811 -49.86660193729554 7.5
670 -28.69103926258803 -55.15726160815291 7.5
671 44.945491493065 -14.36658701001991 7.5
672 17.80639102546807 -33.90291267680578 7.5
673 22.98057377789868 -28.74405124556338 7.5
674 41.85908987987285 18.84217675964891 7.5
675 34.76231663171329 20.55924295530565 7.5
676 -12.44960883782214 -65.61374994258655 7.5
677 40.26643431389184 -20.01604006260414 7.5
678 -24.95742274422922 21.98383199144036 7.5
679 -17.87391458098842 20.26757007903231 7.5
680 61.08927669386299 20.69627524323028 7.5
681 68.18659933604883 18.98118400429274 7.5
682 70.24810643518595 11.97533134171743 7.5
683 75.28459979234211 17.2647832362822 7.5
684 77.34658756946594 10.25758067461001 7.5
685 82.38488210053544 15.54890386137327 7.5
686 73.22588737453164 24.2722233730618 7.5
687 47.64517906369765 -21.22063101721371 7.5
688 -19.92919735252548 27.26046451343619 7.5
689 -30.74505894475634 -48.16109005786354 7.5
690 -27.73234193659869 -35.81309904548061 7.5
691 -48.04014590983616 -11.38428024617336 7.5
692 53.99426140912511 22.41186618580218 7.5
693 29.72774657059951 15.2758714943816 7.5
694 27.66978497052211 22.27691132865461 7.5
695 22.63585087771441 16.99524541318587 7.5
696 -22.69343927509594 -30.52284468455627 7.5
697 55.13801524333837 -3.896737507178862 7.5
698 61.90439404313313 -5.716623791429886 7.5
699 67.40325436636074 -0.779842158504896 7.5
700 32.96134699553408 -18.08494428871422 7.5
701 35.57497810956274 -25.63376737388044 7.5
702 -31.96360961023403 23.56733099101886 7.5
703 -41.88767941465586 -32.35964179301003 7.5
704 -39.83846797453749 -39.34884950888251 7.5
705 -59.15046301857362 4.26371471867165 7.5
706 20.55242837997366 23.88544471330695 7.5
707 15.53282405003459 18.69055734526611 7.5
708 32.57970270749354 27.52306349032042 7.5
709 -12.87307095828088 25.42883046449202 7.5
710 -10.7939476964322 18.53222893145847 7.5
711 -5.793377571546341 23.69030113389105 7.5
712 -3.709687105017493 16.80922669993141 7.5
713 1.318050306286429 22.08581573336517 7.5
714 3.388988936883732 15.11700173851856 7.5
715 13.36840759807053 25.30899252189552 7.5
716 -35.6543791860404 -53.36853764370214 7.5
717 -33.7054481386552 -60.42067807087527 7.5
718 84.30905192577059 8.671021669558009 7.5
719 89.25116434818297 14.05508873110795 7.5
720 87.38337223179249 20.87775208538365 7.5
721 94.40871598267265 19.14172388377808 7.5
722 92.34708337400305 25.78630160676934 7.5
723 99.74417365137448 23.76590624407108 7.5
724 -52.91651637126922 -16.80093033442348 7.5
725 56.93837928757359 -10.63506068575267 7.5
726 -20.65838624774033 -37.54389440235428 7.5
727 17.60030015560473 11.71056826324687 7.5
728 -56.9858355202178 -2.554143778170435 7.5
729 24.95808903422086 -35.67109518415344 7.5
730 19.53768742729523 -40.56298914296681 7.5
731 79.40735605322911 3.246450338022324 7.5
732 -46.8991395538396 -37.93482894645122 7.5
733 -17.71613407225994 -70.68306163933411 7.5
734 -24.62441351409281 -69.13147406416417 7.5
735 -22.80207752817131 -75.9229645820653 7.5
736 -29.48227673471917 -74.39387327727516 7.5
737 64.30634489277647 -12.63131868648468 7.5
738 -50.67339320155433 -23.50975850334286 7.5
739 -63.48244521951861 -0.9032845815039916 7.5
740 -41.05055516406742 -58.72662366843066 7.5
741 58.95213689987575 27.38318702022191 7.5
742 51.98342508393689 29.30315409574138 7.5
743 -0.7306904334170752 29.10662259427379 7.5
744 -60.85907879436081 31.04664042609205 7.5
745 86.30603203165191 3.111192009387976 7.5
746 85.31237958570239 27.6659852445803 7.5
747 -44.4344643459391 -45.74575368915599 7.5
748 -26.54812795894051 -81.5607916738627 7.5
749 -10.39148728864107 -72.62425247525677 7.5
750 -5.345972585896575 -67.33564621635622 7.5
751 -58.09098009245746 -21.92781968768566 7.5
752 -20.03285857397621 -82.05250921115515 7.5
753 -37.97706748669882 -66.43932548023919 7.5
754 -73.95621636875016 35.02763202041559 7.5
755 -14.7588068469913 32.12679096732145 7.5
756 -21.76728046731168 33.76716141814345 7.5
757 57.40714378160049 35.13949796960381 7.5
758 49.26550185073558 36.44456079865468 7.5
759 -25.70687318723942 -42.86928142159103 7.5
760 6.30909779388368 27.20086333638199 7.5
761 10.49179353574867 13.41338876285168 7.5
762 -54.7424316110799 -9.686660665825894 7.5
763 -50.08862885911461 -4.380513731217114 7.5
764 125.3173820938217 27.65710133282698 7.5
765 125.1074344479399 34.88964031686394 7.5
766 46.97759034164077 24.0402622943876 7.5
767 12.55966830806216 6.42353991694283 7.5
768 -49.50230192144988 -31.12744861101448 7.5
769 113.8089641774033 18.65619381156554 7.5
770 112.7260951718174 25.67809044344061 7.5
771 106.9504404632589 21.2891098856592 7.5
772 105.2639891749602 29.52220730365535 7.5
773 80.30913576255034 22.53190995555336 7.5
774 78.26369349039808 29.56181193263897 7.5
775 71.1664236573188 31.27331698600992 7.5
776 66.03621422762686 25.61586202943771 7.5
777 102.4462516348503 9.650795533032571 7.5
778 -3.495673029361092 -28.73279650233578 7.5
779 -10.59322207725189 -26.99744155258955 7.5
780 -5.551964080045769 -21.72223274814107 7.5
781 -12.6397935021581 -19.98778969111138 7.5
782 -31.24669367733036 -67.46044251129996 7.5
783 -18.60840549852042 -44.55904494021483 7.5
784 25.15441501889849 30.43961042036961 7.5
785 30.8436218791901 34.69539475041192 7.5
786 27.41596785091088 -49.42388384295308 7.5
787 38.98309983838199 -40.25766291349007 7.5
788 37.670822569623 -33.1882579412169 7.5
789 43.77832779983368 -28.13037916054983 7.5
790 51.50064908101218 -27.51137949016296 7.5
791 54.59441582598124 -21.54449267012748 7.5
792 30.39706610173141 -30.83816043376588 7.5
793 39.79347190805868 25.84283996925 7.5
794 -43.97047314279761 -25.42595286337286 7.5
795 -37.98583022245219 -0.8345935995713163 7.5
796 -27.05928982505075 28.94790639864819 7.5
797 48.96980016918585 17.11007257622004 7.5
798 9.955763364427497 -62.71814371585343 7.5
799 3.373230939579541 -60.02759240421845 7.5
800 9.243871494759157 -55.66498725131727 7.5
801 15.8983828958169 -58.27507230723837 7.5
802 15.18773221799225 -51.66280657952395 7.5
803 72.32855496080629 -12.72090581192926 7.5
804 72.57901462833186 -5.666358937293661 7.5
805 -61.23418301743058 11.31300246884457 7.5
806 31.7856506140218 8.271417678633377 7.5
807 7.51719155803724 1.133210929093909 7.5
808 1.544278992811656 -23.44733168976855 7.5
809 -45.39210244722102 36.57829794817764 7.5
810 -48.88541176471074 30.45108062919611 7.5
811 -41.65421982604699 30.64403619903467 7.5
812 -37.78251341017482 36.74549727084377 7.5
813 -0.5083316294316802 -16.43683641309904 7.5
814 -36.93963780699929 18.29935653427364 7.5
815 0.4201071951561433 2.848226087089783 7.5
816 -13.76062872030703 6.282236944101149 7.5
817 -43.01338628865436 -6.110613858742323 7.5
818 -1.63519777775764 35.96428980695804 7.5
819 13.68388976505759 36.91836715898068 7.5
820 24.69310803723772 9.995318882837582 7.5
821 -26.80047779647901 -16.54011125006049 7.5
822 -21.76939116588904 -11.26670386613795 7.5
823 -43.80597225267063 19.99575381915907 7.5
824 30.86934983447683 -11.03964808607568 7.5
825 -45.06275698984633 0.8922741868128955 7.5
826 12.69319748878475 -38.91817658425043 7.5
827 -20.84743648752322 7.998589430414965 7.5
828 20.80677290473482 -21.6257070590069 7.5
829 65.2339817756136 6.609189314975372 7.5
830 48.03962985855522 -2.176505708284472 7.5
831 -26.59033832607935 -62.15611187020055 7.5
832 107.78002941177 36.76047665330675 7.5
833 93.45702633797524 37.06587466691467 7.5
834 18.72981293928817 -14.59996090690984 7.5
835 -15.81946607514908 13.27497132964063 7.5
836 -38.88205162422209 -79.25416934014314 7.5
837 -1.922487097718924 -55.46349790841551 7.5
838 7.589606916148677 -43.85019376105916 7.5
839 -24.75158862973979 -23.53234147590345 7.5
840 -7.606631088598442 -60.47750568721495 7.5
841 19.65407450738216 4.705530660403354 7.5
842 5.455263087453296 8.128158308177838 7.5
843 -8.733057332514914 11.55831373533408 7.5
844 49.92074242928206 -9.011168341109435 7.5
845 25.83508275740423 -16.33101902324163 7.5
846 72.06816367620377 5.153787915196617 7.5
847 -37.60001061578414 -46.51775230006366 7.5
848 -19.72252209750902 -18.26161123390727 7.5
849 -32.7385002524009 -41.1313612425748 7.5
850 -1.641656357695358 9.837874869810291 7.5
851 -7.599337131395164 -14.7132042650243 7.5
852 8.402296181010353 20.33135123983505 7.5
853 28.09263677447765 -23.5429415706954 7.5
854 -53.93705981532273 -39.46407659346722 7.5
855 137.2450215406637 37.04645537416808 7.5
856 -13.57657761273414 -39.26936665115815 7.5
857 -17.67668570937781 -25.25683692730338 7.5
858 -15.62258182657633 -32.26599214220023 7.5
859 118.4174820902461 31.21594366998543 7.5
860 78.1201269293789 36.35760519065317 7.5
861 -34.38899131285022 30.20728770005137 7.5
862 101.375845451939 16.87959373030106 7.5
863 -75.1308949740869 14.73364913526815 7.5
864 -51.3172138474013 -45.54175637916934 7.5
865 26.41791711147042 -42.50440187146483 7.5
866 32.08802880280213 -37.83762595291006 7.5
867 -68.0992457857337 12.96972107925592 7.5
868 -65.85223111660575 6.063339617195489 7.5
869 -60.06268935187252 37.89834216806829 7.5
870 143.7376000300296 39.15245471117468 7.5
871 44.49510384749269 30.93724092925692 7.5
872 95.81186705290236 12.07379758992792 7.5
873 96.95455136140529 30.7159634420411 7.5
874 17.84598426857453 30.54496222868392 7.5
875 -41.40700573619884 -51.48721836044194 7.5
876 -7.836903226416178 30.30316821914096 7.5
877 -1.897107972567591 -72.80943949223625 7.5
878 67.15102314642773 -18.27442654196982 7.5
879 37.17503762246859 32.55587475465227 7.5
880 -70.05085449712843 0.7096872411054624 7.5
881 84.69226745943136 -3.139557103793903 7.5
882 -38.84172865735023 24.76669753504782 7.5
883 71.43564696741898 38.11901897884302 7.5
884 51.93701657469344 -15.58240828237017 7.5
885 20.81879716412671 -47.15599838039416 7.5
886 -47.57884032030716 -60.6124497366905 7.5
887 -67.63858736817978 -6.016970506072522 7.5
888 90.75606859765021 7.455421063256544 7.5
889 -59.28019519042016 -14.74293305756143 7.5
890 57.62427023865581 -27.00452438985592 7.5
891 -6.275073653749605 -77.85759829721019 7.5
892 -44.47728495348457 -66.04306502259693 7.5
893 59.44424433575102 -16.92107610918177 7.5
894 130.5297199129091 38.01623582022614 7.5
895 111.7712355958455 32.07537131884135 7.5
896 -54.63544028551414 28.43215931265794 7.5
897 77.72627064284971 -2.921755214725378 7.5
898 -61.23512937063566 -7.832064828836572 7.5
899 14.35049956607199 -45.21873845914438 7.5
900 89.47827749302846 31.83781094420638 7.5
901 -67.81799225687745 30.88097975693489 7.5
902 10.43013949132404 31.40173837415286 7.5
903 -16.71572378242799 38.18359475235208 7.5
904 -29.60090399294713 -87.04820899368711 7.5
905 92.12359311253634 0.7545621377949503 7.5
906 35.95900719361676 38.15182150215622 7.5
907 -1.752199414539272 -62.20527479028705 7.5
908 -35.1870340832886 -72.74170494277143 7.5
909 -45.03450883198634 25.80512480212052 7.5
910 -59.7716186689066 -27.77292599149608 7.5
911 -63.56135624974321 -18.86021822806362 7.5
912 -16.73013276075269 -76.50581748524905 7.5
913 63.59696140412326 31.08898554980963 7.5
914 25.93517572773491 37.7364537504702 7.5
915 8.958351504717465 -50.0110329524543 7.5
916 -32.60990910434177 -79.93996389936305 7.5
917 67.51722310229167 -7.713244566734318 7.5
918 49.65364534221636 -33.12552774181883 7.5
919 73.31414280432026 -0.2877991583244403 7.5
920 82.7257555813807 32.48681842317063 7.5
921 -54.69360220814323 -27.55586091180885 7.5
922 -17.09651017947299 -87.3043301710909 7.5
923 3.703370614422937 31.92691640126364 7.5
924 -23.38173529412528 39.30415127660319 7.5
925 4.070084381126072 -54.63331154530715 7.5
926 120.3503193933501 37.97070786055474 7.5
$EndNodes
$Elements
4540
1 15 2 0 1 1
2 15 2 0 2 2
3 15 2 0 3 3
4 15 2 0 4 4
5 15 2 0 5 5
6 15 2 0 9 6
7 1 2 0 1 1 7
8 1 2 0 1 7 8
9 1 2 0 1 8 9
10 1 2 0 1 9 10
11 1 2 0 1 10 11
12 1 2 0 1 11 12
13 1 2 0 1 12 13
14 1 2 0 1 13 14
15 1 2 0 1 14 15
16 1 2 0 1 15 16
17 1 2 0 1 16 17
18 1 2 0 1 17 18
19 1 2 0 1 18 19
20 1 2 0 1 19 20
21 1 2 0 1 20 21
22 1 2 0 1 21 22
23 1 2 0 1 22 23
24 1 2 0 1 23 24
25 1 2 0 1 24 25
26 1 2 0 1 25 26
27 1 2 0 1 26 27
28 1 2 0 1 27 2
29 1 2 0 2 2 28
30 1 2 0 2 28 29
31 1 2 0 2 29 30
32 1 2 0 2 30 31
33 1 2 0 2 31 32
34 1 2 0 2 32 33
35 1 2 0 2 33 34
36 1 2 0 2 34 35
37 1 2 0 2 35 36
38 1 2 0 2 36 37
39 1 2 0 2 37 38
40 1 2 0 2 38 39
41 1 2 0 2 39 40
42 1 2 0 2 40 41
43 1 2 0 2 41 42
44 1 2 0 2 42 43
45 1 2 0 2 43 44
46 1 2 0 2 44 45
47 1 2 0 2 45 46
48 1 2 0 2 46 47
49 1 2 0 2 47 48
50 1 2 0 2 48 49
51 1 2 0 2 49 50
52 1 2 0 2 50 51
53 1 2 0 2 51 52
54 1 2 0 2 52 53
55 1 2 0 2 53 54
56 1 2 0 2 54 55
57 1 2 0 2 55 56
58 1 2 0 2 56 57
59 1 2 0 2 57 58
60 1 2 0 2 58 59
61 1 2 0 2 59 3
62 1 2 0 3 3 60
63 1 2 0 3 60 61
64 1 2 0 3 61 62
65 1 2 0 3 62 63
66 1 2 0 3 63 64
67 1 2 0 3 64 65
68 1 2 0 3 65 66
69 1 2 0 3 66 67
70 1 2 0 3 67 68
71 1 2 0 3 68 69
72 1 2 0 3 69 70
73 1 2 0 3 70 71
74 1 2 0 3 71 72
75 1 2 0 3 72 73
76 1 2 0 3 73 74
77 1 2 0 3 74 75
78 1 2 0 3 75 76
79 1 2 0 3 76 77
80 1 2 0 3 77 78
81 1 2 0 3 78 79
82 1 2 0 3 79 80
83 1 2 0 3 80 81
84 1 2 0 3 81 82
85 1 2 0 3 82 83
86 1 2 0 3 83 84
87 1 2 0 3 84 85
88 1 2 0 3 85 86
89 1 2 0 3 86 87
90 1 2 0 3 87 88
91 1 2 0 3 88 89
92 1 2 0 3 89 90
93 1 2 0 3 90 91
94 1 2 0 3 91 92
95 1 2 0 3 92 1
96 1 2 0 5 4 93
97 1 2 0 5 93 94
98 1 2 0 5 94 95
99 1 2 0 5 95 96
100 1 2 0 5 96 97
101 1 2 0 5 97 98
102 1 2 0 5 98 99
103 1 2 0 5 99 100
104 1 2 0 5 100 101
105 1 2 0 5 101 102
106 1 2 0 5 102 103
107 1 2 0 5 103 104
108 1 2 0 5 104 105
109 1 2 0 5 105 106
110 1 2 0 5 106 107
111 1 2 0 5 107 108
112 1 2 0 5 108 109
113 1 2 0 5 109 110
114 1 2 0 5 110 111
115 1 2 0 5 111 112
116 1 2 0 5 112 113
117 1 2 0 5 113 5
118 1 2 0 6 5 114
119 1 2 0 6 114 115
120 1 2 0 6 115 116
121 1 2 0 6 116 117
122 1 2 0 6 117 118
123 1 2 0 6 118 119
124 1 2 0 6 119 120
125 1 2 0 6 120 121
126 1 2 0 6 121 122
127 1 2 0 6 122 123
128 1 2 0 6 123 124
129 1 2 0 6 124 125
130 1 2 0 6 125 126
131 1 2 0 6 126 127
132 1 2 0 6 127 128
133 1 2 0 6 128 129
134 1 2 0 6 129 130
135 1 2 0 6 130 131
136 1 2 0 6 131 132
137 1 2 0 6 132 133
138 1 2 0 6 133 134
139 1 2 0 6 134 135
140 1 2 0 6 135 136
141 1 2 0 6 136 137
142 1 2 0 6 137 138
143 1 2 0 6 138 139
144 1 2 0 6 139 140
145 1 2 0 6 140 141
146 1 2 0 6 141 142
147 1 2 0 6 142 143
148 1 2 0 6 143 144
149 1 2 0 6 144 145
150 1 2 0 6 145 6
151 1 2 0 7 6 146
152 1 2 0 7 146 147
153 1 2 0 7 147 148
154 1 2 0 7 148 149
155 1 2 0 7 149 150
156 1 2 0 7 150 151
157 1 2 0 7 151 152
158 1 2 0 7 152 153
159 1 2 0 7 153 154
160 1 2 0 7 154 155
161 1 2 0 7 155 156
162 1 2 0 7 156 157
163 1 2 0 7 157 158
164 1 2 0 7 158 159
165 1 2 0 7 159 160
166 1 2 0 7 160 161
167 1 2 0 7 161 162
168 1 2 0 7 162 163
169 1 2 0 7 163 164
170 1 2 0 7 164 165
171 1 2 0 7 165 166
172 1 2 0 7 166 167
173 1 2 0 7 167 168
174 1 2 0 7 168 169
175 1 2 0 7 169 170
176 1 2 0 7 170 171
177 1 2 0 7 171 172
178 1 2 0 7 172 173
179 1 2 0 7 173 174
180 1 2 0 7 174 175
181 1 2 0 7 175 176
182 1 2 0 7 176 177
183 1 2 0 7 177 178
184 1 2 0 7 178 4
185 1 2 0 9 1 4
186 1 2 0 10 2 5
187 1 2 0 14 3 6
188 2 2 0 1 394 181 480
189 2 2 0 1 358 394 480
190 2 2 0 1 303 327 415
191 2 2 0 1 398 200 499
192 2 2 0 1 192 370 522
193 2 2 0 1 200 398 458
194 2 2 0 1 3 60 59
195 2 2 0 1 370 192 495
196 2 2 0 1 72 73 383
197 2 2 0 1 358 480 490
198 2 2 0 1 90 91 380
199 2 2 0 1 373 358 490
200 2 2 0 1 188 366 501
201 2 2 0 1 184 376 503
202 2 2 0 1 376 184 533
203 2 2 0 1 327 414 415
204 2 2 0 1 366 188 512
205 2 2 0 1 7 8 209
206 2 2 0 1 382 185 422
207 2 2 0 1 209 8 211
208 2 2 0 1 507 49 531
209 2 2 0 1 371 507 531
210 2 2 0 1 371 357 507
211 2 2 0 1 507 357 523
212 2 2 0 1 313 303 415
213 2 2 0 1 369 444 502
214 2 2 0 1 504 363 519
215 2 2 0 1 29 204 210
216 2 2 0 1 186 504 519
217 2 2 0 1 376 375 503
218 2 2 0 1 201 90 380
219 2 2 0 1 503 375 517
220 2 2 0 1 401 400 486
221 2 2 0 1 383 73 384
222 2 2 0 1 207 26 210
223 2 2 0 1 374 204 378
224 2 2 0 1 188 373 490
225 2 2 0 1 183 410 540
226 2 2 0 1 91 209 380
227 2 2 0 1 401 486 509
228 2 2 0 1 444 180 502
229 2 2 0 1 191 72 383
230 2 2 0 1 373 188 501
231 2 2 0 1 201 370 495
232 2 2 0 1 366 512 518
233 2 2 0 1 27 28 210
234 2 2 0 1 379 366 518
235 2 2 0 1 429 363 504
236 2 2 0 1 410 183 500
237 2 2 0 1 363 429 543
238 2 2 0 1 92 7 209
239 2 2 0 1 370 201 527
240 2 2 0 1 299 418 479
241 2 2 0 1 28 29 210
242 2 2 0 1 26 27 210
243 2 2 0 1 349 398 499
244 2 2 0 1 9 205 211
245 2 2 0 1 204 374 530
246 2 2 0 1 191 401 509
247 2 2 0 1 28 27 2
248 2 2 0 1 8 9 211
249 2 2 0 1 185 382 550
250 2 2 0 1 422 185 487
251 2 2 0 1 401 191 539
252 2 2 0 1 515 388 524
253 2 2 0 1 218 436 522
254 2 2 0 1 419 497 505
255 2 2 0 1 207 530 542
256 2 2 0 1 436 218 535
257 2 2 0 1 414 327 418
258 2 2 0 1 418 327 479
259 2 2 0 1 299 355 418
260 2 2 0 1 349 397 398
261 2 2 0 1 61 481 496
262 2 2 0 1 377 16 536
263 2 2 0 1 397 349 488
264 2 2 0 1 481 58 496
265 2 2 0 1 16 377 537
266 2 2 0 1 92 1 7
267 2 2 0 1 187 515 524
268 2 2 0 1 431 493 494
269 2 2 0 1 211 212 380
270 2 2 0 1 211 205 212
271 2 2 0 1 210 204 530
272 2 2 0 1 375 193 517
273 2 2 0 1 436 192 522
274 2 2 0 1 43 416 544
275 2 2 0 1 209 211 380
276 2 2 0 1 183 445 500
277 2 2 0 1 416 43 516
278 2 2 0 1 193 375 538
279 2 2 0 1 58 59 496
280 2 2 0 1 74 189 384
281 2 2 0 1 207 210 530
282 2 2 0 1 411 76 540
283 2 2 0 1 412 491 511
284 2 2 0 1 60 61 496
285 2 2 0 1 506 13 513
286 2 2 0 1 497 189 505
287 2 2 0 1 197 462 534
288 2 2 0 1 313 415 416
289 2 2 0 1 534 462 542
290 2 2 0 1 73 74 384
291 2 2 0 1 410 411 540
292 2 2 0 1 500 445 528
293 2 2 0 1 349 347 488
294 2 2 0 1 380 212 527
295 2 2 0 1 493 195 494
296 2 2 0 1 76 411 532
297 2 2 0 1 418 355 492
298 2 2 0 1 391 63 552
299 2 2 0 1 355 491 492
300 2 2 0 1 212 205 213
301 2 2 0 1 530 374 542
302 2 2 0 1 368 383 384
303 2 2 0 1 352 316 385
304 2 2 0 1 313 416 417
305 2 2 0 1 295 282 409
306 2 2 0 1 328 422 487
307 2 2 0 1 333 341 478
308 2 2 0 1 462 207 542
309 2 2 0 1 352 385 409
310 2 2 0 1 342 315 473
311 2 2 0 1 341 386 478
312 2 2 0 1 491 356 511
313 2 2 0 1 315 385 475
314 2 2 0 1 385 295 409
315 2 2 0 1 473 315 475
316 2 2 0 1 385 316 475
317 2 2 0 1 282 280 409
318 2 2 0 1 387 340 468
319 2 2 0 1 201 380 527
320 2 2 0 1 212 213 214
321 2 2 0 1 280 270 482
322 2 2 0 1 61 62 481
323 2 2 0 1 407 406 477
324 2 2 0 1 393 387 468
325 2 2 0 1 354 388 389
326 2 2 0 1 362 360 408
327 2 2 0 1 388 317 389
328 2 2 0 1 243 393 433
329 2 2 0 1 433 393 468
330 2 2 0 1 235 407 477
331 2 2 0 1 243 244 467
332 2 2 0 1 387 333 478
333 2 2 0 1 242 238 439
334 2 2 0 1 300 392 419
335 2 2 0 1 360 292 457
336 2 2 0 1 393 243 467
337 2 2 0 1 306 307 402
338 2 2 0 1 312 400 401
339 2 2 0 1 312 399 400
340 2 2 0 1 367 306 402
341 2 2 0 1 397 396 398
342 2 2 0 1 203 55 390
343 2 2 0 1 392 300 423
344 2 2 0 1 395 203 396
345 2 2 0 1 395 396 397
346 2 2 0 1 389 317 443
347 2 2 0 1 390 208 391
348 2 2 0 1 409 280 482
349 2 2 0 1 312 309 399
350 2 2 0 1 408 360 457
351 2 2 0 1 426 427 428
352 2 2 0 1 238 236 439
353 2 2 0 1 54 203 395
354 2 2 0 1 340 387 478
355 2 2 0 1 434 242 439
356 2 2 0 1 406 404 434
357 2 2 0 1 404 266 434
358 2 2 0 1 309 311 399
359 2 2 0 1 443 421 451
360 2 2 0 1 214 213 215
361 2 2 0 1 272 294 420
362 2 2 0 1 52 202 403
363 2 2 0 1 56 208 390
364 2 2 0 1 307 312 402
365 2 2 0 1 202 395 397
366 2 2 0 1 389 443 451
367 2 2 0 1 364 394 420
368 2 2 0 1 29 30 204
369 2 2 0 1 56 57 208
370 2 2 0 1 426 424 427
371 2 2 0 1 247 432 446
372 2 2 0 1 292 287 457
373 2 2 0 1 300 259 423
374 2 2 0 1 424 36 427
375 2 2 0 1 406 439 477
376 2 2 0 1 346 348 372
377 2 2 0 1 287 282 295
378 2 2 0 1 287 295 296
379 2 2 0 1 247 248 432
380 2 2 0 1 202 53 395
381 2 2 0 1 429 190 430
382 2 2 0 1 274 272 420
383 2 2 0 1 294 364 420
384 2 2 0 1 410 334 411
385 2 2 0 1 244 247 467
386 2 2 0 1 296 315 342
387 2 2 0 1 54 55 203
388 2 2 0 1 318 392 423
389 2 2 0 1 343 342 366
390 2 2 0 1 361 360 362
391 2 2 0 1 296 295 315
392 2 2 0 1 39 198 412
393 2 2 0 1 284 318 423
394 2 2 0 1 31 32 193
395 2 2 0 1 320 334 410
396 2 2 0 1 47 190 429
397 2 2 0 1 198 40 413
398 2 2 0 1 270 268 283
399 2 2 0 1 399 372 400
400 2 2 0 1 194 51 403
401 2 2 0 1 184 424 425
402 2 2 0 1 346 347 348
403 2 2 0 1 312 401 402
404 2 2 0 1 286 282 287
405 2 2 0 1 368 367 383
406 2 2 0 1 318 306 367
407 2 2 0 1 427 179 428
408 2 2 0 1 52 53 202
409 2 2 0 1 406 434 439
410 2 2 0 1 311 346 399
411 2 2 0 1 318 367 368
412 2 2 0 1 284 306 318
413 2 2 0 1 359 292 360
414 2 2 0 1 55 56 390
415 2 2 0 1 261 259 300
416 2 2 0 1 91 92 209
417 2 2 0 1 343 366 379
418 2 2 0 1 268 266 404
419 2 2 0 1 413 182 414
420 2 2 0 1 284 285 306
421 2 2 0 1 261 300 301
422 2 2 0 1 320 301 334
423 2 2 0 1 482 283 484
424 2 2 0 1 255 259 261
425 2 2 0 1 294 317 350
426 2 2 0 1 441 468 476
427 2 2 0 1 50 51 194
428 2 2 0 1 53 54 395
429 2 2 0 1 425 424 426
430 2 2 0 1 358 329 394
431 2 2 0 1 296 342 343
432 2 2 0 1 225 223 421
433 2 2 0 1 283 404 405
434 2 2 0 1 364 350 377
435 2 2 0 1 330 329 358
436 2 2 0 1 266 252 434
437 2 2 0 1 405 406 407
438 2 2 0 1 272 271 294
439 2 2 0 1 258 257 271
440 2 2 0 1 332 320 410
441 2 2 0 1 328 304 422
442 2 2 0 1 184 35 424
443 2 2 0 1 311 345 346
444 2 2 0 1 269 268 270
445 2 2 0 1 228 225 421
446 2 2 0 1 250 228 257
447 2 2 0 1 37 179 427
448 2 2 0 1 179 38 412
449 2 2 0 1 307 309 312
450 2 2 0 1 276 274 329
451 2 2 0 1 350 317 388
452 2 2 0 1 294 271 317
453 2 2 0 1 281 280 282
454 2 2 0 1 319 301 320
455 2 2 0 1 414 182 415
456 2 2 0 1 217 215 431
457 2 2 0 1 257 228 421
458 2 2 0 1 34 35 184
459 2 2 0 1 248 255 432
460 2 2 0 1 47 48 190
461 2 2 0 1 321 320 332
462 2 2 0 1 260 263 284
463 2 2 0 1 279 270 280
464 2 2 0 1 249 234 441
465 2 2 0 1 267 266 268
466 2 2 0 1 51 52 403
467 2 2 0 1 255 256 259
468 2 2 0 1 354 331 365
469 2 2 0 1 37 38 179
470 2 2 0 1 259 260 423
471 2 2 0 1 41 182 413
472 2 2 0 1 317 271 443
473 2 2 0 1 46 47 429
474 2 2 0 1 330 358 373
475 2 2 0 1 260 284 423
476 2 2 0 1 257 421 443
477 2 2 0 1 301 300 419
478 2 2 0 1 333 332 341
479 2 2 0 1 435 192 436
480 2 2 0 1 222 224 440
481 2 2 0 1 39 40 198
482 2 2 0 1 346 372 399
483 2 2 0 1 294 350 364
484 2 2 0 1 252 242 434
485 2 2 0 1 258 271 272
486 2 2 0 1 407 235 474
487 2 2 0 1 250 257 258
488 2 2 0 1 185 85 438
489 2 2 0 1 291 220 331
490 2 2 0 1 306 285 307
491 2 2 0 1 283 268 404
492 2 2 0 1 89 90 201
493 2 2 0 1 239 243 433
494 2 2 0 1 87 192 435
495 2 2 0 1 44 45 186
496 2 2 0 1 41 42 182
497 2 2 0 1 334 301 419
498 2 2 0 1 234 237 441
499 2 2 0 1 291 331 354
500 2 2 0 1 348 347 349
501 2 2 0 1 329 274 420
502 2 2 0 1 224 289 440
503 2 2 0 1 248 254 255
504 2 2 0 1 276 329 330
505 2 2 0 1 405 404 406
506 2 2 0 1 321 332 333
507 2 2 0 1 304 314 422
508 2 2 0 1 319 320 321
509 2 2 0 1 261 319 432
510 2 2 0 1 35 36 424
511 2 2 0 1 220 217 431
512 2 2 0 1 284 263 285
513 2 2 0 1 261 301 319
514 2 2 0 1 36 37 427
515 2 2 0 1 315 295 385
516 2 2 0 1 38 39 412
517 2 2 0 1 286 287 292
518 2 2 0 1 40 41 413
519 2 2 0 1 331 220 431
520 2 2 0 1 87 88 192
521 2 2 0 1 237 433 441
522 2 2 0 1 289 328 440
523 2 2 0 1 314 382 422
524 2 2 0 1 289 304 328
525 2 2 0 1 85 86 438
526 2 2 0 1 361 362 374
527 2 2 0 1 214 215 216
528 2 2 0 1 265 252 266
529 2 2 0 1 259 256 260
530 2 2 0 1 244 246 247
531 2 2 0 1 314 381 382
532 2 2 0 1 318 368 392
533 2 2 0 1 239 241 243
534 2 2 0 1 237 239 433
535 2 2 0 1 337 339 369
536 2 2 0 1 255 261 432
537 2 2 0 1 219 217 220
538 2 2 0 1 232 249 442
539 2 2 0 1 86 87 435
540 2 2 0 1 346 345 347
541 2 2 0 1 230 442 453
542 2 2 0 1 394 329 420
543 2 2 0 1 314 335 381
544 2 2 0 1 255 254 256
545 2 2 0 1 359 360 361
546 2 2 0 1 230 232 442
547 2 2 0 1 232 234 249
548 2 2 0 1 435 436 437
549 2 2 0 1 86 435 438
550 2 2 0 1 84 85 185
551 2 2 0 1 221 220 291
552 2 2 0 1 304 305 314
553 2 2 0 1 216 215 217
554 2 2 0 1 269 270 279
555 2 2 0 1 369 339 386
556 2 2 0 1 267 268 269
557 2 2 0 1 273 272 274
558 2 2 0 1 303 278 326
559 2 2 0 1 229 228 250
560 2 2 0 1 353 333 387
561 2 2 0 1 281 282 286
562 2 2 0 1 275 274 276
563 2 2 0 1 314 305 335
564 2 2 0 1 271 257 443
565 2 2 0 1 247 246 248
566 2 2 0 1 243 241 244
567 2 2 0 1 235 231 448
568 2 2 0 1 265 266 267
569 2 2 0 1 279 280 281
570 2 2 0 1 224 226 289
571 2 2 0 1 291 354 389
572 2 2 0 1 289 290 304
573 2 2 0 1 468 340 476
574 2 2 0 1 218 217 219
575 2 2 0 1 421 223 451
576 2 2 0 1 435 437 438
577 2 2 0 1 227 225 228
578 2 2 0 1 14 15 187
579 2 2 0 1 219 220 221
580 2 2 0 1 233 231 235
581 2 2 0 1 216 217 218
582 2 2 0 1 304 290 305
583 2 2 0 1 337 338 339
584 2 2 0 1 335 336 337
585 2 2 0 1 307 308 309
586 2 2 0 1 321 333 353
587 2 2 0 1 260 262 263
588 2 2 0 1 316 276 475
589 2 2 0 1 11 12 195
590 2 2 0 1 81 82 180
591 2 2 0 1 258 272 273
592 2 2 0 1 326 278 450
593 2 2 0 1 288 325 455
594 2 2 0 1 80 81 444
595 2 2 0 1 303 326 327
596 2 2 0 1 335 305 336
597 2 2 0 1 79 80 199
598 2 2 0 1 353 387 393
599 2 2 0 1 214 216 370
600 2 2 0 1 222 440 449
601 2 2 0 1 78 79 445
602 2 2 0 1 289 226 290
603 2 2 0 1 234 236 237
604 2 2 0 1 432 319 446
605 2 2 0 1 77 78 183
606 2 2 0 1 337 336 338
607 2 2 0 1 247 446 467
608 2 2 0 1 237 238 239
609 2 2 0 1 230 231 232
610 2 2 0 1 9 10 205
611 2 2 0 1 339 338 340
612 2 2 0 1 244 245 246
613 2 2 0 1 288 324 325
614 2 2 0 1 232 233 234
615 2 2 0 1 248 253 254
616 2 2 0 1 74 75 189
617 2 2 0 1 239 240 241
618 2 2 0 1 218 219 449
619 2 2 0 1 221 291 451
620 2 2 0 1 219 221 222
621 2 2 0 1 227 229 230
622 2 2 0 1 287 296 457
623 2 2 0 1 260 256 262
624 2 2 0 1 273 274 275
625 2 2 0 1 227 228 229
626 2 2 0 1 309 310 311
627 2 2 0 1 251 264 454
628 2 2 0 1 264 298 299
629 2 2 0 1 229 250 448
630 2 2 0 1 17 18 181
631 2 2 0 1 250 258 447
632 2 2 0 1 224 225 226
633 2 2 0 1 307 285 308
634 2 2 0 1 319 321 446
635 2 2 0 1 71 72 191
636 2 2 0 1 230 229 231
637 2 2 0 1 222 223 224
638 2 2 0 1 219 222 449
639 2 2 0 1 311 344 345
640 2 2 0 1 453 442 461
641 2 2 0 1 355 298 356
642 2 2 0 1 240 238 242
643 2 2 0 1 264 252 265
644 2 2 0 1 251 242 252
645 2 2 0 1 291 389 451
646 2 2 0 1 81 180 444
647 2 2 0 1 244 241 245
648 2 2 0 1 222 221 223
649 2 2 0 1 248 246 253
650 2 2 0 1 237 236 238
651 2 2 0 1 275 276 316
652 2 2 0 1 321 353 446
653 2 2 0 1 290 226 453
654 2 2 0 1 264 299 454
655 2 2 0 1 231 229 448
656 2 2 0 1 199 80 444
657 2 2 0 1 277 253 278
658 2 2 0 1 232 231 233
659 2 2 0 1 297 278 303
660 2 2 0 1 234 233 236
661 2 2 0 1 226 225 227
662 2 2 0 1 265 267 452
663 2 2 0 1 239 238 240
664 2 2 0 1 79 199 445
665 2 2 0 1 224 223 225
666 2 2 0 1 343 379 408
667 2 2 0 1 227 230 453
668 2 2 0 1 299 298 355
669 2 2 0 1 246 245 450
670 2 2 0 1 254 253 277
671 2 2 0 1 258 273 447
672 2 2 0 1 68 69 196
673 2 2 0 1 183 78 445
674 2 2 0 1 302 292 359
675 2 2 0 1 208 57 481
676 2 2 0 1 336 305 461
677 2 2 0 1 263 262 288
678 2 2 0 1 240 242 251
679 2 2 0 1 251 252 264
680 2 2 0 1 264 265 298
681 2 2 0 1 223 221 451
682 2 2 0 1 305 290 461
683 2 2 0 1 20 21 188
684 2 2 0 1 297 303 313
685 2 2 0 1 226 227 453
686 2 2 0 1 277 278 297
687 2 2 0 1 288 262 323
688 2 2 0 1 324 323 351
689 2 2 0 1 67 68 459
690 2 2 0 1 253 246 450
691 2 2 0 1 275 316 322
692 2 2 0 1 285 263 455
693 2 2 0 1 250 447 448
694 2 2 0 1 256 254 456
695 2 2 0 1 356 298 452
696 2 2 0 1 298 265 452
697 2 2 0 1 309 308 310
698 2 2 0 1 324 351 363
699 2 2 0 1 290 453 461
700 2 2 0 1 269 279 293
701 2 2 0 1 288 323 324
702 2 2 0 1 322 316 352
703 2 2 0 1 296 343 457
704 2 2 0 1 66 67 200
705 2 2 0 1 235 448 474
706 2 2 0 1 254 277 456
707 2 2 0 1 251 454 460
708 2 2 0 1 241 240 460
709 2 2 0 1 245 241 460
710 2 2 0 1 262 256 456
711 2 2 0 1 278 253 450
712 2 2 0 1 396 203 485
713 2 2 0 1 311 310 344
714 2 2 0 1 344 310 357
715 2 2 0 1 65 66 458
716 2 2 0 1 263 288 455
717 2 2 0 1 308 285 455
718 2 2 0 1 336 461 469
719 2 2 0 1 442 249 469
720 2 2 0 1 302 375 376
721 2 2 0 1 344 357 371
722 2 2 0 1 286 292 302
723 2 2 0 1 23 24 197
724 2 2 0 1 64 65 206
725 2 2 0 1 456 277 470
726 2 2 0 1 279 281 463
727 2 2 0 1 240 251 460
728 2 2 0 1 249 441 476
729 2 2 0 1 323 262 456
730 2 2 0 1 267 269 464
731 2 2 0 1 353 393 467
732 2 2 0 1 446 353 467
733 2 2 0 1 452 267 464
734 2 2 0 1 302 359 375
735 2 2 0 1 343 408 457
736 2 2 0 1 270 283 482
737 2 2 0 1 361 374 378
738 2 2 0 1 365 506 513
739 2 2 0 1 461 442 469
740 2 2 0 1 276 330 475
741 2 2 0 1 273 275 465
742 2 2 0 1 405 407 483
743 2 2 0 1 447 273 465
744 2 2 0 1 245 460 471
745 2 2 0 1 68 196 459
746 2 2 0 1 275 322 465
747 2 2 0 1 281 286 466
748 2 2 0 1 24 25 462
749 2 2 0 1 283 405 484
750 2 2 0 1 269 293 464
751 2 2 0 1 441 433 468
752 2 2 0 1 323 456 470
753 2 2 0 1 293 279 463
754 2 2 0 1 330 373 473
755 2 2 0 1 460 454 471
756 2 2 0 1 338 336 469
757 2 2 0 1 200 67 459
758 2 2 0 1 277 297 470
759 2 2 0 1 339 340 478
760 2 2 0 1 469 249 476
761 2 2 0 1 326 450 471
762 2 2 0 1 448 447 474
763 2 2 0 1 25 26 207
764 2 2 0 1 351 323 470
765 2 2 0 1 463 281 466
766 2 2 0 1 450 245 471
767 2 2 0 1 390 391 485
768 2 2 0 1 439 236 477
769 2 2 0 1 357 310 472
770 2 2 0 1 66 200 458
771 2 2 0 1 302 376 466
772 2 2 0 1 286 302 466
773 2 2 0 1 455 325 472
774 2 2 0 1 236 233 477
775 2 2 0 1 308 455 472
776 2 2 0 1 310 308 472
777 2 2 0 1 338 469 476
778 2 2 0 1 206 65 458
779 2 2 0 1 340 338 476
780 2 2 0 1 327 326 479
781 2 2 0 1 447 465 474
782 2 2 0 1 405 483 484
783 2 2 0 1 197 24 462
784 2 2 0 1 233 235 477
785 2 2 0 1 330 473 475
786 2 2 0 1 386 339 478
787 2 2 0 1 471 454 479
788 2 2 0 1 181 18 480
789 2 2 0 1 25 207 462
790 2 2 0 1 326 471 479
791 2 2 0 1 454 299 479
792 2 2 0 1 352 482 484
793 2 2 0 1 18 19 480
794 2 2 0 1 352 409 482
795 2 2 0 1 474 465 483
796 2 2 0 1 196 69 486
797 2 2 0 1 407 474 483
798 2 2 0 1 57 58 481
799 2 2 0 1 465 322 483
800 2 2 0 1 483 322 484
801 2 2 0 1 197 379 518
802 2 2 0 1 322 352 484
803 2 2 0 1 203 390 485
804 2 2 0 1 438 437 487
805 2 2 0 1 69 70 486
806 2 2 0 1 384 189 497
807 2 2 0 1 403 202 488
808 2 2 0 1 458 398 521
809 2 2 0 1 379 197 534
810 2 2 0 1 213 205 489
811 2 2 0 1 185 438 487
812 2 2 0 1 378 193 538
813 2 2 0 1 11 195 489
814 2 2 0 1 205 10 489
815 2 2 0 1 202 397 488
816 2 2 0 1 63 391 520
817 2 2 0 1 193 378 548
818 2 2 0 1 20 188 490
819 2 2 0 1 414 418 492
820 2 2 0 1 480 19 490
821 2 2 0 1 194 403 498
822 2 2 0 1 368 384 497
823 2 2 0 1 413 414 492
824 2 2 0 1 184 425 533
825 2 2 0 1 366 342 501
826 2 2 0 1 180 381 502
827 2 2 0 1 10 11 489
828 2 2 0 1 431 215 493
829 2 2 0 1 331 431 494
830 2 2 0 1 419 392 497
831 2 2 0 1 89 201 495
832 2 2 0 1 192 88 495
833 2 2 0 1 429 430 543
834 2 2 0 1 332 410 500
835 2 2 0 1 34 184 503
836 2 2 0 1 473 373 501
837 2 2 0 1 378 204 548
838 2 2 0 1 337 369 502
839 2 2 0 1 381 335 502
840 2 2 0 1 46 429 504
841 2 2 0 1 186 45 504
842 2 2 0 1 334 419 505
843 2 2 0 1 200 459 499
844 2 2 0 1 19 20 490
845 2 2 0 1 48 49 507
846 2 2 0 1 445 199 528
847 2 2 0 1 425 463 533
848 2 2 0 1 449 440 508
849 2 2 0 1 313 417 510
850 2 2 0 1 179 412 511
851 2 2 0 1 71 191 509
852 2 2 0 1 297 313 510
853 2 2 0 1 489 195 493
854 2 2 0 1 194 498 514
855 2 2 0 1 195 12 506
856 2 2 0 1 351 470 510
857 2 2 0 1 13 14 513
858 2 2 0 1 188 21 512
859 2 2 0 1 486 70 509
860 2 2 0 1 355 356 491
861 2 2 0 1 344 371 514
862 2 2 0 1 412 198 491
863 2 2 0 1 381 180 529
864 2 2 0 1 491 198 492
865 2 2 0 1 350 388 515
866 2 2 0 1 193 32 517
867 2 2 0 1 198 413 492
868 2 2 0 1 430 325 543
869 2 2 0 1 215 213 493
870 2 2 0 1 23 197 518
871 2 2 0 1 216 218 522
872 2 2 0 1 485 391 552
873 2 2 0 1 351 510 519
874 2 2 0 1 191 383 539
875 2 2 0 1 365 331 494
876 2 2 0 1 213 489 493
877 2 2 0 1 487 437 508
878 2 2 0 1 206 485 552
879 2 2 0 1 416 415 544
880 2 2 0 1 214 370 527
881 2 2 0 1 180 82 529
882 2 2 0 1 49 50 531
883 2 2 0 1 88 89 495
884 2 2 0 1 408 379 534
885 2 2 0 1 208 481 520
886 2 2 0 1 481 62 520
887 2 2 0 1 16 17 536
888 2 2 0 1 402 401 539
889 2 2 0 1 187 15 537
890 2 2 0 1 463 466 533
891 2 2 0 1 403 488 498
892 2 2 0 1 392 368 497
893 2 2 0 1 375 359 538
894 2 2 0 1 383 367 539
895 2 2 0 1 361 378 538
896 2 2 0 1 76 77 540
897 2 2 0 1 347 345 498
898 2 2 0 1 204 30 548
899 2 2 0 1 328 487 508
900 2 2 0 1 342 473 501
901 2 2 0 1 31 193 548
902 2 2 0 1 84 185 550
903 2 2 0 1 396 485 521
904 2 2 0 1 63 64 552
905 2 2 0 1 415 182 544
906 2 2 0 1 528 199 549
907 2 2 0 1 42 43 544
908 2 2 0 1 325 324 543
909 2 2 0 1 499 459 526
910 2 2 0 1 348 349 499
911 2 2 0 1 485 206 521
912 2 2 0 1 341 332 500
913 2 2 0 1 488 347 498
914 2 2 0 1 494 195 506
915 2 2 0 1 335 337 502
916 2 2 0 1 33 34 503
917 2 2 0 1 186 417 516
918 2 2 0 1 45 46 504
919 2 2 0 1 357 472 545
920 2 2 0 1 444 369 549
921 2 2 0 1 411 334 505
922 2 2 0 1 382 381 529
923 2 2 0 1 218 449 535
924 2 2 0 1 43 44 516
925 2 2 0 1 363 351 519
926 2 2 0 1 12 13 506
927 2 2 0 1 514 371 531
928 2 2 0 1 498 345 514
929 2 2 0 1 189 75 532
930 2 2 0 1 452 464 525
931 2 2 0 1 354 365 524
932 2 2 0 1 190 48 507
933 2 2 0 1 181 394 547
934 2 2 0 1 440 328 508
935 2 2 0 1 44 186 516
936 2 2 0 1 33 503 517
937 2 2 0 1 449 508 535
938 2 2 0 1 70 71 509
939 2 2 0 1 341 500 528
940 2 2 0 1 470 297 510
941 2 2 0 1 428 179 511
942 2 2 0 1 348 499 526
943 2 2 0 1 382 529 550
944 2 2 0 1 364 377 547
945 2 2 0 1 21 22 512
946 2 2 0 1 525 464 541
947 2 2 0 1 14 187 513
948 2 2 0 1 417 186 519
949 2 2 0 1 510 417 519
950 2 2 0 1 388 354 524
951 2 2 0 1 190 507 523
952 2 2 0 1 199 444 549
953 2 2 0 1 345 344 514
954 2 2 0 1 459 196 526
955 2 2 0 1 356 452 525
956 2 2 0 1 512 22 518
957 2 2 0 1 515 187 537
958 2 2 0 1 417 416 516
959 2 2 0 1 377 350 515
960 2 2 0 1 398 396 521
961 2 2 0 1 32 33 517
962 2 2 0 1 365 494 506
963 2 2 0 1 463 425 551
964 2 2 0 1 464 293 541
965 2 2 0 1 391 208 520
966 2 2 0 1 505 189 532
967 2 2 0 1 22 23 518
968 2 2 0 1 59 60 496
969 2 2 0 1 523 357 545
970 2 2 0 1 62 63 520
971 2 2 0 1 370 216 522
972 2 2 0 1 206 458 521
973 2 2 0 1 430 190 523
974 2 2 0 1 75 76 532
975 2 2 0 1 526 196 546
976 2 2 0 1 541 293 551
977 2 2 0 1 212 214 527
978 2 2 0 1 372 348 526
979 2 2 0 1 386 341 528
980 2 2 0 1 82 83 529
981 2 2 0 1 365 513 524
982 2 2 0 1 50 194 531
983 2 2 0 1 362 408 534
984 2 2 0 1 325 430 545
985 2 2 0 1 466 376 533
986 2 2 0 1 437 436 535
987 2 2 0 1 17 181 536
988 2 2 0 1 428 525 541
989 2 2 0 1 194 514 531
990 2 2 0 1 15 16 537
991 2 2 0 1 508 437 535
992 2 2 0 1 372 526 546
993 2 2 0 1 293 463 551
994 2 2 0 1 362 534 542
995 2 2 0 1 359 361 538
996 2 2 0 1 529 83 550
997 2 2 0 1 386 528 549
998 2 2 0 1 367 402 539
999 2 2 0 1 77 183 540
1000 2 2 0 1 426 428 541
1001 2 2 0 1 196 486 546
1002 2 2 0 1 394 364 547
1003 2 2 0 1 374 362 542
1004 2 2 0 1 486 400 546
1005 2 2 0 1 324 363 543
1006 2 2 0 1 182 42 544
1007 2 2 0 1 426 541 551
1008 2 2 0 1 511 356 525
1009 2 2 0 1 472 325 545
1010 2 2 0 1 377 536 547
1011 2 2 0 1 400 372 546
1012 2 2 0 1 30 31 548
1013 2 2 0 1 369 386 549
1014 2 2 0 1 425 426 551
1015 2 2 0 1 83 84 550
1016 2 2 0 1 64 206 552
1017 2 2 0 1 428 511 525
1018 2 2 0 1 513 187 524
1019 2 2 0 1 411 505 532
1020 2 2 0 1 377 515 537
1021 2 2 0 1 430 523 545
1022 2 2 0 1 536 181 547
1023 2 2 0 11 4 1 93
1024 2 2 0 11 1 7 93
1025 2 2 0 11 93 7 8
1026 2 2 0 11 93 8 94
1027 2 2 0 11 94 8 9
1028 2 2 0 11 94 9 95
1029 2 2 0 11 95 9 10
1030 2 2 0 11 95 10 96
1031 2 2 0 11 96 10 11
1032 2 2 0 11 96 11 97
1033 2 2 0 11 97 11 12
1034 2 2 0 11 97 12 98
1035 2 2 0 11 98 12 13
1036 2 2 0 11 98 13 99
1037 2 2 0 11 99 13 14
1038 2 2 0 11 99 14 100
1039 2 2 0 11 100 14 15
1040 2 2 0 11 100 15 101
1041 2 2 0 11 101 15 16
1042 2 2 0 11 101 16 102
1043 2 2 0 11 102 16 17
1044 2 2 0 11 102 17 103
1045 2 2 0 11 103 17 18
1046 2 2 0 11 103 18 104
1047 2 2 0 11 104 18 19
1048 2 2 0 11 104 19 105
1049 2 2 0 11 105 19 20
1050 2 2 0 11 105 20 106
1051 2 2 0 11 106 20 21
1052 2 2 0 11 106 21 107
1053 2 2 0 11 107 21 22
1054 2 2 0 11 107 22 108
1055 2 2 0 11 108 22 23
1056 2 2 0 11 108 23 109
1057 2 2 0 11 109 23 24
1058 2 2 0 11 109 24 110
1059 2 2 0 11 110 24 25
1060 2 2 0 11 110 25 111
1061 2 2 0 11 111 25 26
1062 2 2 0 11 111 26 112
1063 2 2 0 11 112 26 27
1064 2 2 0 11 112 27 113
1065 2 2 0 11 113 27 5
1066 2 2 0 11 27 2 5
1067 2 2 0 15 5 2 28
1068 2 2 0 15 5 28 114
1069 2 2 0 15 114 28 29
1070 2 2 0 15 114 29 115
1071 2 2 0 15 115 29 30
1072 2 2 0 15 115 30 116
1073 2 2 0 15 116 30 31
1074 2 2 0 15 116 31 117
1075 2 2 0 15 117 31 32
1076 2 2 0 15 117 32 118
1077 2 2 0 15 118 32 33
1078 2 2 0 15 118 33 119
1079 2 2 0 15 119 33 34
1080 2 2 0 15 119 34 120
1081 2 2 0 15 120 34 35
1082 2 2 0 15 120 35 121
1083 2 2 0 15 121 35 36
1084 2 2 0 15 121 36 122
1085 2 2 0 15 122 36 37
1086 2 2 0 15 122 37 123
1087 2 2 0 15 123 37 38
1088 2 2 0 15 123 38 124
1089 2 2 0 15 124 38 39
1090 2 2 0 15 124 39 125
1091 2 2 0 15 125 39 40
1092 2 2 0 15 125 40 126
1093 2 2 0 15 126 40 41
1094 2 2 0 15 126 41 127
1095 2 2 0 15 127 41 42
1096 2 2 0 15 127 42 128
1097 2 2 0 15 128 42 43
1098 2 2 0 15 128 43 129
1099 2 2 0 15 129 43 44
1100 2 2 0 15 129 44 130
1101 2 2 0 15 130 44 45
1102 2 2 0 15 130 45 131
1103 2 2 0 15 131 45 46
1104 2 2 0 15 131 46 132
1105 2 2 0 15 132 46 47
1106 2 2 0 15 132 47 133
1107 2 2 0 15 133 47 48
1108 2 2 0 15 133 48 134
1109 2 2 0 15 134 48 49
1110 2 2 0 15 134 49 135
1111 2 2 0 15 135 49 50
1112 2 2 0 15 135 50 136
1113 2 2 0 15 136 50 51
1114 2 2 0 15 136 51 137
1115 2 2 0 15 137 51 52
1116 2 2 0 15 137 52 138
1117 2 2 0 15 138 52 53
1118 2 2 0 15 138 53 139
1119 2 2 0 15 139 53 54
1120 2 2 0 15 139 54 140
1121 2 2 0 15 140 54 55
1122 2 2 0 15 140 55 141
1123 2 2 0 15 141 55 56
1124 2 2 0 15 141 56 142
1125 2 2 0 15 142 56 57
1126 2 2 0 15 142 57 143
1127 2 2 0 15 143 57 58
1128 2 2 0 15 143 58 144
1129 2 2 0 15 144 58 59
1130 2 2 0 15 144 59 145
1131 2 2 0 15 145 59 3
1132 2 2 0 15 145 3 6
1133 2 2 0 19 6 3 60
1134 2 2 0 19 6 60 146
1135 2 2 0 19 146 60 61
1136 2 2 0 19 146 61 147
1137 2 2 0 19 147 61 62
1138 2 2 0 19 147 62 148
1139 2 2 0 19 148 62 63
1140 2 2 0 19 148 63 149
1141 2 2 0 19 149 63 64
1142 2 2 0 19 149 64 150
1143 2 2 0 19 150 64 65
1144 2 2 0 19 150 65 151
1145 2 2 0 19 151 65 66
1146 2 2 0 19 151 66 152
1147 2 2 0 19 152 66 67
1148 2 2 0 19 152 67 153
1149 2 2 0 19 153 67 68
1150 2 2 0 19 153 68 154
1151 2 2 0 19 154 68 69
1152 2 2 0 19 154 69 155
1153 2 2 0 19 155 69 70
1154 2 2 0 19 155 70 156
1155 2 2 0 19 156 70 71
1156 2 2 0 19 156 71 157
1157 2 2 0 19 157 71 72
1158 2 2 0 19 157 72 158
1159 2 2 0 19 158 72 73
1160 2 2 0 19 158 73 159
1161 2 2 0 19 159 73 74
1162 2 2 0 19 159 74 160
1163 2 2 0 19 160 74 75
1164 2 2 0 19 160 75 161
1165 2 2 0 19 161 75 76
1166 2 2 0 19 161 76 162
1167 2 2 0 19 162 76 77
1168 2 2 0 19 162 77 163
1169 2 2 0 19 163 77 78
1170 2 2 0 19 163 78 164
1171 2 2 0 19 164 78 79
1172 2 2 0 19 164 79 165
1173 2 2 0 19 165 79 80
1174 2 2 0 19 165 80 166
1175 2 2 0 19 166 80 81
1176 2 2 0 19 166 81 167
1177 2 2 0 19 167 81 82
1178 2 2 0 19 167 82 168
1179 2 2 0 19 168 82 83
1180 2 2 0 19 168 83 169
1181 2 2 0 19 169 83 84
1182 2 2 0 19 169 84 170
1183 2 2 0 19 170 84 85
1184 2 2 0 19 170 85 171
1185 2 2 0 19 171 85 86
1186 2 2 0 19 171 86 172
1187 2 2 0 19 172 86 87
1188 2 2 0 19 172 87 173
1189 2 2 0 19 173 87 88
1190 2 2 0 19 173 88 174
1191 2 2 0 19 174 88 89
1192 2 2 0 19 174 89 175
1193 2 2 0 19 175 89 90
1194 2 2 0 19 175 90 176
1195 2 2 0 19 176 90 91
1196 2 2 0 19 176 91 177
1197 2 2 0 19 177 91 92
1198 2 2 0 19 177 92 178
1199 2 2 0 19 178 92 1
1200 2 2 0 19 178 1 4
1201 2 2 0 20 768 555 854
1202 2 2 0 20 732 768 854
1203 2 2 0 20 677 701 789
1204 2 2 0 20 772 574 873
1205 2 2 0 20 566 744 896
1206 2 2 0 20 574 772 832
1207 2 2 0 20 6 146 145
1208 2 2 0 20 744 566 869
1209 2 2 0 20 158 159 757
1210 2 2 0 20 732 854 864
1211 2 2 0 20 176 177 754
1212 2 2 0 20 747 732 864
1213 2 2 0 20 562 740 875
1214 2 2 0 20 558 750 877
1215 2 2 0 20 750 558 907
1216 2 2 0 20 701 788 789
1217 2 2 0 20 740 562 886
1218 2 2 0 20 93 94 583
1219 2 2 0 20 756 559 796
1220 2 2 0 20 583 94 585
1221 2 2 0 20 881 135 905
1222 2 2 0 20 745 881 905
1223 2 2 0 20 745 731 881
1224 2 2 0 20 881 731 897
1225 2 2 0 20 687 677 789
1226 2 2 0 20 743 818 876
1227 2 2 0 20 878 737 893
1228 2 2 0 20 115 578 584
1229 2 2 0 20 560 878 893
1230 2 2 0 20 750 749 877
1231 2 2 0 20 575 176 754
1232 2 2 0 20 877 749 891
1233 2 2 0 20 775 774 860
1234 2 2 0 20 757 159 758
1235 2 2 0 20 581 112 584
1236 2 2 0 20 748 578 752
1237 2 2 0 20 562 747 864
1238 2 2 0 20 557 784 914
1239 2 2 0 20 177 583 754
1240 2 2 0 20 775 860 883
1241 2 2 0 20 818 554 876
1242 2 2 0 20 565 158 757
1243 2 2 0 20 747 562 875
1244 2 2 0 20 575 744 869
1245 2 2 0 20 740 886 892
1246 2 2 0 20 113 114 584
1247 2 2 0 20 753 740 892
1248 2 2 0 20 803 737 878
1249 2 2 0 20 784 557 874
1250 2 2 0 20 737 803 917
1251 2 2 0 20 178 93 583
1252 2 2 0 20 744 575 901
1253 2 2 0 20 673 792 853
1254 2 2 0 20 114 115 584
1255 2 2 0 20 112 113 584
1256 2 2 0 20 723 772 873
1257 2 2 0 20 95 579 585
1258 2 2 0 20 578 748 904
1259 2 2 0 20 565 775 883
1260 2 2 0 20 114 113 5
1261 2 2 0 20 94 95 585
1262 2 2 0 20 559 756 924
1263 2 2 0 20 796 559 861
1264 2 2 0 20 775 565 913
1265 2 2 0 20 889 762 898
1266 2 2 0 20 592 810 896
1267 2 2 0 20 793 871 879
1268 2 2 0 20 581 904 916
1269 2 2 0 20 810 592 909
1270 2 2 0 20 788 701 792
1271 2 2 0 20 792 701 853
1272 2 2 0 20 673 729 792
1273 2 2 0 20 723 771 772
1274 2 2 0 20 147 855 870
1275 2 2 0 20 751 102 910
1276 2 2 0 20 771 723 862
1277 2 2 0 20 855 144 870
1278 2 2 0 20 102 751 911
1279 2 2 0 20 178 4 93
1280 2 2 0 20 561 889 898
1281 2 2 0 20 805 867 868
1282 2 2 0 20 585 586 754
1283 2 2 0 20 585 579 586
1284 2 2 0 20 584 578 904
1285 2 2 0 20 749 567 891
1286 2 2 0 20 810 566 896
1287 2 2 0 20 129 790 918
1288 2 2 0 20 583 585 754
1289 2 2 0 20 557 819 874
1290 2 2 0 20 790 129 890
1291 2 2 0 20 567 749 912
1292 2 2 0 20 144 145 870
1293 2 2 0 20 160 563 758
1294 2 2 0 20 581 584 904
1295 2 2 0 20 785 162 914
1296 2 2 0 20 786 865 885
1297 2 2 0 20 146 147 870
1298 2 2 0 20 880 99 887
1299 2 2 0 20 871 563 879
1300 2 2 0 20 571 836 908
1301 2 2 0 20 687 789 790
1302 2 2 0 20 908 836 916
1303 2 2 0 20 159 160 758
1304 2 2 0 20 784 785 914
1305 2 2 0 20 874 819 902
1306 2 2 0 20 723 721 862
1307 2 2 0 20 754 586 901
1308 2 2 0 20 867 569 868
1309 2 2 0 20 162 785 906
1310 2 2 0 20 792 729 866
1311 2 2 0 20 765 149 926
1312 2 2 0 20 729 865 866
1313 2 2 0 20 586 579 587
1314 2 2 0 20 904 748 916
1315 2 2 0 20 742 757 758
1316 2 2 0 20 726 690 759
1317 2 2 0 20 687 790 791
1318 2 2 0 20 669 656 783
1319 2 2 0 20 702 796 861
1320 2 2 0 20 707 715 852
1321 2 2 0 20 836 581 916
1322 2 2 0 20 726 759 783
1323 2 2 0 20 716 689 847
1324 2 2 0 20 715 760 852
1325 2 2 0 20 865 730 885
1326 2 2 0 20 689 759 849
1327 2 2 0 20 759 669 783
1328 2 2 0 20 847 689 849
1329 2 2 0 20 759 690 849
1330 2 2 0 20 656 654 783
1331 2 2 0 20 761 714 842
1332 2 2 0 20 575 754 901
1333 2 2 0 20 586 587 588
1334 2 2 0 20 654 644 856
1335 2 2 0 20 147 148 855
1336 2 2 0 20 781 780 851
1337 2 2 0 20 767 761 842
1338 2 2 0 20 728 762 763
1339 2 2 0 20 736 734 782
1340 2 2 0 20 762 691 763
1341 2 2 0 20 617 767 807
1342 2 2 0 20 807 767 842
1343 2 2 0 20 609 781 851
1344 2 2 0 20 617 618 841
1345 2 2 0 20 761 707 852
1346 2 2 0 20 616 612 813
1347 2 2 0 20 674 766 793
1348 2 2 0 20 734 666 831
1349 2 2 0 20 767 617 841
1350 2 2 0 20 680 681 776
1351 2 2 0 20 686 774 775
1352 2 2 0 20 686 773 774
1353 2 2 0 20 741 680 776
1354 2 2 0 20 771 770 772
1355 2 2 0 20 577 141 764
1356 2 2 0 20 766 674 797
1357 2 2 0 20 769 577 770
1358 2 2 0 20 769 770 771
1359 2 2 0 20 763 691 817
1360 2 2 0 20 764 582 765
1361 2 2 0 20 783 654 856
1362 2 2 0 20 686 683 773
1363 2 2 0 20 782 734 831
1364 2 2 0 20 800 801 802
1365 2 2 0 20 612 610 813
1366 2 2 0 20 140 577 769
1367 2 2 0 20 714 761 852
1368 2 2 0 20 808 616 813
1369 2 2 0 20 780 778 808
1370 2 2 0 20 778 640 808
1371 2 2 0 20 683 685 773
1372 2 2 0 20 817 795 825
1373 2 2 0 20 588 587 589
1374 2 2 0 20 646 668 794
1375 2 2 0 20 138 576 777
1376 2 2 0 20 142 582 764
1377 2 2 0 20 681 686 776
1378 2 2 0 20 576 769 771
1379 2 2 0 20 763 817 825
1380 2 2 0 20 738 768 794
1381 2 2 0 20 115 116 578
1382 2 2 0 20 142 143 582
1383 2 2 0 20 800 798 801
1384 2 2 0 20 621 806 820
1385 2 2 0 20 666 661 831
1386 2 2 0 20 674 633 797
1387 2 2 0 20 798 122 801
1388 2 2 0 20 780 813 851
1389 2 2 0 20 720 722 746
1390 2 2 0 20 661 656 669
1391 2 2 0 20 661 669 670
1392 2 2 0 20 621 622 806
1393 2 2 0 20 576 139 769
1394 2 2 0 20 803 564 804
1395 2 2 0 20 648 646 794
1396 2 2 0 20 668 738 794
1397 2 2 0 20 784 708 785
1398 2 2 0 20 618 621 841
1399 2 2 0 20 670 689 716
1400 2 2 0 20 140 141 577
1401 2 2 0 20 692 766 797
1402 2 2 0 20 717 716 740
1403 2 2 0 20 735 734 736
1404 2 2 0 20 670 669 689
1405 2 2 0 20 125 572 786
1406 2 2 0 20 658 692 797
1407 2 2 0 20 117 118 567
1408 2 2 0 20 694 708 784
1409 2 2 0 20 133 564 803
1410 2 2 0 20 572 126 787
1411 2 2 0 20 644 642 657
1412 2 2 0 20 773 746 774
1413 2 2 0 20 568 137 777
1414 2 2 0 20 558 798 799
1415 2 2 0 20 720 721 722
1416 2 2 0 20 686 775 776
1417 2 2 0 20 660 656 661
1418 2 2 0 20 742 741 757
1419 2 2 0 20 692 680 741
1420 2 2 0 20 801 553 802
1421 2 2 0 20 138 139 576
1422 2 2 0 20 780 808 813
1423 2 2 0 20 685 720 773
1424 2 2 0 20 692 741 742
1425 2 2 0 20 658 680 692
1426 2 2 0 20 733 666 734
1427 2 2 0 20 141 142 764
1428 2 2 0 20 635 633 674
1429 2 2 0 20 177 178 583
1430 2 2 0 20 717 740 753
1431 2 2 0 20 642 640 778
1432 2 2 0 20 787 556 788
1433 2 2 0 20 658 659 680
1434 2 2 0 20 635 674 675
1435 2 2 0 20 694 675 708
1436 2 2 0 20 856 657 858
1437 2 2 0 20 629 633 635
1438 2 2 0 20 668 691 724
1439 2 2 0 20 815 842 850
1440 2 2 0 20 136 137 568
1441 2 2 0 20 139 140 769
1442 2 2 0 20 799 798 800
1443 2 2 0 20 732 703 768
1444 2 2 0 20 670 716 717
1445 2 2 0 20 599 597 795
1446 2 2 0 20 657 778 779
1447 2 2 0 20 738 724 751
1448 2 2 0 20 704 703 732
1449 2 2 0 20 640 626 808
1450 2 2 0 20 779 780 781
1451 2 2 0 20 646 645 668
1452 2 2 0 20 632 631 645
1453 2 2 0 20 706 694 784
1454 2 2 0 20 702 678 796
1455 2 2 0 20 558 121 798
1456 2 2 0 20 685 719 720
1457 2 2 0 20 643 642 644
1458 2 2 0 20 602 599 795
1459 2 2 0 20 624 602 631
1460 2 2 0 20 123 553 801
1461 2 2 0 20 553 124 786
1462 2 2 0 20 681 683 686
1463 2 2 0 20 650 648 703
1464 2 2 0 20 724 691 762
1465 2 2 0 20 668 645 691
1466 2 2 0 20 655 654 656
1467 2 2 0 20 693 675 694
1468 2 2 0 20 788 556 789
1469 2 2 0 20 591 589 805
1470 2 2 0 20 631 602 795
1471 2 2 0 20 120 121 558
1472 2 2 0 20 622 629 806
1473 2 2 0 20 133 134 564
1474 2 2 0 20 695 694 706
1475 2 2 0 20 634 637 658
1476 2 2 0 20 653 644 654
1477 2 2 0 20 623 608 815
1478 2 2 0 20 641 640 642
1479 2 2 0 20 137 138 777
1480 2 2 0 20 629 630 633
1481 2 2 0 20 728 705 739
1482 2 2 0 20 123 124 553
1483 2 2 0 20 633 634 797
1484 2 2 0 20 127 556 787
1485 2 2 0 20 691 645 817
1486 2 2 0 20 132 133 803
1487 2 2 0 20 704 732 747
1488 2 2 0 20 634 658 797
1489 2 2 0 20 631 795 817
1490 2 2 0 20 675 674 793
1491 2 2 0 20 707 706 715
1492 2 2 0 20 809 566 810
1493 2 2 0 20 596 598 814
1494 2 2 0 20 125 126 572
1495 2 2 0 20 720 746 773
1496 2 2 0 20 668 724 738
1497 2 2 0 20 626 616 808
1498 2 2 0 20 632 645 646
1499 2 2 0 20 781 609 848
1500 2 2 0 20 624 631 632
1501 2 2 0 20 559 171 812
1502 2 2 0 20 665 594 705
1503 2 2 0 20 680 659 681
1504 2 2 0 20 657 642 778
1505 2 2 0 20 175 176 575
1506 2 2 0 20 613 617 807
1507 2 2 0 20 173 566 809
1508 2 2 0 20 130 131 560
1509 2 2 0 20 127 128 556
1510 2 2 0 20 708 675 793
1511 2 2 0 20 608 611 815
1512 2 2 0 20 665 705 728
1513 2 2 0 20 722 721 723
1514 2 2 0 20 703 648 794
1515 2 2 0 20 598 663 814
1516 2 2 0 20 622 628 629
1517 2 2 0 20 650 703 704
1518 2 2 0 20 779 778 780
1519 2 2 0 20 695 706 707
1520 2 2 0 20 678 688 796
1521 2 2 0 20 693 694 695
1522 2 2 0 20 635 693 806
1523 2 2 0 20 121 122 798
1524 2 2 0 20 594 591 805
1525 2 2 0 20 658 637 659
1526 2 2 0 20 635 675 693
1527 2 2 0 20 122 123 801
1528 2 2 0 20 689 669 759
1529 2 2 0 20 124 125 786
1530 2 2 0 20 660 661 666
1531 2 2 0 20 126 127 787
1532 2 2 0 20 705 594 805
1533 2 2 0 20 173 174 566
1534 2 2 0 20 611 807 815
1535 2 2 0 20 663 702 814
1536 2 2 0 20 688 756 796
1537 2 2 0 20 663 678 702
1538 2 2 0 20 171 172 812
1539 2 2 0 20 735 736 748
1540 2 2 0 20 588 589 590
1541 2 2 0 20 639 626 640
1542 2 2 0 20 633 630 634
1543 2 2 0 20 618 620 621
1544 2 2 0 20 688 755 756
1545 2 2 0 20 692 742 766
1546 2 2 0 20 613 615 617
1547 2 2 0 20 611 613 807
1548 2 2 0 20 711 713 743
1549 2 2 0 20 629 635 806
1550 2 2 0 20 593 591 594
1551 2 2 0 20 606 623 816
1552 2 2 0 20 172 173 809
1553 2 2 0 20 720 719 721
1554 2 2 0 20 604 816 827
1555 2 2 0 20 768 703 794
1556 2 2 0 20 688 709 755
1557 2 2 0 20 629 628 630
1558 2 2 0 20 733 734 735
1559 2 2 0 20 604 606 816
1560 2 2 0 20 606 608 623
1561 2 2 0 20 809 810 811
1562 2 2 0 20 172 809 812
1563 2 2 0 20 170 171 559
1564 2 2 0 20 595 594 665
1565 2 2 0 20 678 679 688
1566 2 2 0 20 590 589 591
1567 2 2 0 20 643 644 653
1568 2 2 0 20 743 713 760
1569 2 2 0 20 641 642 643
1570 2 2 0 20 647 646 648
1571 2 2 0 20 677 652 700
1572 2 2 0 20 603 602 624
1573 2 2 0 20 727 707 761
1574 2 2 0 20 655 656 660
1575 2 2 0 20 649 648 650
1576 2 2 0 20 688 679 709
1577 2 2 0 20 645 631 817
1578 2 2 0 20 621 620 622
1579 2 2 0 20 617 615 618
1580 2 2 0 20 609 605 822
1581 2 2 0 20 639 640 641
1582 2 2 0 20 653 654 655
1583 2 2 0 20 598 600 663
1584 2 2 0 20 665 728 763
1585 2 2 0 20 663 664 678
1586 2 2 0 20 842 714 850
1587 2 2 0 20 592 591 593
1588 2 2 0 20 795 597 825
1589 2 2 0 20 809 811 812
1590 2 2 0 20 601 599 602
1591 2 2 0 20 100 101 561
1592 2 2 0 20 593 594 595
1593 2 2 0 20 607 605 609
1594 2 2 0 20 590 591 592
1595 2 2 0 20 678 664 679
1596 2 2 0 20 711 712 713
1597 2 2 0 20 709 710 711
1598 2 2 0 20 681 682 683
1599 2 2 0 20 695 707 727
1600 2 2 0 20 634 636 637
1601 2 2 0 20 690 650 849
1602 2 2 0 20 97 98 569
1603 2 2 0 20 167 168 554
1604 2 2 0 20 632 646 647
1605 2 2 0 20 700 652 824
1606 2 2 0 20 662 699 829
1607 2 2 0 20 166 167 818
1608 2 2 0 20 677 700 701
1609 2 2 0 20 709 679 710
1610 2 2 0 20 165 166 573
1611 2 2 0 20 727 761 767
1612 2 2 0 20 588 590 744
1613 2 2 0 20 596 814 823
1614 2 2 0 20 164 165 819
1615 2 2 0 20 663 600 664
1616 2 2 0 20 608 610 611
1617 2 2 0 20 806 693 820
1618 2 2 0 20 163 164 557
1619 2 2 0 20 711 710 712
1620 2 2 0 20 621 820 841
1621 2 2 0 20 611 612 613
1622 2 2 0 20 604 605 606
1623 2 2 0 20 95 96 579
1624 2 2 0 20 713 712 714
1625 2 2 0 20 618 619 620
1626 2 2 0 20 662 698 699
1627 2 2 0 20 606 607 608
1628 2 2 0 20 622 627 628
1629 2 2 0 20 160 161 563
1630 2 2 0 20 613 614 615
1631 2 2 0 20 592 593 823
1632 2 2 0 20 595 665 825
1633 2 2 0 20 593 595 596
1634 2 2 0 20 601 603 604
1635 2 2 0 20 661 670 831
1636 2 2 0 20 634 630 636
1637 2 2 0 20 647 648 649
1638 2 2 0 20 601 602 603
1639 2 2 0 20 683 684 685
1640 2 2 0 20 625 638 828
1641 2 2 0 20 638 672 673
1642 2 2 0 20 603 624 822
1643 2 2 0 20 103 104 555
1644 2 2 0 20 624 632 821
1645 2 2 0 20 598 599 600
1646 2 2 0 20 681 659 682
1647 2 2 0 20 693 695 820
1648 2 2 0 20 157 158 565
1649 2 2 0 20 604 603 605
1650 2 2 0 20 596 597 598
1651 2 2 0 20 593 596 823
1652 2 2 0 20 685 718 719
1653 2 2 0 20 827 816 835
1654 2 2 0 20 729 672 730
1655 2 2 0 20 614 612 616
1656 2 2 0 20 638 626 639
1657 2 2 0 20 625 616 626
1658 2 2 0 20 665 763 825
1659 2 2 0 20 167 554 818
1660 2 2 0 20 618 615 619
1661 2 2 0 20 596 595 597
1662 2 2 0 20 622 620 627
1663 2 2 0 20 611 610 612
1664 2 2 0 20 649 650 690
1665 2 2 0 20 695 727 820
1666 2 2 0 20 664 600 827
1667 2 2 0 20 638 673 828
1668 2 2 0 20 605 603 822
1669 2 2 0 20 573 166 818
1670 2 2 0 20 651 627 652
1671 2 2 0 20 606 605 607
1672 2 2 0 20 671 652 677
1673 2 2 0 20 608 607 610
1674 2 2 0 20 600 599 601
1675 2 2 0 20 639 641 826
1676 2 2 0 20 613 612 614
1677 2 2 0 20 165 573 819
1678 2 2 0 20 598 597 599
1679 2 2 0 20 717 753 782
1680 2 2 0 20 601 604 827
1681 2 2 0 20 673 672 729
1682 2 2 0 20 620 619 824
1683 2 2 0 20 628 627 651
1684 2 2 0 20 632 647 821
1685 2 2 0 20 154 155 570
1686 2 2 0 20 557 164 819
1687 2 2 0 20 676 666 733
1688 2 2 0 20 582 143 855
1689 2 2 0 20 710 679 835
1690 2 2 0 20 637 636 662
1691 2 2 0 20 614 616 625
1692 2 2 0 20 625 626 638
1693 2 2 0 20 638 639 672
1694 2 2 0 20 597 595 825
1695 2 2 0 20 679 664 835
1696 2 2 0 20 106 107 562
1697 2 2 0 20 671 677 687
1698 2 2 0 20 600 601 827
1699 2 2 0 20 651 652 671
1700 2 2 0 20 662 636 697
1701 2 2 0 20 698 697 725
1702 2 2 0 20 153 154 833
1703 2 2 0 20 627 620 824
1704 2 2 0 20 649 690 696
1705 2 2 0 20 659 637 829
1706 2 2 0 20 624 821 822
1707 2 2 0 20 630 628 830
1708 2 2 0 20 730 672 826
1709 2 2 0 20 672 639 826
1710 2 2 0 20 683 682 684
1711 2 2 0 20 698 725 737
1712 2 2 0 20 664 827 835
1713 2 2 0 20 643 653 667
1714 2 2 0 20 662 697 698
1715 2 2 0 20 696 690 726
1716 2 2 0 20 670 717 831
1717 2 2 0 20 152 153 574
1718 2 2 0 20 609 822 848
1719 2 2 0 20 628 651 830
1720 2 2 0 20 625 828 834
1721 2 2 0 20 615 614 834
1722 2 2 0 20 619 615 834
1723 2 2 0 20 636 630 830
1724 2 2 0 20 652 627 824
1725 2 2 0 20 770 577 859
1726 2 2 0 20 685 684 718
1727 2 2 0 20 718 684 731
1728 2 2 0 20 151 152 832
1729 2 2 0 20 637 662 829
1730 2 2 0 20 682 659 829
1731 2 2 0 20 710 835 843
1732 2 2 0 20 816 623 843
1733 2 2 0 20 676 749 750
1734 2 2 0 20 718 731 745
1735 2 2 0 20 660 666 676
1736 2 2 0 20 109 110 571
1737 2 2 0 20 150 151 580
1738 2 2 0 20 830 651 844
1739 2 2 0 20 653 655 837
1740 2 2 0 20 614 625 834
1741 2 2 0 20 623 815 850
1742 2 2 0 20 697 636 830
1743 2 2 0 20 641 643 838
1744 2 2 0 20 727 767 841
1745 2 2 0 20 820 727 841
1746 2 2 0 20 826 641 838
1747 2 2 0 20 676 733 749
1748 2 2 0 20 717 782 831
1749 2 2 0 20 644 657 856
1750 2 2 0 20 735 748 752
1751 2 2 0 20 739 880 887
1752 2 2 0 20 835 816 843
1753 2 2 0 20 650 704 849
1754 2 2 0 20 647 649 839
1755 2 2 0 20 779 781 857
1756 2 2 0 20 821 647 839
1757 2 2 0 20 619 834 845
1758 2 2 0 20 154 570 833
1759 2 2 0 20 649 696 839
1760 2 2 0 20 655 660 840
1761 2 2 0 20 110 111 836
1762 2 2 0 20 657 779 858
1763 2 2 0 20 643 667 838
1764 2 2 0 20 815 807 842
1765 2 2 0 20 697 830 844
1766 2 2 0 20 667 653 837
1767 2 2 0 20 704 747 847
1768 2 2 0 20 834 828 845
1769 2 2 0 20 712 710 843
1770 2 2 0 20 574 153 833
1771 2 2 0 20 651 671 844
1772 2 2 0 20 713 714 852
1773 2 2 0 20 843 623 850
1774 2 2 0 20 700 824 845
1775 2 2 0 20 822 821 848
1776 2 2 0 20 111 112 581
1777 2 2 0 20 725 697 844
1778 2 2 0 20 837 655 840
1779 2 2 0 20 824 619 845
1780 2 2 0 20 764 765 859
1781 2 2 0 20 813 610 851
1782 2 2 0 20 731 684 846
1783 2 2 0 20 152 574 832
1784 2 2 0 20 676 750 840
1785 2 2 0 20 660 676 840
1786 2 2 0 20 829 699 846
1787 2 2 0 20 610 607 851
1788 2 2 0 20 682 829 846
1789 2 2 0 20 684 682 846
1790 2 2 0 20 712 843 850
1791 2 2 0 20 580 151 832
1792 2 2 0 20 714 712 850
1793 2 2 0 20 701 700 853
1794 2 2 0 20 821 839 848
1795 2 2 0 20 779 857 858
1796 2 2 0 20 571 110 836
1797 2 2 0 20 607 609 851
1798 2 2 0 20 704 847 849
1799 2 2 0 20 760 713 852
1800 2 2 0 20 845 828 853
1801 2 2 0 20 555 104 854
1802 2 2 0 20 111 581 836
1803 2 2 0 20 700 845 853
1804 2 2 0 20 828 673 853
1805 2 2 0 20 726 856 858
1806 2 2 0 20 104 105 854
1807 2 2 0 20 726 783 856
1808 2 2 0 20 848 839 857
1809 2 2 0 20 570 155 860
1810 2 2 0 20 781 848 857
1811 2 2 0 20 143 144 855
1812 2 2 0 20 839 696 857
1813 2 2 0 20 857 696 858
1814 2 2 0 20 571 753 892
1815 2 2 0 20 696 726 858
1816 2 2 0 20 577 764 859
1817 2 2 0 20 812 811 861
1818 2 2 0 20 155 156 860
1819 2 2 0 20 758 563 871
1820 2 2 0 20 777 576 862
1821 2 2 0 20 832 772 895
1822 2 2 0 20 753 571 908
1823 2 2 0 20 587 579 863
1824 2 2 0 20 559 812 861
1825 2 2 0 20 752 567 912
1826 2 2 0 20 97 569 863
1827 2 2 0 20 579 96 863
1828 2 2 0 20 576 771 862
1829 2 2 0 20 149 765 894
1830 2 2 0 20 567 752 922
1831 2 2 0 20 106 562 864
1832 2 2 0 20 788 792 866
1833 2 2 0 20 854 105 864
1834 2 2 0 20 568 777 872
1835 2 2 0 20 742 758 871
1836 2 2 0 20 787 788 866
1837 2 2 0 20 558 799 907
1838 2 2 0 20 740 716 875
1839 2 2 0 20 554 755 876
1840 2 2 0 20 96 97 863
1841 2 2 0 20 805 589 867
1842 2 2 0 20 705 805 868
1843 2 2 0 20 793 766 871
1844 2 2 0 20 175 575 869
1845 2 2 0 20 566 174 869
1846 2 2 0 20 803 804 917
1847 2 2 0 20 706 784 874
1848 2 2 0 20 120 558 877
1849 2 2 0 20 847 747 875
1850 2 2 0 20 752 578 922
1851 2 2 0 20 711 743 876
1852 2 2 0 20 755 709 876
1853 2 2 0 20 132 803 878
1854 2 2 0 20 560 131 878
1855 2 2 0 20 708 793 879
1856 2 2 0 20 574 833 873
1857 2 2 0 20 105 106 864
1858 2 2 0 20 134 135 881
1859 2 2 0 20 819 573 902
1860 2 2 0 20 799 837 907
1861 2 2 0 20 823 814 882
1862 2 2 0 20 687 791 884
1863 2 2 0 20 553 786 885
1864 2 2 0 20 157 565 883
1865 2 2 0 20 671 687 884
1866 2 2 0 20 863 569 867
1867 2 2 0 20 568 872 888
1868 2 2 0 20 569 98 880
1869 2 2 0 20 725 844 884
1870 2 2 0 20 99 100 887
1871 2 2 0 20 562 107 886
1872 2 2 0 20 860 156 883
1873 2 2 0 20 729 730 865
1874 2 2 0 20 718 745 888
1875 2 2 0 20 786 572 865
1876 2 2 0 20 755 554 903
1877 2 2 0 20 865 572 866
1878 2 2 0 20 724 762 889
1879 2 2 0 20 567 118 891
1880 2 2 0 20 572 787 866
1881 2 2 0 20 804 699 917
1882 2 2 0 20 589 587 867
1883 2 2 0 20 109 571 892
1884 2 2 0 20 590 592 896
1885 2 2 0 20 859 765 926
1886 2 2 0 20 725 884 893
1887 2 2 0 20 565 757 913
1888 2 2 0 20 739 705 868
1889 2 2 0 20 587 863 867
1890 2 2 0 20 861 811 882
1891 2 2 0 20 580 859 926
1892 2 2 0 20 790 789 918
1893 2 2 0 20 588 744 901
1894 2 2 0 20 554 168 903
1895 2 2 0 20 135 136 905
1896 2 2 0 20 174 175 869
1897 2 2 0 20 782 753 908
1898 2 2 0 20 582 855 894
1899 2 2 0 20 855 148 894
1900 2 2 0 20 102 103 910
1901 2 2 0 20 776 775 913
1902 2 2 0 20 561 101 911
1903 2 2 0 20 837 840 907
1904 2 2 0 20 777 862 872
1905 2 2 0 20 766 742 871
1906 2 2 0 20 749 733 912
1907 2 2 0 20 757 741 913
1908 2 2 0 20 735 752 912
1909 2 2 0 20 162 163 914
1910 2 2 0 20 721 719 872
1911 2 2 0 20 578 116 922
1912 2 2 0 20 702 861 882
1913 2 2 0 20 716 847 875
1914 2 2 0 20 117 567 922
1915 2 2 0 20 170 559 924
1916 2 2 0 20 770 859 895
1917 2 2 0 20 149 150 926
1918 2 2 0 20 789 556 918
1919 2 2 0 20 902 573 923
1920 2 2 0 20 128 129 918
1921 2 2 0 20 699 698 917
1922 2 2 0 20 873 833 900
1923 2 2 0 20 722 723 873
1924 2 2 0 20 859 580 895
1925 2 2 0 20 715 706 874
1926 2 2 0 20 862 721 872
1927 2 2 0 20 868 569 880
1928 2 2 0 20 709 711 876
1929 2 2 0 20 119 120 877
1930 2 2 0 20 560 791 890
1931 2 2 0 20 131 132 878
1932 2 2 0 20 731 846 919
1933 2 2 0 20 818 743 923
1934 2 2 0 20 785 708 879
1935 2 2 0 20 756 755 903
1936 2 2 0 20 592 823 909
1937 2 2 0 20 129 130 890
1938 2 2 0 20 737 725 893
1939 2 2 0 20 98 99 880
1940 2 2 0 20 888 745 905
1941 2 2 0 20 872 719 888
1942 2 2 0 20 563 161 906
1943 2 2 0 20 826 838 899
1944 2 2 0 20 728 739 898
1945 2 2 0 20 564 134 881
1946 2 2 0 20 555 768 921
1947 2 2 0 20 814 702 882
1948 2 2 0 20 130 560 890
1949 2 2 0 20 119 877 891
1950 2 2 0 20 823 882 909
1951 2 2 0 20 156 157 883
1952 2 2 0 20 715 874 902
1953 2 2 0 20 844 671 884
1954 2 2 0 20 802 553 885
1955 2 2 0 20 722 873 900
1956 2 2 0 20 756 903 924
1957 2 2 0 20 738 751 921
1958 2 2 0 20 107 108 886
1959 2 2 0 20 899 838 915
1960 2 2 0 20 100 561 887
1961 2 2 0 20 791 560 893
1962 2 2 0 20 884 791 893
1963 2 2 0 20 762 728 898
1964 2 2 0 20 564 881 897
1965 2 2 0 20 573 818 923
1966 2 2 0 20 719 718 888
1967 2 2 0 20 833 570 900
1968 2 2 0 20 730 826 899
1969 2 2 0 20 886 108 892
1970 2 2 0 20 889 561 911
1971 2 2 0 20 791 790 890
1972 2 2 0 20 751 724 889
1973 2 2 0 20 772 770 895
1974 2 2 0 20 118 119 891
1975 2 2 0 20 739 868 880
1976 2 2 0 20 837 799 925
1977 2 2 0 20 838 667 915
1978 2 2 0 20 765 582 894
1979 2 2 0 20 879 563 906
1980 2 2 0 20 108 109 892
1981 2 2 0 20 145 146 870
1982 2 2 0 20 897 731 919
1983 2 2 0 20 148 149 894
1984 2 2 0 20 744 590 896
1985 2 2 0 20 580 832 895
1986 2 2 0 20 804 564 897
1987 2 2 0 20 161 162 906
1988 2 2 0 20 900 570 920
1989 2 2 0 20 915 667 925
1990 2 2 0 20 586 588 901
1991 2 2 0 20 746 722 900
1992 2 2 0 20 760 715 902
1993 2 2 0 20 168 169 903
1994 2 2 0 20 739 887 898
1995 2 2 0 20 136 568 905
1996 2 2 0 20 736 782 908
1997 2 2 0 20 699 804 919
1998 2 2 0 20 840 750 907
1999 2 2 0 20 811 810 909
2000 2 2 0 20 103 555 910
2001 2 2 0 20 802 899 915
2002 2 2 0 20 568 888 905
2003 2 2 0 20 101 102 911
2004 2 2 0 20 882 811 909
2005 2 2 0 20 746 900 920
2006 2 2 0 20 667 837 925
2007 2 2 0 20 736 908 916
2008 2 2 0 20 733 735 912
2009 2 2 0 20 903 169 924
2010 2 2 0 20 760 902 923
2011 2 2 0 20 741 776 913
2012 2 2 0 20 163 557 914
2013 2 2 0 20 800 802 915
2014 2 2 0 20 570 860 920
2015 2 2 0 20 768 738 921
2016 2 2 0 20 748 736 916
2017 2 2 0 20 860 774 920
2018 2 2 0 20 698 737 917
2019 2 2 0 20 556 128 918
2020 2 2 0 20 800 915 925
2021 2 2 0 20 885 730 899
2022 2 2 0 20 846 699 919
2023 2 2 0 20 751 910 921
2024 2 2 0 20 774 746 920
2025 2 2 0 20 116 117 922
2026 2 2 0 20 743 760 923
2027 2 2 0 20 799 800 925
2028 2 2 0 20 169 170 924
2029 2 2 0 20 150 580 926
2030 2 2 0 20 802 885 899
2031 2 2 0 20 887 561 898
2032 2 2 0 20 785 879 906
2033 2 2 0 20 751 889 911
2034 2 2 0 20 804 897 919
2035 2 2 0 20 910 555 921
2036 4 2 0 1 394 181 480 854
2037 4 2 0 1 555 768 854 181
2038 4 2 0 1 181 768 854 394
2039 4 2 0 1 358 394 480 854
2040 4 2 0 1 768 732 854 394
2041 4 2 0 1 394 732 854 358
2042 4 2 0 1 303 327 415 789
2043 4 2 0 1 701 677 789 327
2044 4 2 0 1 327 677 789 303
2045 4 2 0 1 398 200 499 873
2046 4 2 0 1 574 772 873 200
2047 4 2 0 1 200 772 873 398
2048 4 2 0 1 192 370 522 896
2049 4 2 0 1 744 566 896 370
2050 4 2 0 1 370 566 896 192
2051 4 2 0 1 200 398 458 832
2052 4 2 0 1 772 574 832 200
2053 4 2 0 1 398 200 772 832
2054 4 2 0 1 3 60 59 145
2055 4 2 0 1 146 6 145 60
2056 4 2 0 1 60 6 145 3
2057 4 2 0 1 370 192 495 869
2058 4 2 0 1 566 744 869 370
2059 4 2 0 1 192 370 566 869
2060 4 2 0 1 72 73 383 757
2061 4 2 0 1 159 158 757 73
2062 4 2 0 1 73 158 757 72
2063 4 2 0 1 358 480 490 864
2064 4 2 0 1 854 732 864 358
2065 4 2 0 1 480 358 854 864
2066 4 2 0 1 90 91 380 754
2067 4 2 0 1 177 176 754 91
2068 4 2 0 1 91 176 754 90
2069 4 2 0 1 373 358 490 864
2070 4 2 0 1 732 747 864 358
2071 4 2 0 1 358 747 864 373
2072 4 2 0 1 188 366 501 875
2073 4 2 0 1 740 562 875 366
2074 4 2 0 1 366 562 875 188
2075 4 2 0 1 184 376 503 877
2076 4 2 0 1 750 558 877 376
2077 4 2 0 1 376 558 877 184
2078 4 2 0 1 376 184 533 907
2079 4 2 0 1 558 750 907 376
2080 4 2 0 1 184 376 558 907
2081 4 2 0 1 327 414 415 789
2082 4 2 0 1 788 701 789 414
2083 4 2 0 1 414 701 789 327
2084 4 2 0 1 366 188 512 886
2085 4 2 0 1 562 740 886 366
2086 4 2 0 1 188 366 562 886
2087 4 2 0 1 7 8 209 583
2088 4 2 0 1 94 93 583 8
2089 4 2 0 1 8 93 583 7
2090 4 2 0 1 382 185 422 796
2091 4 2 0 1 559 756 796 185
2092 4 2 0 1 185 756 796 382
2093 4 2 0 1 209 8 211 585
2094 4 2 0 1 94 583 585 8
2095 4 2 0 1 8 583 585 209
2096 4 2 0 1 507 49 531 905
2097 4 2 0 1 135 881 905 49
2098 4 2 0 1 49 881 905 507
2099 4 2 0 1 371 507 531 905
2100 4 2 0 1 881 745 905 507
2101 4 2 0 1 507 745 905 371
2102 4 2 0 1 371 357 507 745
2103 4 2 0 1 731 745 881 357
2104 4 2 0 1 357 745 881 507
2105 4 2 0 1 507 357 523 897
2106 4 2 0 1 731 881 897 357
2107 4 2 0 1 357 881 897 507
2108 4 2 0 1 313 303 415 789
2109 4 2 0 1 677 687 789 303
2110 4 2 0 1 303 687 789 313
2111 4 2 0 1 369 444 502 876
2112 4 2 0 1 818 743 876 444
2113 4 2 0 1 444 743 876 369
2114 4 2 0 1 504 363 519 893
2115 4 2 0 1 737 878 893 363
2116 4 2 0 1 363 878 893 504
2117 4 2 0 1 29 204 210 584
2118 4 2 0 1 578 115 584 204
2119 4 2 0 1 204 115 584 29
2120 4 2 0 1 186 504 519 893
2121 4 2 0 1 878 560 893 504
2122 4 2 0 1 504 560 893 186
2123 4 2 0 1 376 375 503 877
2124 4 2 0 1 749 750 877 375
2125 4 2 0 1 375 750 877 376
2126 4 2 0 1 201 90 380 754
2127 4 2 0 1 176 575 754 90
2128 4 2 0 1 90 575 754 201
2129 4 2 0 1 503 375 517 891
2130 4 2 0 1 749 877 891 375
2131 4 2 0 1 375 877 891 503
2132 4 2 0 1 401 400 486 860
2133 4 2 0 1 774 775 860 400
2134 4 2 0 1 400 775 860 401
2135 4 2 0 1 383 73 384 758
2136 4 2 0 1 159 757 758 73
2137 4 2 0 1 73 757 758 383
2138 4 2 0 1 207 26 210 581
2139 4 2 0 1 112 581 584 26
2140 4 2 0 1 26 581 584 210
2141 4 2 0 1 374 204 378 752
2142 4 2 0 1 578 748 752 204
2143 4 2 0 1 204 748 752 374
2144 4 2 0 1 188 373 490 864
2145 4 2 0 1 747 562 864 373
2146 4 2 0 1 373 562 864 188
2147 4 2 0 1 183 410 540 914
2148 4 2 0 1 784 557 914 410
2149 4 2 0 1 410 557 914 183
2150 4 2 0 1 91 209 380 754
2151 4 2 0 1 583 177 754 209
2152 4 2 0 1 209 177 754 91
2153 4 2 0 1 401 486 509 883
2154 4 2 0 1 860 775 883 401
2155 4 2 0 1 486 401 860 883
2156 4 2 0 1 444 180 502 876
2157 4 2 0 1 554 818 876 180
2158 4 2 0 1 180 818 876 444
2159 4 2 0 1 191 72 383 757
2160 4 2 0 1 158 565 757 72
2161 4 2 0 1 72 565 757 191
2162 4 2 0 1 373 188 501 875
2163 4 2 0 1 562 747 875 373
2164 4 2 0 1 188 373 562 875
2165 4 2 0 1 201 370 495 869
2166 4 2 0 1 744 575 869 370
2167 4 2 0 1 370 575 869 201
2168 4 2 0 1 366 512 518 892
2169 4 2 0 1 886 740 892 366
2170 4 2 0 1 512 366 886 892
2171 4 2 0 1 27 28 210 584
2172 4 2 0 1 114 113 584 28
2173 4 2 0 1 28 113 584 27
2174 4 2 0 1 379 366 518 892
2175 4 2 0 1 740 753 892 366
2176 4 2 0 1 366 753 892 379
2177 4 2 0 1 429 363 504 878
2178 4 2 0 1 737 803 878 363
2179 4 2 0 1 363 803 878 429
2180 4 2 0 1 410 183 500 874
2181 4 2 0 1 557 784 874 410
2182 4 2 0 1 183 410 557 874
2183 4 2 0 1 363 429 543 917
2184 4 2 0 1 803 737 917 363
2185 4 2 0 1 429 363 803 917
2186 4 2 0 1 92 7 209 583
2187 4 2 0 1 93 178 583 7
2188 4 2 0 1 7 178 583 92
2189 4 2 0 1 370 201 527 901
2190 4 2 0 1 575 744 901 370
2191 4 2 0 1 201 370 575 901
2192 4 2 0 1 299 418 479 853
2193 4 2 0 1 792 673 853 418
2194 4 2 0 1 418 673 853 299
2195 4 2 0 1 28 29 210 584
2196 4 2 0 1 115 114 584 29
2197 4 2 0 1 29 114 584 28
2198 4 2 0 1 26 27 210 584
2199 4 2 0 1 113 112 584 27
2200 4 2 0 1 27 112 584 26
2201 4 2 0 1 349 398 499 873
2202 4 2 0 1 772 723 873 398
2203 4 2 0 1 398 723 873 349
2204 4 2 0 1 9 205 211 585
2205 4 2 0 1 579 95 585 205
2206 4 2 0 1 205 95 585 9
2207 4 2 0 1 204 374 530 904
2208 4 2 0 1 748 578 904 204
2209 4 2 0 1 374 204 748 904
2210 4 2 0 1 191 401 509 883
2211 4 2 0 1 775 565 883 401
2212 4 2 0 1 401 565 883 191
2213 4 2 0 1 28 27 2 5
2214 4 2 0 1 113 114 5 28
2215 4 2 0 1 27 28 113 5
2216 4 2 0 1 8 9 211 585
2217 4 2 0 1 95 94 585 9
2218 4 2 0 1 9 94 585 8
2219 4 2 0 1 185 382 550 924
2220 4 2 0 1 756 559 924 185
2221 4 2 0 1 382 185 756 924
2222 4 2 0 1 422 185 487 861
2223 4 2 0 1 559 796 861 185
2224 4 2 0 1 185 796 861 422
2225 4 2 0 1 401 191 539 913
2226 4 2 0 1 565 775 913 401
2227 4 2 0 1 191 401 565 913
2228 4 2 0 1 515 388 524 898
2229 4 2 0 1 762 889 898 388
2230 4 2 0 1 388 889 898 515
2231 4 2 0 1 218 436 522 896
2232 4 2 0 1 810 592 896 436
2233 4 2 0 1 436 592 896 218
2234 4 2 0 1 419 497 505 879
2235 4 2 0 1 871 793 879 497
2236 4 2 0 1 497 793 879 419
2237 4 2 0 1 207 530 542 916
2238 4 2 0 1 904 581 916 530
2239 4 2 0 1 530 581 916 207
2240 4 2 0 1 436 218 535 909
2241 4 2 0 1 592 810 909 436
2242 4 2 0 1 218 436 592 909
2243 4 2 0 1 414 327 418 792
2244 4 2 0 1 701 788 792 414
2245 4 2 0 1 327 414 701 792
2246 4 2 0 1 418 327 479 853
2247 4 2 0 1 701 792 853 327
2248 4 2 0 1 327 792 853 418
2249 4 2 0 1 299 355 418 673
2250 4 2 0 1 729 673 792 355
2251 4 2 0 1 355 673 792 418
2252 4 2 0 1 349 397 398 723
2253 4 2 0 1 771 723 772 397
2254 4 2 0 1 397 723 772 398
2255 4 2 0 1 61 481 496 870
2256 4 2 0 1 855 147 870 481
2257 4 2 0 1 481 147 870 61
2258 4 2 0 1 377 16 536 910
2259 4 2 0 1 102 751 910 16
2260 4 2 0 1 16 751 910 377
2261 4 2 0 1 397 349 488 862
2262 4 2 0 1 723 771 862 397
2263 4 2 0 1 349 397 723 862
2264 4 2 0 1 481 58 496 870
2265 4 2 0 1 144 855 870 58
2266 4 2 0 1 58 855 870 481
2267 4 2 0 1 16 377 537 911
2268 4 2 0 1 751 102 911 16
2269 4 2 0 1 377 16 751 911
2270 4 2 0 1 92 1 7 178
2271 4 2 0 1 4 178 93 1
2272 4 2 0 1 1 178 93 7
2273 4 2 0 1 187 515 524 898
2274 4 2 0 1 889 561 898 515
2275 4 2 0 1 515 561 898 187
2276 4 2 0 1 431 493 494 868
2277 4 2 0 1 867 805 868 493
2278 4 2 0 1 493 805 868 431
2279 4 2 0 1 211 212 380 754
2280 4 2 0 1 586 585 754 212
2281 4 2 0 1 212 585 754 211
2282 4 2 0 1 211 205 212 585
2283 4 2 0 1 579 585 586 205
2284 4 2 0 1 205 585 586 212
2285 4 2 0 1 210 204 530 904
2286 4 2 0 1 578 584 904 204
2287 4 2 0 1 204 584 904 210
2288 4 2 0 1 375 193 517 891
2289 4 2 0 1 567 749 891 193
2290 4 2 0 1 193 749 891 375
2291 4 2 0 1 436 192 522 896
2292 4 2 0 1 566 810 896 192
2293 4 2 0 1 192 810 896 436
2294 4 2 0 1 43 416 544 918
2295 4 2 0 1 790 129 918 416
2296 4 2 0 1 416 129 918 43
2297 4 2 0 1 209 211 380 754
2298 4 2 0 1 585 583 754 209
2299 4 2 0 1 211 209 585 754
2300 4 2 0 1 183 445 500 874
2301 4 2 0 1 819 557 874 445
2302 4 2 0 1 445 557 874 183
2303 4 2 0 1 416 43 516 890
2304 4 2 0 1 129 790 890 416
2305 4 2 0 1 43 416 129 890
2306 4 2 0 1 193 375 538 912
2307 4 2 0 1 749 567 912 193
2308 4 2 0 1 375 193 749 912
2309 4 2 0 1 58 59 496 870
2310 4 2 0 1 145 144 870 59
2311 4 2 0 1 59 144 870 58
2312 4 2 0 1 74 189 384 758
2313 4 2 0 1 563 160 758 189
2314 4 2 0 1 189 160 758 74
2315 4 2 0 1 207 210 530 581
2316 4 2 0 1 584 581 904 210
2317 4 2 0 1 210 581 904 530
2318 4 2 0 1 411 76 540 914
2319 4 2 0 1 162 785 914 76
2320 4 2 0 1 76 785 914 411
2321 4 2 0 1 412 491 511 885
2322 4 2 0 1 865 786 885 491
2323 4 2 0 1 491 786 885 412
2324 4 2 0 1 60 61 496 870
2325 4 2 0 1 147 146 870 61
2326 4 2 0 1 61 146 870 60
2327 4 2 0 1 506 13 513 887
2328 4 2 0 1 99 880 887 13
2329 4 2 0 1 13 880 887 506
2330 4 2 0 1 497 189 505 879
2331 4 2 0 1 563 871 879 189
2332 4 2 0 1 189 871 879 497
2333 4 2 0 1 197 462 534 908
2334 4 2 0 1 836 571 908 462
2335 4 2 0 1 462 571 908 197
2336 4 2 0 1 313 415 416 790
2337 4 2 0 1 789 687 790 313
2338 4 2 0 1 415 313 789 790
2339 4 2 0 1 534 462 542 916
2340 4 2 0 1 836 908 916 462
2341 4 2 0 1 462 908 916 534
2342 4 2 0 1 73 74 384 758
2343 4 2 0 1 160 159 758 74
2344 4 2 0 1 74 159 758 73
2345 4 2 0 1 410 411 540 914
2346 4 2 0 1 785 784 914 411
2347 4 2 0 1 411 784 914 410
2348 4 2 0 1 500 445 528 902
2349 4 2 0 1 819 874 902 445
2350 4 2 0 1 445 874 902 500
2351 4 2 0 1 349 347 488 862
2352 4 2 0 1 721 723 862 347
2353 4 2 0 1 347 723 862 349
2354 4 2 0 1 380 212 527 901
2355 4 2 0 1 586 754 901 212
2356 4 2 0 1 212 754 901 380
2357 4 2 0 1 493 195 494 868
2358 4 2 0 1 569 867 868 195
2359 4 2 0 1 195 867 868 493
2360 4 2 0 1 76 411 532 906
2361 4 2 0 1 785 162 906 76
2362 4 2 0 1 411 76 785 906
2363 4 2 0 1 418 355 492 866
2364 4 2 0 1 729 792 866 355
2365 4 2 0 1 355 792 866 418
2366 4 2 0 1 391 63 552 926
2367 4 2 0 1 149 765 926 63
2368 4 2 0 1 63 765 926 391
2369 4 2 0 1 355 491 492 866
2370 4 2 0 1 865 729 866 491
2371 4 2 0 1 491 729 866 355
2372 4 2 0 1 212 205 213 587
2373 4 2 0 1 579 586 587 205
2374 4 2 0 1 205 586 587 212
2375 4 2 0 1 530 374 542 916
2376 4 2 0 1 748 904 916 374
2377 4 2 0 1 374 904 916 530
2378 4 2 0 1 368 383 384 758
2379 4 2 0 1 757 742 758 383
2380 4 2 0 1 383 742 758 368
2381 4 2 0 1 352 316 385 726
2382 4 2 0 1 690 726 759 316
2383 4 2 0 1 316 726 759 385
2384 4 2 0 1 313 416 417 791
2385 4 2 0 1 790 687 791 313
2386 4 2 0 1 416 313 790 791
2387 4 2 0 1 295 282 409 783
2388 4 2 0 1 656 669 783 282
2389 4 2 0 1 282 669 783 295
2390 4 2 0 1 328 422 487 861
2391 4 2 0 1 796 702 861 422
2392 4 2 0 1 422 702 861 328
2393 4 2 0 1 333 341 478 852
2394 4 2 0 1 715 707 852 341
2395 4 2 0 1 341 707 852 333
2396 4 2 0 1 462 207 542 916
2397 4 2 0 1 581 836 916 207
2398 4 2 0 1 207 836 916 462
2399 4 2 0 1 352 385 409 726
2400 4 2 0 1 759 726 783 385
2401 4 2 0 1 385 726 783 409
2402 4 2 0 1 342 315 473 847
2403 4 2 0 1 689 716 847 315
2404 4 2 0 1 315 716 847 342
2405 4 2 0 1 341 386 478 852
2406 4 2 0 1 760 715 852 386
2407 4 2 0 1 386 715 852 341
2408 4 2 0 1 491 356 511 885
2409 4 2 0 1 730 865 885 356
2410 4 2 0 1 356 865 885 491
2411 4 2 0 1 315 385 475 849
2412 4 2 0 1 759 689 849 385
2413 4 2 0 1 385 689 849 315
2414 4 2 0 1 385 295 409 783
2415 4 2 0 1 669 759 783 295
2416 4 2 0 1 295 759 783 385
2417 4 2 0 1 473 315 475 849
2418 4 2 0 1 689 847 849 315
2419 4 2 0 1 315 847 849 473
2420 4 2 0 1 385 316 475 849
2421 4 2 0 1 690 759 849 316
2422 4 2 0 1 316 759 849 385
2423 4 2 0 1 282 280 409 783
2424 4 2 0 1 654 656 783 280
2425 4 2 0 1 280 656 783 282
2426 4 2 0 1 387 340 468 842
2427 4 2 0 1 714 761 842 340
2428 4 2 0 1 340 761 842 387
2429 4 2 0 1 201 380 527 901
2430 4 2 0 1 754 575 901 201
2431 4 2 0 1 380 201 754 901
2432 4 2 0 1 212 213 214 588
2433 4 2 0 1 587 586 588 212
2434 4 2 0 1 213 212 587 588
2435 4 2 0 1 280 270 482 856
2436 4 2 0 1 644 654 856 270
2437 4 2 0 1 270 654 856 280
2438 4 2 0 1 61 62 481 147
2439 4 2 0 1 148 147 855 62
2440 4 2 0 1 62 147 855 481
2441 4 2 0 1 407 406 477 851
2442 4 2 0 1 780 781 851 406
2443 4 2 0 1 406 781 851 407
2444 4 2 0 1 393 387 468 842
2445 4 2 0 1 761 767 842 387
2446 4 2 0 1 387 767 842 393
2447 4 2 0 1 354 388 389 763
2448 4 2 0 1 762 728 763 388
2449 4 2 0 1 388 728 763 354
2450 4 2 0 1 362 360 408 782
2451 4 2 0 1 734 736 782 360
2452 4 2 0 1 360 736 782 362
2453 4 2 0 1 388 317 389 763
2454 4 2 0 1 691 762 763 317
2455 4 2 0 1 317 762 763 388
2456 4 2 0 1 243 393 433 807
2457 4 2 0 1 767 617 807 393
2458 4 2 0 1 393 617 807 243
2459 4 2 0 1 433 393 468 842
2460 4 2 0 1 767 807 842 393
2461 4 2 0 1 393 807 842 433
2462 4 2 0 1 235 407 477 851
2463 4 2 0 1 781 609 851 407
2464 4 2 0 1 407 609 851 235
2465 4 2 0 1 243 244 467 841
2466 4 2 0 1 618 617 841 244
2467 4 2 0 1 244 617 841 243
2468 4 2 0 1 387 333 478 852
2469 4 2 0 1 707 761 852 333
2470 4 2 0 1 333 761 852 387
2471 4 2 0 1 242 238 439 813
2472 4 2 0 1 612 616 813 238
2473 4 2 0 1 238 616 813 242
2474 4 2 0 1 300 392 419 793
2475 4 2 0 1 766 674 793 392
2476 4 2 0 1 392 674 793 300
2477 4 2 0 1 360 292 457 831
2478 4 2 0 1 666 734 831 292
2479 4 2 0 1 292 734 831 360
2480 4 2 0 1 393 243 467 841
2481 4 2 0 1 617 767 841 393
2482 4 2 0 1 243 393 617 841
2483 4 2 0 1 306 307 402 776
2484 4 2 0 1 681 680 776 307
2485 4 2 0 1 307 680 776 306
2486 4 2 0 1 312 400 401 775
2487 4 2 0 1 774 686 775 400
2488 4 2 0 1 400 686 775 312
2489 4 2 0 1 312 399 400 686
2490 4 2 0 1 773 686 774 399
2491 4 2 0 1 399 686 774 400
2492 4 2 0 1 367 306 402 776
2493 4 2 0 1 680 741 776 306
2494 4 2 0 1 306 741 776 367
2495 4 2 0 1 397 396 398 772
2496 4 2 0 1 770 771 772 396
2497 4 2 0 1 396 771 772 397
2498 4 2 0 1 203 55 390 764
2499 4 2 0 1 141 577 764 55
2500 4 2 0 1 55 577 764 203
2501 4 2 0 1 392 300 423 797
2502 4 2 0 1 674 766 797 392
2503 4 2 0 1 300 392 674 797
2504 4 2 0 1 395 203 396 770
2505 4 2 0 1 577 769 770 203
2506 4 2 0 1 203 769 770 395
2507 4 2 0 1 395 396 397 771
2508 4 2 0 1 770 769 771 395
2509 4 2 0 1 396 395 770 771
2510 4 2 0 1 389 317 443 817
2511 4 2 0 1 691 763 817 317
2512 4 2 0 1 317 763 817 389
2513 4 2 0 1 390 208 391 765
2514 4 2 0 1 582 764 765 208
2515 4 2 0 1 208 764 765 390
2516 4 2 0 1 409 280 482 856
2517 4 2 0 1 654 783 856 280
2518 4 2 0 1 280 783 856 409
2519 4 2 0 1 312 309 399 686
2520 4 2 0 1 683 686 773 309
2521 4 2 0 1 309 686 773 399
2522 4 2 0 1 408 360 457 831
2523 4 2 0 1 734 782 831 360
2524 4 2 0 1 360 782 831 408
2525 4 2 0 1 426 427 428 802
2526 4 2 0 1 801 800 802 427
2527 4 2 0 1 427 800 802 426
2528 4 2 0 1 238 236 439 813
2529 4 2 0 1 610 612 813 236
2530 4 2 0 1 236 612 813 238
2531 4 2 0 1 54 203 395 769
2532 4 2 0 1 577 140 769 203
2533 4 2 0 1 203 140 769 54
2534 4 2 0 1 340 387 478 852
2535 4 2 0 1 761 714 852 340
2536 4 2 0 1 387 340 761 852
2537 4 2 0 1 434 242 439 813
2538 4 2 0 1 616 808 813 242
2539 4 2 0 1 242 808 813 434
2540 4 2 0 1 406 404 434 780
2541 4 2 0 1 778 780 808 404
2542 4 2 0 1 404 780 808 434
2543 4 2 0 1 404 266 434 808
2544 4 2 0 1 640 778 808 266
2545 4 2 0 1 266 778 808 404
2546 4 2 0 1 309 311 399 773
2547 4 2 0 1 685 683 773 311
2548 4 2 0 1 311 683 773 309
2549 4 2 0 1 443 421 451 825
2550 4 2 0 1 795 817 825 421
2551 4 2 0 1 421 817 825 443
2552 4 2 0 1 214 213 215 589
2553 4 2 0 1 587 588 589 213
2554 4 2 0 1 213 588 589 214
2555 4 2 0 1 272 294 420 794
2556 4 2 0 1 668 646 794 294
2557 4 2 0 1 294 646 794 272
2558 4 2 0 1 52 202 403 777
2559 4 2 0 1 576 138 777 202
2560 4 2 0 1 202 138 777 52
2561 4 2 0 1 56 208 390 764
2562 4 2 0 1 582 142 764 208
2563 4 2 0 1 208 142 764 56
2564 4 2 0 1 307 312 402 776
2565 4 2 0 1 686 681 776 312
2566 4 2 0 1 312 681 776 307
2567 4 2 0 1 202 395 397 771
2568 4 2 0 1 769 576 771 395
2569 4 2 0 1 395 576 771 202
2570 4 2 0 1 389 443 451 825
2571 4 2 0 1 817 763 825 389
2572 4 2 0 1 443 389 817 825
2573 4 2 0 1 364 394 420 794
2574 4 2 0 1 768 738 794 394
2575 4 2 0 1 394 738 794 364
2576 4 2 0 1 29 30 204 115
2577 4 2 0 1 116 115 578 30
2578 4 2 0 1 30 115 578 204
2579 4 2 0 1 56 57 208 142
2580 4 2 0 1 143 142 582 57
2581 4 2 0 1 57 142 582 208
2582 4 2 0 1 426 424 427 800
2583 4 2 0 1 798 800 801 424
2584 4 2 0 1 424 800 801 427
2585 4 2 0 1 247 432 446 820
2586 4 2 0 1 806 621 820 432
2587 4 2 0 1 432 621 820 247
2588 4 2 0 1 292 287 457 831
2589 4 2 0 1 661 666 831 287
2590 4 2 0 1 287 666 831 292
2591 4 2 0 1 300 259 423 797
2592 4 2 0 1 633 674 797 259
2593 4 2 0 1 259 674 797 300
2594 4 2 0 1 424 36 427 801
2595 4 2 0 1 122 798 801 36
2596 4 2 0 1 36 798 801 424
2597 4 2 0 1 406 439 477 851
2598 4 2 0 1 813 780 851 439
2599 4 2 0 1 439 780 851 406
2600 4 2 0 1 346 348 372 746
2601 4 2 0 1 722 720 746 348
2602 4 2 0 1 348 720 746 346
2603 4 2 0 1 287 282 295 669
2604 4 2 0 1 656 661 669 282
2605 4 2 0 1 282 661 669 287
2606 4 2 0 1 287 295 296 670
2607 4 2 0 1 669 661 670 287
2608 4 2 0 1 295 287 669 670
2609 4 2 0 1 247 248 432 621
2610 4 2 0 1 622 621 806 248
2611 4 2 0 1 248 621 806 432
2612 4 2 0 1 202 53 395 576
2613 4 2 0 1 139 576 769 53
2614 4 2 0 1 53 576 769 395
2615 4 2 0 1 429 190 430 804
2616 4 2 0 1 564 803 804 190
2617 4 2 0 1 190 803 804 429
2618 4 2 0 1 274 272 420 794
2619 4 2 0 1 646 648 794 272
2620 4 2 0 1 272 648 794 274
2621 4 2 0 1 294 364 420 794
2622 4 2 0 1 738 668 794 364
2623 4 2 0 1 364 668 794 294
2624 4 2 0 1 410 334 411 784
2625 4 2 0 1 708 784 785 334
2626 4 2 0 1 334 784 785 411
2627 4 2 0 1 244 247 467 841
2628 4 2 0 1 621 618 841 247
2629 4 2 0 1 247 618 841 244
2630 4 2 0 1 296 315 342 716
2631 4 2 0 1 689 670 716 315
2632 4 2 0 1 315 670 716 296
2633 4 2 0 1 54 55 203 140
2634 4 2 0 1 141 140 577 55
2635 4 2 0 1 55 140 577 203
2636 4 2 0 1 318 392 423 797
2637 4 2 0 1 766 692 797 392
2638 4 2 0 1 392 692 797 318
2639 4 2 0 1 343 342 366 740
2640 4 2 0 1 716 717 740 342
2641 4 2 0 1 342 717 740 343
2642 4 2 0 1 361 360 362 736
2643 4 2 0 1 734 735 736 360
2644 4 2 0 1 360 735 736 361
2645 4 2 0 1 296 295 315 670
2646 4 2 0 1 669 670 689 295
2647 4 2 0 1 295 670 689 315
2648 4 2 0 1 39 198 412 786
2649 4 2 0 1 572 125 786 198
2650 4 2 0 1 198 125 786 39
2651 4 2 0 1 284 318 423 797
2652 4 2 0 1 692 658 797 318
2653 4 2 0 1 318 658 797 284
2654 4 2 0 1 31 32 193 567
2655 4 2 0 1 118 117 567 32
2656 4 2 0 1 32 117 567 31
2657 4 2 0 1 320 334 410 784
2658 4 2 0 1 708 694 784 334
2659 4 2 0 1 334 694 784 320
2660 4 2 0 1 47 190 429 803
2661 4 2 0 1 564 133 803 190
2662 4 2 0 1 190 133 803 47
2663 4 2 0 1 198 40 413 787
2664 4 2 0 1 126 572 787 40
2665 4 2 0 1 40 572 787 198
2666 4 2 0 1 270 268 283 657
2667 4 2 0 1 642 644 657 268
2668 4 2 0 1 268 644 657 270
2669 4 2 0 1 399 372 400 774
2670 4 2 0 1 746 773 774 372
2671 4 2 0 1 372 773 774 399
2672 4 2 0 1 194 51 403 777
2673 4 2 0 1 137 568 777 51
2674 4 2 0 1 51 568 777 194
2675 4 2 0 1 184 424 425 799
2676 4 2 0 1 798 558 799 424
2677 4 2 0 1 424 558 799 184
2678 4 2 0 1 346 347 348 720
2679 4 2 0 1 721 720 722 347
2680 4 2 0 1 347 720 722 348
2681 4 2 0 1 312 401 402 776
2682 4 2 0 1 775 686 776 312
2683 4 2 0 1 401 312 775 776
2684 4 2 0 1 286 282 287 661
2685 4 2 0 1 656 660 661 282
2686 4 2 0 1 282 660 661 286
2687 4 2 0 1 368 367 383 742
2688 4 2 0 1 741 742 757 367
2689 4 2 0 1 367 742 757 383
2690 4 2 0 1 318 306 367 692
2691 4 2 0 1 680 692 741 306
2692 4 2 0 1 306 692 741 367
2693 4 2 0 1 427 179 428 802
2694 4 2 0 1 553 801 802 179
2695 4 2 0 1 179 801 802 427
2696 4 2 0 1 52 53 202 138
2697 4 2 0 1 139 138 576 53
2698 4 2 0 1 53 138 576 202
2699 4 2 0 1 406 434 439 780
2700 4 2 0 1 808 780 813 434
2701 4 2 0 1 434 780 813 439
2702 4 2 0 1 311 346 399 773
2703 4 2 0 1 720 685 773 346
2704 4 2 0 1 346 685 773 311
2705 4 2 0 1 318 367 368 692
2706 4 2 0 1 741 692 742 367
2707 4 2 0 1 367 692 742 368
2708 4 2 0 1 284 306 318 658
2709 4 2 0 1 680 658 692 306
2710 4 2 0 1 306 658 692 318
2711 4 2 0 1 359 292 360 734
2712 4 2 0 1 666 733 734 292
2713 4 2 0 1 292 733 734 359
2714 4 2 0 1 55 56 390 764
2715 4 2 0 1 142 141 764 56
2716 4 2 0 1 56 141 764 55
2717 4 2 0 1 261 259 300 635
2718 4 2 0 1 633 635 674 259
2719 4 2 0 1 259 635 674 300
2720 4 2 0 1 91 92 209 177
2721 4 2 0 1 178 177 583 92
2722 4 2 0 1 92 177 583 209
2723 4 2 0 1 343 366 379 753
2724 4 2 0 1 740 717 753 343
2725 4 2 0 1 366 343 740 753
2726 4 2 0 1 268 266 404 778
2727 4 2 0 1 640 642 778 266
2728 4 2 0 1 266 642 778 268
2729 4 2 0 1 413 182 414 788
2730 4 2 0 1 556 787 788 182
2731 4 2 0 1 182 787 788 413
2732 4 2 0 1 284 285 306 658
2733 4 2 0 1 659 658 680 285
2734 4 2 0 1 285 658 680 306
2735 4 2 0 1 261 300 301 635
2736 4 2 0 1 674 635 675 300
2737 4 2 0 1 300 635 675 301
2738 4 2 0 1 320 301 334 694
2739 4 2 0 1 675 694 708 301
2740 4 2 0 1 301 694 708 334
2741 4 2 0 1 482 283 484 858
2742 4 2 0 1 657 856 858 283
2743 4 2 0 1 283 856 858 482
2744 4 2 0 1 255 259 261 635
2745 4 2 0 1 633 629 635 259
2746 4 2 0 1 259 629 635 255
2747 4 2 0 1 294 317 350 668
2748 4 2 0 1 691 668 724 317
2749 4 2 0 1 317 668 724 350
2750 4 2 0 1 441 468 476 850
2751 4 2 0 1 842 815 850 468
2752 4 2 0 1 468 815 850 441
2753 4 2 0 1 50 51 194 568
2754 4 2 0 1 137 136 568 51
2755 4 2 0 1 51 136 568 50
2756 4 2 0 1 53 54 395 769
2757 4 2 0 1 140 139 769 54
2758 4 2 0 1 54 139 769 53
2759 4 2 0 1 425 424 426 800
2760 4 2 0 1 798 799 800 424
2761 4 2 0 1 424 799 800 425
2762 4 2 0 1 358 329 394 732
2763 4 2 0 1 703 732 768 329
2764 4 2 0 1 329 732 768 394
2765 4 2 0 1 296 342 343 717
2766 4 2 0 1 716 670 717 296
2767 4 2 0 1 342 296 716 717
2768 4 2 0 1 225 223 421 795
2769 4 2 0 1 597 599 795 223
2770 4 2 0 1 223 599 795 225
2771 4 2 0 1 283 404 405 779
2772 4 2 0 1 778 657 779 404
2773 4 2 0 1 404 657 779 283
2774 4 2 0 1 364 350 377 751
2775 4 2 0 1 724 738 751 350
2776 4 2 0 1 350 738 751 364
2777 4 2 0 1 330 329 358 732
2778 4 2 0 1 703 704 732 329
2779 4 2 0 1 329 704 732 330
2780 4 2 0 1 266 252 434 808
2781 4 2 0 1 626 640 808 252
2782 4 2 0 1 252 640 808 266
2783 4 2 0 1 405 406 407 781
2784 4 2 0 1 780 779 781 406
2785 4 2 0 1 406 779 781 405
2786 4 2 0 1 272 271 294 646
2787 4 2 0 1 645 646 668 271
2788 4 2 0 1 271 646 668 294
2789 4 2 0 1 258 257 271 645
2790 4 2 0 1 631 632 645 257
2791 4 2 0 1 257 632 645 258
2792 4 2 0 1 332 320 410 784
2793 4 2 0 1 694 706 784 320
2794 4 2 0 1 320 706 784 332
2795 4 2 0 1 328 304 422 702
2796 4 2 0 1 678 702 796 304
2797 4 2 0 1 304 702 796 422
2798 4 2 0 1 184 35 424 558
2799 4 2 0 1 121 558 798 35
2800 4 2 0 1 35 558 798 424
2801 4 2 0 1 311 345 346 685
2802 4 2 0 1 719 685 720 345
2803 4 2 0 1 345 685 720 346
2804 4 2 0 1 269 268 270 644
2805 4 2 0 1 642 643 644 268
2806 4 2 0 1 268 643 644 269
2807 4 2 0 1 228 225 421 795
2808 4 2 0 1 599 602 795 225
2809 4 2 0 1 225 602 795 228
2810 4 2 0 1 250 228 257 631
2811 4 2 0 1 602 624 631 228
2812 4 2 0 1 228 624 631 250
2813 4 2 0 1 37 179 427 801
2814 4 2 0 1 553 123 801 179
2815 4 2 0 1 179 123 801 37
2816 4 2 0 1 179 38 412 786
2817 4 2 0 1 124 553 786 38
2818 4 2 0 1 38 553 786 179
2819 4 2 0 1 307 309 312 681
2820 4 2 0 1 683 681 686 309
2821 4 2 0 1 309 681 686 312
2822 4 2 0 1 276 274 329 703
2823 4 2 0 1 648 650 703 274
2824 4 2 0 1 274 650 703 276
2825 4 2 0 1 350 317 388 762
2826 4 2 0 1 691 724 762 317
2827 4 2 0 1 317 724 762 350
2828 4 2 0 1 294 271 317 668
2829 4 2 0 1 645 668 691 271
2830 4 2 0 1 271 668 691 317
2831 4 2 0 1 281 280 282 656
2832 4 2 0 1 654 655 656 280
2833 4 2 0 1 280 655 656 281
2834 4 2 0 1 319 301 320 694
2835 4 2 0 1 675 693 694 301
2836 4 2 0 1 301 693 694 319
2837 4 2 0 1 414 182 415 789
2838 4 2 0 1 556 788 789 182
2839 4 2 0 1 182 788 789 414
2840 4 2 0 1 217 215 431 805
2841 4 2 0 1 589 591 805 215
2842 4 2 0 1 215 591 805 217
2843 4 2 0 1 257 228 421 795
2844 4 2 0 1 602 631 795 228
2845 4 2 0 1 228 631 795 257
2846 4 2 0 1 34 35 184 558
2847 4 2 0 1 121 120 558 35
2848 4 2 0 1 35 120 558 34
2849 4 2 0 1 248 255 432 806
2850 4 2 0 1 629 622 806 255
2851 4 2 0 1 255 622 806 248
2852 4 2 0 1 47 48 190 133
2853 4 2 0 1 134 133 564 48
2854 4 2 0 1 48 133 564 190
2855 4 2 0 1 321 320 332 706
2856 4 2 0 1 694 695 706 320
2857 4 2 0 1 320 695 706 321
2858 4 2 0 1 260 263 284 658
2859 4 2 0 1 637 634 658 263
2860 4 2 0 1 263 634 658 260
2861 4 2 0 1 279 270 280 654
2862 4 2 0 1 644 653 654 270
2863 4 2 0 1 270 653 654 279
2864 4 2 0 1 249 234 441 815
2865 4 2 0 1 608 623 815 234
2866 4 2 0 1 234 623 815 249
2867 4 2 0 1 267 266 268 642
2868 4 2 0 1 640 641 642 266
2869 4 2 0 1 266 641 642 267
2870 4 2 0 1 51 52 403 777
2871 4 2 0 1 138 137 777 52
2872 4 2 0 1 52 137 777 51
2873 4 2 0 1 255 256 259 629
2874 4 2 0 1 630 629 633 256
2875 4 2 0 1 256 629 633 259
2876 4 2 0 1 354 331 365 739
2877 4 2 0 1 705 728 739 331
2878 4 2 0 1 331 728 739 354
2879 4 2 0 1 37 38 179 123
2880 4 2 0 1 124 123 553 38
2881 4 2 0 1 38 123 553 179
2882 4 2 0 1 259 260 423 797
2883 4 2 0 1 634 633 797 260
2884 4 2 0 1 260 633 797 259
2885 4 2 0 1 41 182 413 787
2886 4 2 0 1 556 127 787 182
2887 4 2 0 1 182 127 787 41
2888 4 2 0 1 317 271 443 817
2889 4 2 0 1 645 691 817 271
2890 4 2 0 1 271 691 817 317
2891 4 2 0 1 46 47 429 803
2892 4 2 0 1 133 132 803 47
2893 4 2 0 1 47 132 803 46
2894 4 2 0 1 330 358 373 747
2895 4 2 0 1 732 704 747 330
2896 4 2 0 1 358 330 732 747
2897 4 2 0 1 260 284 423 797
2898 4 2 0 1 658 634 797 260
2899 4 2 0 1 284 260 658 797
2900 4 2 0 1 257 421 443 817
2901 4 2 0 1 795 631 817 257
2902 4 2 0 1 421 257 795 817
2903 4 2 0 1 301 300 419 793
2904 4 2 0 1 674 675 793 300
2905 4 2 0 1 300 675 793 301
2906 4 2 0 1 333 332 341 707
2907 4 2 0 1 706 707 715 332
2908 4 2 0 1 332 707 715 341
2909 4 2 0 1 435 192 436 810
2910 4 2 0 1 566 809 810 192
2911 4 2 0 1 192 809 810 435
2912 4 2 0 1 222 224 440 814
2913 4 2 0 1 598 596 814 224
2914 4 2 0 1 224 596 814 222
2915 4 2 0 1 39 40 198 125
2916 4 2 0 1 126 125 572 40
2917 4 2 0 1 40 125 572 198
2918 4 2 0 1 346 372 399 773
2919 4 2 0 1 746 720 773 346
2920 4 2 0 1 372 346 746 773
2921 4 2 0 1 294 350 364 668
2922 4 2 0 1 724 668 738 350
2923 4 2 0 1 350 668 738 364
2924 4 2 0 1 252 242 434 808
2925 4 2 0 1 616 626 808 242
2926 4 2 0 1 242 626 808 252
2927 4 2 0 1 258 271 272 646
2928 4 2 0 1 645 632 646 258
2929 4 2 0 1 271 258 645 646
2930 4 2 0 1 407 235 474 848
2931 4 2 0 1 609 781 848 407
2932 4 2 0 1 235 407 609 848
2933 4 2 0 1 250 257 258 632
2934 4 2 0 1 631 624 632 250
2935 4 2 0 1 257 250 631 632
2936 4 2 0 1 185 85 438 812
2937 4 2 0 1 171 559 812 85
2938 4 2 0 1 85 559 812 185
2939 4 2 0 1 291 220 331 705
2940 4 2 0 1 594 665 705 220
2941 4 2 0 1 220 665 705 291
2942 4 2 0 1 306 285 307 680
2943 4 2 0 1 659 680 681 285
2944 4 2 0 1 285 680 681 307
2945 4 2 0 1 283 268 404 657
2946 4 2 0 1 642 657 778 268
2947 4 2 0 1 268 657 778 404
2948 4 2 0 1 89 90 201 575
2949 4 2 0 1 176 175 575 90
2950 4 2 0 1 90 175 575 89
2951 4 2 0 1 239 243 433 807
2952 4 2 0 1 617 613 807 243
2953 4 2 0 1 243 613 807 239
2954 4 2 0 1 87 192 435 809
2955 4 2 0 1 566 173 809 192
2956 4 2 0 1 192 173 809 87
2957 4 2 0 1 44 45 186 560
2958 4 2 0 1 131 130 560 45
2959 4 2 0 1 45 130 560 44
2960 4 2 0 1 41 42 182 127
2961 4 2 0 1 128 127 556 42
2962 4 2 0 1 42 127 556 182
2963 4 2 0 1 334 301 419 793
2964 4 2 0 1 675 708 793 301
2965 4 2 0 1 301 708 793 334
2966 4 2 0 1 234 237 441 815
2967 4 2 0 1 611 608 815 237
2968 4 2 0 1 237 608 815 234
2969 4 2 0 1 291 331 354 728
2970 4 2 0 1 705 665 728 291
2971 4 2 0 1 331 291 705 728
2972 4 2 0 1 348 347 349 723
2973 4 2 0 1 721 722 723 347
2974 4 2 0 1 347 722 723 348
2975 4 2 0 1 329 274 420 794
2976 4 2 0 1 648 703 794 274
2977 4 2 0 1 274 703 794 329
2978 4 2 0 1 224 289 440 814
2979 4 2 0 1 663 598 814 289
2980 4 2 0 1 289 598 814 224
2981 4 2 0 1 248 254 255 622
2982 4 2 0 1 628 622 629 254
2983 4 2 0 1 254 622 629 255
2984 4 2 0 1 276 329 330 704
2985 4 2 0 1 703 650 704 276
2986 4 2 0 1 329 276 703 704
2987 4 2 0 1 405 404 406 779
2988 4 2 0 1 778 779 780 404
2989 4 2 0 1 404 779 780 406
2990 4 2 0 1 321 332 333 707
2991 4 2 0 1 706 695 707 321
2992 4 2 0 1 332 321 706 707
2993 4 2 0 1 304 314 422 796
2994 4 2 0 1 688 678 796 314
2995 4 2 0 1 314 678 796 304
2996 4 2 0 1 319 320 321 695
2997 4 2 0 1 694 693 695 319
2998 4 2 0 1 320 319 694 695
2999 4 2 0 1 261 319 432 806
3000 4 2 0 1 693 635 806 319
3001 4 2 0 1 319 635 806 261
3002 4 2 0 1 35 36 424 798
3003 4 2 0 1 122 121 798 36
3004 4 2 0 1 36 121 798 35
3005 4 2 0 1 220 217 431 805
3006 4 2 0 1 591 594 805 217
3007 4 2 0 1 217 594 805 220
3008 4 2 0 1 284 263 285 658
3009 4 2 0 1 637 658 659 263
3010 4 2 0 1 263 658 659 285
3011 4 2 0 1 261 301 319 635
3012 4 2 0 1 675 635 693 301
3013 4 2 0 1 301 635 693 319
3014 4 2 0 1 36 37 427 801
3015 4 2 0 1 123 122 801 37
3016 4 2 0 1 37 122 801 36
3017 4 2 0 1 315 295 385 689
3018 4 2 0 1 669 689 759 295
3019 4 2 0 1 295 689 759 385
3020 4 2 0 1 38 39 412 786
3021 4 2 0 1 125 124 786 39
3022 4 2 0 1 39 124 786 38
3023 4 2 0 1 286 287 292 666
3024 4 2 0 1 661 660 666 286
3025 4 2 0 1 287 286 661 666
3026 4 2 0 1 40 41 413 787
3027 4 2 0 1 127 126 787 41
3028 4 2 0 1 41 126 787 40
3029 4 2 0 1 331 220 431 805
3030 4 2 0 1 594 705 805 220
3031 4 2 0 1 220 705 805 331
3032 4 2 0 1 87 88 192 173
3033 4 2 0 1 174 173 566 88
3034 4 2 0 1 88 173 566 192
3035 4 2 0 1 237 433 441 815
3036 4 2 0 1 807 611 815 433
3037 4 2 0 1 433 611 815 237
3038 4 2 0 1 289 328 440 814
3039 4 2 0 1 702 663 814 328
3040 4 2 0 1 328 663 814 289
3041 4 2 0 1 314 382 422 796
3042 4 2 0 1 756 688 796 382
3043 4 2 0 1 382 688 796 314
3044 4 2 0 1 289 304 328 663
3045 4 2 0 1 678 663 702 304
3046 4 2 0 1 304 663 702 328
3047 4 2 0 1 85 86 438 812
3048 4 2 0 1 172 171 812 86
3049 4 2 0 1 86 171 812 85
3050 4 2 0 1 361 362 374 748
3051 4 2 0 1 736 735 748 361
3052 4 2 0 1 362 361 736 748
3053 4 2 0 1 214 215 216 590
3054 4 2 0 1 589 588 590 214
3055 4 2 0 1 215 214 589 590
3056 4 2 0 1 265 252 266 640
3057 4 2 0 1 626 639 640 252
3058 4 2 0 1 252 639 640 265
3059 4 2 0 1 259 256 260 633
3060 4 2 0 1 630 633 634 256
3061 4 2 0 1 256 633 634 260
3062 4 2 0 1 244 246 247 618
3063 4 2 0 1 620 618 621 246
3064 4 2 0 1 246 618 621 247
3065 4 2 0 1 314 381 382 688
3066 4 2 0 1 755 688 756 381
3067 4 2 0 1 381 688 756 382
3068 4 2 0 1 318 368 392 692
3069 4 2 0 1 742 692 766 368
3070 4 2 0 1 368 692 766 392
3071 4 2 0 1 239 241 243 613
3072 4 2 0 1 615 613 617 241
3073 4 2 0 1 241 613 617 243
3074 4 2 0 1 237 239 433 611
3075 4 2 0 1 613 611 807 239
3076 4 2 0 1 239 611 807 433
3077 4 2 0 1 337 339 369 743
3078 4 2 0 1 713 711 743 339
3079 4 2 0 1 339 711 743 337
3080 4 2 0 1 255 261 432 806
3081 4 2 0 1 635 629 806 255
3082 4 2 0 1 261 255 635 806
3083 4 2 0 1 219 217 220 594
3084 4 2 0 1 591 593 594 217
3085 4 2 0 1 217 593 594 219
3086 4 2 0 1 232 249 442 816
3087 4 2 0 1 623 606 816 249
3088 4 2 0 1 249 606 816 232
3089 4 2 0 1 86 87 435 809
3090 4 2 0 1 173 172 809 87
3091 4 2 0 1 87 172 809 86
3092 4 2 0 1 346 345 347 720
3093 4 2 0 1 719 720 721 345
3094 4 2 0 1 345 720 721 347
3095 4 2 0 1 230 442 453 827
3096 4 2 0 1 816 604 827 442
3097 4 2 0 1 442 604 827 230
3098 4 2 0 1 394 329 420 794
3099 4 2 0 1 703 768 794 329
3100 4 2 0 1 329 768 794 394
3101 4 2 0 1 314 335 381 688
3102 4 2 0 1 709 688 755 335
3103 4 2 0 1 335 688 755 381
3104 4 2 0 1 255 254 256 629
3105 4 2 0 1 628 629 630 254
3106 4 2 0 1 254 629 630 256
3107 4 2 0 1 359 360 361 735
3108 4 2 0 1 734 733 735 359
3109 4 2 0 1 360 359 734 735
3110 4 2 0 1 230 232 442 604
3111 4 2 0 1 606 604 816 232
3112 4 2 0 1 232 604 816 442
3113 4 2 0 1 232 234 249 606
3114 4 2 0 1 608 606 623 234
3115 4 2 0 1 234 606 623 249
3116 4 2 0 1 435 436 437 811
3117 4 2 0 1 810 809 811 435
3118 4 2 0 1 436 435 810 811
3119 4 2 0 1 86 435 438 812
3120 4 2 0 1 809 172 812 86
3121 4 2 0 1 435 86 809 812
3122 4 2 0 1 84 85 185 559
3123 4 2 0 1 171 170 559 85
3124 4 2 0 1 85 170 559 84
3125 4 2 0 1 221 220 291 665
3126 4 2 0 1 594 595 665 220
3127 4 2 0 1 220 595 665 221
3128 4 2 0 1 304 305 314 678
3129 4 2 0 1 679 678 688 305
3130 4 2 0 1 305 678 688 314
3131 4 2 0 1 216 215 217 591
3132 4 2 0 1 589 590 591 215
3133 4 2 0 1 215 590 591 216
3134 4 2 0 1 269 270 279 653
3135 4 2 0 1 644 643 653 269
3136 4 2 0 1 270 269 644 653
3137 4 2 0 1 369 339 386 760
3138 4 2 0 1 713 743 760 339
3139 4 2 0 1 339 743 760 369
3140 4 2 0 1 267 268 269 643
3141 4 2 0 1 642 641 643 267
3142 4 2 0 1 268 267 642 643
3143 4 2 0 1 273 272 274 648
3144 4 2 0 1 646 647 648 272
3145 4 2 0 1 272 647 648 273
3146 4 2 0 1 303 278 326 677
3147 4 2 0 1 652 677 700 278
3148 4 2 0 1 278 677 700 326
3149 4 2 0 1 229 228 250 624
3150 4 2 0 1 602 603 624 228
3151 4 2 0 1 228 603 624 229
3152 4 2 0 1 353 333 387 761
3153 4 2 0 1 707 727 761 333
3154 4 2 0 1 333 727 761 353
3155 4 2 0 1 281 282 286 660
3156 4 2 0 1 656 655 660 281
3157 4 2 0 1 282 281 656 660
3158 4 2 0 1 275 274 276 650
3159 4 2 0 1 648 649 650 274
3160 4 2 0 1 274 649 650 275
3161 4 2 0 1 314 305 335 688
3162 4 2 0 1 679 688 709 305
3163 4 2 0 1 305 688 709 335
3164 4 2 0 1 271 257 443 817
3165 4 2 0 1 631 645 817 257
3166 4 2 0 1 257 645 817 271
3167 4 2 0 1 247 246 248 621
3168 4 2 0 1 620 621 622 246
3169 4 2 0 1 246 621 622 248
3170 4 2 0 1 243 241 244 617
3171 4 2 0 1 615 617 618 241
3172 4 2 0 1 241 617 618 244
3173 4 2 0 1 235 231 448 822
3174 4 2 0 1 605 609 822 231
3175 4 2 0 1 231 609 822 235
3176 4 2 0 1 265 266 267 641
3177 4 2 0 1 640 639 641 265
3178 4 2 0 1 266 265 640 641
3179 4 2 0 1 279 280 281 655
3180 4 2 0 1 654 653 655 279
3181 4 2 0 1 280 279 654 655
3182 4 2 0 1 224 226 289 598
3183 4 2 0 1 600 598 663 226
3184 4 2 0 1 226 598 663 289
3185 4 2 0 1 291 354 389 763
3186 4 2 0 1 728 665 763 291
3187 4 2 0 1 354 291 728 763
3188 4 2 0 1 289 290 304 663
3189 4 2 0 1 664 663 678 290
3190 4 2 0 1 290 663 678 304
3191 4 2 0 1 468 340 476 850
3192 4 2 0 1 714 842 850 340
3193 4 2 0 1 340 842 850 468
3194 4 2 0 1 218 217 219 593
3195 4 2 0 1 591 592 593 217
3196 4 2 0 1 217 592 593 218
3197 4 2 0 1 421 223 451 825
3198 4 2 0 1 597 795 825 223
3199 4 2 0 1 223 795 825 421
3200 4 2 0 1 435 437 438 812
3201 4 2 0 1 811 809 812 435
3202 4 2 0 1 437 435 811 812
3203 4 2 0 1 227 225 228 601
3204 4 2 0 1 599 601 602 225
3205 4 2 0 1 225 601 602 228
3206 4 2 0 1 14 15 187 561
3207 4 2 0 1 101 100 561 15
3208 4 2 0 1 15 100 561 14
3209 4 2 0 1 219 220 221 595
3210 4 2 0 1 594 593 595 219
3211 4 2 0 1 220 219 594 595
3212 4 2 0 1 233 231 235 609
3213 4 2 0 1 605 607 609 231
3214 4 2 0 1 231 607 609 233
3215 4 2 0 1 216 217 218 592
3216 4 2 0 1 591 590 592 216
3217 4 2 0 1 217 216 591 592
3218 4 2 0 1 304 290 305 678
3219 4 2 0 1 664 678 679 290
3220 4 2 0 1 290 678 679 305
3221 4 2 0 1 337 338 339 711
3222 4 2 0 1 712 711 713 338
3223 4 2 0 1 338 711 713 339
3224 4 2 0 1 335 336 337 711
3225 4 2 0 1 710 709 711 336
3226 4 2 0 1 336 709 711 335
3227 4 2 0 1 307 308 309 681
3228 4 2 0 1 682 681 683 308
3229 4 2 0 1 308 681 683 309
3230 4 2 0 1 321 333 353 727
3231 4 2 0 1 707 695 727 321
3232 4 2 0 1 333 321 707 727
3233 4 2 0 1 260 262 263 634
3234 4 2 0 1 636 634 637 262
3235 4 2 0 1 262 634 637 263
3236 4 2 0 1 316 276 475 849
3237 4 2 0 1 650 690 849 276
3238 4 2 0 1 276 690 849 316
3239 4 2 0 1 11 12 195 569
3240 4 2 0 1 98 97 569 12
3241 4 2 0 1 12 97 569 11
3242 4 2 0 1 81 82 180 554
3243 4 2 0 1 168 167 554 82
3244 4 2 0 1 82 167 554 81
3245 4 2 0 1 258 272 273 647
3246 4 2 0 1 646 632 647 258
3247 4 2 0 1 272 258 646 647
3248 4 2 0 1 326 278 450 824
3249 4 2 0 1 652 700 824 278
3250 4 2 0 1 278 700 824 326
3251 4 2 0 1 288 325 455 829
3252 4 2 0 1 699 662 829 325
3253 4 2 0 1 325 662 829 288
3254 4 2 0 1 80 81 444 818
3255 4 2 0 1 167 166 818 81
3256 4 2 0 1 81 166 818 80
3257 4 2 0 1 303 326 327 677
3258 4 2 0 1 700 677 701 326
3259 4 2 0 1 326 677 701 327
3260 4 2 0 1 335 305 336 709
3261 4 2 0 1 679 709 710 305
3262 4 2 0 1 305 709 710 336
3263 4 2 0 1 79 80 199 573
3264 4 2 0 1 166 165 573 80
3265 4 2 0 1 80 165 573 79
3266 4 2 0 1 353 387 393 767
3267 4 2 0 1 761 727 767 353
3268 4 2 0 1 387 353 761 767
3269 4 2 0 1 214 216 370 744
3270 4 2 0 1 590 588 744 214
3271 4 2 0 1 216 214 590 744
3272 4 2 0 1 222 440 449 823
3273 4 2 0 1 814 596 823 222
3274 4 2 0 1 440 222 814 823
3275 4 2 0 1 78 79 445 819
3276 4 2 0 1 165 164 819 79
3277 4 2 0 1 79 164 819 78
3278 4 2 0 1 289 226 290 663
3279 4 2 0 1 600 663 664 226
3280 4 2 0 1 226 663 664 290
3281 4 2 0 1 234 236 237 608
3282 4 2 0 1 610 608 611 236
3283 4 2 0 1 236 608 611 237
3284 4 2 0 1 432 319 446 820
3285 4 2 0 1 693 806 820 319
3286 4 2 0 1 319 806 820 432
3287 4 2 0 1 77 78 183 557
3288 4 2 0 1 164 163 557 78
3289 4 2 0 1 78 163 557 77
3290 4 2 0 1 337 336 338 711
3291 4 2 0 1 710 711 712 336
3292 4 2 0 1 336 711 712 338
3293 4 2 0 1 247 446 467 841
3294 4 2 0 1 820 621 841 247
3295 4 2 0 1 446 247 820 841
3296 4 2 0 1 237 238 239 611
3297 4 2 0 1 612 611 613 238
3298 4 2 0 1 238 611 613 239
3299 4 2 0 1 230 231 232 604
3300 4 2 0 1 605 604 606 231
3301 4 2 0 1 231 604 606 232
3302 4 2 0 1 9 10 205 95
3303 4 2 0 1 96 95 579 10
3304 4 2 0 1 10 95 579 205
3305 4 2 0 1 339 338 340 714
3306 4 2 0 1 712 713 714 338
3307 4 2 0 1 338 713 714 339
3308 4 2 0 1 244 245 246 618
3309 4 2 0 1 619 618 620 245
3310 4 2 0 1 245 618 620 246
3311 4 2 0 1 288 324 325 662
3312 4 2 0 1 698 662 699 324
3313 4 2 0 1 324 662 699 325
3314 4 2 0 1 232 233 234 606
3315 4 2 0 1 607 606 608 233
3316 4 2 0 1 233 606 608 234
3317 4 2 0 1 248 253 254 622
3318 4 2 0 1 627 622 628 253
3319 4 2 0 1 253 622 628 254
3320 4 2 0 1 74 75 189 160
3321 4 2 0 1 161 160 563 75
3322 4 2 0 1 75 160 563 189
3323 4 2 0 1 239 240 241 613
3324 4 2 0 1 614 613 615 240
3325 4 2 0 1 240 613 615 241
3326 4 2 0 1 218 219 449 823
3327 4 2 0 1 593 592 823 218
3328 4 2 0 1 219 218 593 823
3329 4 2 0 1 221 291 451 825
3330 4 2 0 1 665 595 825 221
3331 4 2 0 1 291 221 665 825
3332 4 2 0 1 219 221 222 596
3333 4 2 0 1 595 593 596 219
3334 4 2 0 1 221 219 595 596
3335 4 2 0 1 227 229 230 604
3336 4 2 0 1 603 601 604 229
3337 4 2 0 1 229 601 604 227
3338 4 2 0 1 287 296 457 831
3339 4 2 0 1 670 661 831 287
3340 4 2 0 1 296 287 670 831
3341 4 2 0 1 260 256 262 634
3342 4 2 0 1 630 634 636 256
3343 4 2 0 1 256 634 636 262
3344 4 2 0 1 273 274 275 649
3345 4 2 0 1 648 647 649 273
3346 4 2 0 1 274 273 648 649
3347 4 2 0 1 227 228 229 601
3348 4 2 0 1 602 601 603 228
3349 4 2 0 1 228 601 603 229
3350 4 2 0 1 309 310 311 683
3351 4 2 0 1 684 683 685 310
3352 4 2 0 1 310 683 685 311
3353 4 2 0 1 251 264 454 828
3354 4 2 0 1 638 625 828 264
3355 4 2 0 1 264 625 828 251
3356 4 2 0 1 264 298 299 673
3357 4 2 0 1 672 638 673 298
3358 4 2 0 1 298 638 673 264
3359 4 2 0 1 229 250 448 822
3360 4 2 0 1 624 603 822 229
3361 4 2 0 1 250 229 624 822
3362 4 2 0 1 17 18 181 555
3363 4 2 0 1 104 103 555 18
3364 4 2 0 1 18 103 555 17
3365 4 2 0 1 250 258 447 821
3366 4 2 0 1 632 624 821 250
3367 4 2 0 1 258 250 632 821
3368 4 2 0 1 224 225 226 598
3369 4 2 0 1 599 598 600 225
3370 4 2 0 1 225 598 600 226
3371 4 2 0 1 307 285 308 681
3372 4 2 0 1 659 681 682 285
3373 4 2 0 1 285 681 682 308
3374 4 2 0 1 319 321 446 820
3375 4 2 0 1 695 693 820 319
3376 4 2 0 1 321 319 695 820
3377 4 2 0 1 71 72 191 565
3378 4 2 0 1 158 157 565 72
3379 4 2 0 1 72 157 565 71
3380 4 2 0 1 230 229 231 604
3381 4 2 0 1 603 604 605 229
3382 4 2 0 1 229 604 605 231
3383 4 2 0 1 222 223 224 596
3384 4 2 0 1 597 596 598 223
3385 4 2 0 1 223 596 598 224
3386 4 2 0 1 219 222 449 823
3387 4 2 0 1 596 593 823 219
3388 4 2 0 1 222 219 596 823
3389 4 2 0 1 311 344 345 685
3390 4 2 0 1 718 685 719 344
3391 4 2 0 1 344 685 719 345
3392 4 2 0 1 453 442 461 835
3393 4 2 0 1 816 827 835 442
3394 4 2 0 1 442 827 835 453
3395 4 2 0 1 355 298 356 729
3396 4 2 0 1 672 729 730 298
3397 4 2 0 1 298 729 730 356
3398 4 2 0 1 240 238 242 616
3399 4 2 0 1 612 614 616 238
3400 4 2 0 1 238 614 616 240
3401 4 2 0 1 264 252 265 638
3402 4 2 0 1 626 638 639 252
3403 4 2 0 1 252 638 639 265
3404 4 2 0 1 251 242 252 625
3405 4 2 0 1 616 625 626 242
3406 4 2 0 1 242 625 626 252
3407 4 2 0 1 291 389 451 825
3408 4 2 0 1 763 665 825 291
3409 4 2 0 1 389 291 763 825
3410 4 2 0 1 81 180 444 818
3411 4 2 0 1 554 167 818 81
3412 4 2 0 1 180 81 554 818
3413 4 2 0 1 244 241 245 618
3414 4 2 0 1 615 618 619 241
3415 4 2 0 1 241 618 619 245
3416 4 2 0 1 222 221 223 596
3417 4 2 0 1 595 596 597 221
3418 4 2 0 1 221 596 597 223
3419 4 2 0 1 248 246 253 622
3420 4 2 0 1 620 622 627 246
3421 4 2 0 1 246 622 627 253
3422 4 2 0 1 237 236 238 611
3423 4 2 0 1 610 611 612 236
3424 4 2 0 1 236 611 612 238
3425 4 2 0 1 275 276 316 690
3426 4 2 0 1 650 649 690 275
3427 4 2 0 1 276 275 650 690
3428 4 2 0 1 321 353 446 820
3429 4 2 0 1 727 695 820 321
3430 4 2 0 1 353 321 727 820
3431 4 2 0 1 290 226 453 827
3432 4 2 0 1 600 664 827 226
3433 4 2 0 1 226 664 827 290
3434 4 2 0 1 264 299 454 828
3435 4 2 0 1 673 638 828 264
3436 4 2 0 1 299 264 673 828
3437 4 2 0 1 231 229 448 822
3438 4 2 0 1 603 605 822 229
3439 4 2 0 1 229 605 822 231
3440 4 2 0 1 199 80 444 818
3441 4 2 0 1 166 573 818 80
3442 4 2 0 1 80 573 818 199
3443 4 2 0 1 277 253 278 652
3444 4 2 0 1 627 651 652 253
3445 4 2 0 1 253 651 652 277
3446 4 2 0 1 232 231 233 606
3447 4 2 0 1 605 606 607 231
3448 4 2 0 1 231 606 607 233
3449 4 2 0 1 297 278 303 677
3450 4 2 0 1 652 671 677 278
3451 4 2 0 1 278 671 677 297
3452 4 2 0 1 234 233 236 608
3453 4 2 0 1 607 608 610 233
3454 4 2 0 1 233 608 610 236
3455 4 2 0 1 226 225 227 601
3456 4 2 0 1 599 600 601 225
3457 4 2 0 1 225 600 601 226
3458 4 2 0 1 265 267 452 826
3459 4 2 0 1 641 639 826 265
3460 4 2 0 1 267 265 641 826
3461 4 2 0 1 239 238 240 613
3462 4 2 0 1 612 613 614 238
3463 4 2 0 1 238 613 614 240
3464 4 2 0 1 79 199 445 819
3465 4 2 0 1 573 165 819 79
3466 4 2 0 1 199 79 573 819
3467 4 2 0 1 224 223 225 598
3468 4 2 0 1 597 598 599 223
3469 4 2 0 1 223 598 599 225
3470 4 2 0 1 343 379 408 782
3471 4 2 0 1 753 717 782 343
3472 4 2 0 1 379 343 753 782
3473 4 2 0 1 227 230 453 827
3474 4 2 0 1 604 601 827 227
3475 4 2 0 1 230 227 604 827
3476 4 2 0 1 299 298 355 673
3477 4 2 0 1 672 673 729 298
3478 4 2 0 1 298 673 729 355
3479 4 2 0 1 246 245 450 824
3480 4 2 0 1 619 620 824 245
3481 4 2 0 1 245 620 824 246
3482 4 2 0 1 254 253 277 651
3483 4 2 0 1 627 628 651 253
3484 4 2 0 1 253 628 651 254
3485 4 2 0 1 258 273 447 821
3486 4 2 0 1 647 632 821 258
3487 4 2 0 1 273 258 647 821
3488 4 2 0 1 68 69 196 570
3489 4 2 0 1 155 154 570 69
3490 4 2 0 1 69 154 570 68
3491 4 2 0 1 183 78 445 557
3492 4 2 0 1 164 557 819 78
3493 4 2 0 1 78 557 819 445
3494 4 2 0 1 302 292 359 676
3495 4 2 0 1 666 676 733 292
3496 4 2 0 1 292 676 733 359
3497 4 2 0 1 208 57 481 855
3498 4 2 0 1 143 582 855 57
3499 4 2 0 1 57 582 855 208
3500 4 2 0 1 336 305 461 835
3501 4 2 0 1 679 710 835 305
3502 4 2 0 1 305 710 835 336
3503 4 2 0 1 263 262 288 662
3504 4 2 0 1 636 637 662 262
3505 4 2 0 1 262 637 662 263
3506 4 2 0 1 240 242 251 625
3507 4 2 0 1 616 614 625 240
3508 4 2 0 1 242 240 616 625
3509 4 2 0 1 251 252 264 625
3510 4 2 0 1 626 625 638 252
3511 4 2 0 1 252 625 638 264
3512 4 2 0 1 264 265 298 638
3513 4 2 0 1 639 638 672 265
3514 4 2 0 1 265 638 672 298
3515 4 2 0 1 223 221 451 825
3516 4 2 0 1 595 597 825 221
3517 4 2 0 1 221 597 825 223
3518 4 2 0 1 305 290 461 835
3519 4 2 0 1 664 679 835 290
3520 4 2 0 1 290 679 835 305
3521 4 2 0 1 20 21 188 562
3522 4 2 0 1 107 106 562 21
3523 4 2 0 1 21 106 562 20
3524 4 2 0 1 297 303 313 687
3525 4 2 0 1 677 671 687 297
3526 4 2 0 1 303 297 677 687
3527 4 2 0 1 226 227 453 827
3528 4 2 0 1 601 600 827 226
3529 4 2 0 1 227 226 601 827
3530 4 2 0 1 277 278 297 671
3531 4 2 0 1 652 651 671 277
3532 4 2 0 1 278 277 652 671
3533 4 2 0 1 288 262 323 662
3534 4 2 0 1 636 662 697 262
3535 4 2 0 1 262 662 697 323
3536 4 2 0 1 324 323 351 725
3537 4 2 0 1 697 698 725 323
3538 4 2 0 1 323 698 725 324
3539 4 2 0 1 67 68 459 833
3540 4 2 0 1 154 153 833 68
3541 4 2 0 1 68 153 833 67
3542 4 2 0 1 253 246 450 824
3543 4 2 0 1 620 627 824 246
3544 4 2 0 1 246 627 824 253
3545 4 2 0 1 275 316 322 696
3546 4 2 0 1 690 649 696 275
3547 4 2 0 1 316 275 690 696
3548 4 2 0 1 285 263 455 829
3549 4 2 0 1 637 659 829 263
3550 4 2 0 1 263 659 829 285
3551 4 2 0 1 250 447 448 822
3552 4 2 0 1 821 624 822 250
3553 4 2 0 1 447 250 821 822
3554 4 2 0 1 256 254 456 830
3555 4 2 0 1 628 630 830 254
3556 4 2 0 1 254 630 830 256
3557 4 2 0 1 356 298 452 826
3558 4 2 0 1 672 730 826 298
3559 4 2 0 1 298 730 826 356
3560 4 2 0 1 298 265 452 826
3561 4 2 0 1 639 672 826 265
3562 4 2 0 1 265 672 826 298
3563 4 2 0 1 309 308 310 683
3564 4 2 0 1 682 683 684 308
3565 4 2 0 1 308 683 684 310
3566 4 2 0 1 324 351 363 737
3567 4 2 0 1 725 698 737 324
3568 4 2 0 1 351 324 725 737
3569 4 2 0 1 290 453 461 835
3570 4 2 0 1 827 664 835 290
3571 4 2 0 1 453 290 827 835
3572 4 2 0 1 269 279 293 667
3573 4 2 0 1 653 643 667 269
3574 4 2 0 1 279 269 653 667
3575 4 2 0 1 288 323 324 662
3576 4 2 0 1 697 662 698 323
3577 4 2 0 1 323 662 698 324
3578 4 2 0 1 322 316 352 726
3579 4 2 0 1 690 696 726 316
3580 4 2 0 1 316 696 726 322
3581 4 2 0 1 296 343 457 831
3582 4 2 0 1 717 670 831 296
3583 4 2 0 1 343 296 717 831
3584 4 2 0 1 66 67 200 574
3585 4 2 0 1 153 152 574 67
3586 4 2 0 1 67 152 574 66
3587 4 2 0 1 235 448 474 848
3588 4 2 0 1 822 609 848 235
3589 4 2 0 1 448 235 822 848
3590 4 2 0 1 254 277 456 830
3591 4 2 0 1 651 628 830 254
3592 4 2 0 1 277 254 651 830
3593 4 2 0 1 251 454 460 834
3594 4 2 0 1 828 625 834 251
3595 4 2 0 1 454 251 828 834
3596 4 2 0 1 241 240 460 834
3597 4 2 0 1 614 615 834 240
3598 4 2 0 1 240 615 834 241
3599 4 2 0 1 245 241 460 834
3600 4 2 0 1 615 619 834 241
3601 4 2 0 1 241 619 834 245
3602 4 2 0 1 262 256 456 830
3603 4 2 0 1 630 636 830 256
3604 4 2 0 1 256 636 830 262
3605 4 2 0 1 278 253 450 824
3606 4 2 0 1 627 652 824 253
3607 4 2 0 1 253 652 824 278
3608 4 2 0 1 396 203 485 859
3609 4 2 0 1 577 770 859 203
3610 4 2 0 1 203 770 859 396
3611 4 2 0 1 311 310 344 685
3612 4 2 0 1 684 685 718 310
3613 4 2 0 1 310 685 718 344
3614 4 2 0 1 344 310 357 731
3615 4 2 0 1 684 718 731 310
3616 4 2 0 1 310 718 731 344
3617 4 2 0 1 65 66 458 832
3618 4 2 0 1 152 151 832 66
3619 4 2 0 1 66 151 832 65
3620 4 2 0 1 263 288 455 829
3621 4 2 0 1 662 637 829 263
3622 4 2 0 1 288 263 662 829
3623 4 2 0 1 308 285 455 829
3624 4 2 0 1 659 682 829 285
3625 4 2 0 1 285 682 829 308
3626 4 2 0 1 336 461 469 843
3627 4 2 0 1 835 710 843 336
3628 4 2 0 1 461 336 835 843
3629 4 2 0 1 442 249 469 843
3630 4 2 0 1 623 816 843 249
3631 4 2 0 1 249 816 843 442
3632 4 2 0 1 302 375 376 750
3633 4 2 0 1 749 676 750 375
3634 4 2 0 1 375 676 750 302
3635 4 2 0 1 344 357 371 745
3636 4 2 0 1 731 718 745 344
3637 4 2 0 1 357 344 731 745
3638 4 2 0 1 286 292 302 676
3639 4 2 0 1 666 660 676 286
3640 4 2 0 1 292 286 666 676
3641 4 2 0 1 23 24 197 571
3642 4 2 0 1 110 109 571 24
3643 4 2 0 1 24 109 571 23
3644 4 2 0 1 64 65 206 580
3645 4 2 0 1 151 150 580 65
3646 4 2 0 1 65 150 580 64
3647 4 2 0 1 456 277 470 844
3648 4 2 0 1 651 830 844 277
3649 4 2 0 1 277 830 844 456
3650 4 2 0 1 279 281 463 837
3651 4 2 0 1 655 653 837 279
3652 4 2 0 1 281 279 655 837
3653 4 2 0 1 240 251 460 834
3654 4 2 0 1 625 614 834 240
3655 4 2 0 1 251 240 625 834
3656 4 2 0 1 249 441 476 850
3657 4 2 0 1 815 623 850 249
3658 4 2 0 1 441 249 815 850
3659 4 2 0 1 323 262 456 830
3660 4 2 0 1 636 697 830 262
3661 4 2 0 1 262 697 830 323
3662 4 2 0 1 267 269 464 838
3663 4 2 0 1 643 641 838 267
3664 4 2 0 1 269 267 643 838
3665 4 2 0 1 353 393 467 841
3666 4 2 0 1 767 727 841 353
3667 4 2 0 1 393 353 767 841
3668 4 2 0 1 446 353 467 841
3669 4 2 0 1 727 820 841 353
3670 4 2 0 1 353 820 841 446
3671 4 2 0 1 452 267 464 838
3672 4 2 0 1 641 826 838 267
3673 4 2 0 1 267 826 838 452
3674 4 2 0 1 302 359 375 676
3675 4 2 0 1 733 676 749 359
3676 4 2 0 1 359 676 749 375
3677 4 2 0 1 343 408 457 831
3678 4 2 0 1 782 717 831 343
3679 4 2 0 1 408 343 782 831
3680 4 2 0 1 270 283 482 856
3681 4 2 0 1 657 644 856 270
3682 4 2 0 1 283 270 657 856
3683 4 2 0 1 361 374 378 752
3684 4 2 0 1 748 735 752 361
3685 4 2 0 1 374 361 748 752
3686 4 2 0 1 365 506 513 887
3687 4 2 0 1 880 739 887 506
3688 4 2 0 1 506 739 887 365
3689 4 2 0 1 461 442 469 843
3690 4 2 0 1 816 835 843 442
3691 4 2 0 1 442 835 843 461
3692 4 2 0 1 276 330 475 849
3693 4 2 0 1 704 650 849 276
3694 4 2 0 1 330 276 704 849
3695 4 2 0 1 273 275 465 839
3696 4 2 0 1 649 647 839 273
3697 4 2 0 1 275 273 649 839
3698 4 2 0 1 405 407 483 857
3699 4 2 0 1 781 779 857 405
3700 4 2 0 1 407 405 781 857
3701 4 2 0 1 447 273 465 839
3702 4 2 0 1 647 821 839 273
3703 4 2 0 1 273 821 839 447
3704 4 2 0 1 245 460 471 845
3705 4 2 0 1 834 619 845 245
3706 4 2 0 1 460 245 834 845
3707 4 2 0 1 68 196 459 833
3708 4 2 0 1 570 154 833 68
3709 4 2 0 1 196 68 570 833
3710 4 2 0 1 275 322 465 839
3711 4 2 0 1 696 649 839 275
3712 4 2 0 1 322 275 696 839
3713 4 2 0 1 281 286 466 840
3714 4 2 0 1 660 655 840 281
3715 4 2 0 1 286 281 660 840
3716 4 2 0 1 24 25 462 836
3717 4 2 0 1 111 110 836 25
3718 4 2 0 1 25 110 836 24
3719 4 2 0 1 283 405 484 858
3720 4 2 0 1 779 657 858 283
3721 4 2 0 1 405 283 779 858
3722 4 2 0 1 269 293 464 838
3723 4 2 0 1 667 643 838 269
3724 4 2 0 1 293 269 667 838
3725 4 2 0 1 441 433 468 815
3726 4 2 0 1 807 815 842 433
3727 4 2 0 1 433 815 842 468
3728 4 2 0 1 323 456 470 844
3729 4 2 0 1 830 697 844 323
3730 4 2 0 1 456 323 830 844
3731 4 2 0 1 293 279 463 837
3732 4 2 0 1 653 667 837 279
3733 4 2 0 1 279 667 837 293
3734 4 2 0 1 330 373 473 847
3735 4 2 0 1 747 704 847 330
3736 4 2 0 1 373 330 747 847
3737 4 2 0 1 460 454 471 845
3738 4 2 0 1 828 834 845 454
3739 4 2 0 1 454 834 845 460
3740 4 2 0 1 338 336 469 843
3741 4 2 0 1 710 712 843 336
3742 4 2 0 1 336 712 843 338
3743 4 2 0 1 200 67 459 833
3744 4 2 0 1 153 574 833 67
3745 4 2 0 1 67 574 833 200
3746 4 2 0 1 277 297 470 844
3747 4 2 0 1 671 651 844 277
3748 4 2 0 1 297 277 671 844
3749 4 2 0 1 339 340 478 852
3750 4 2 0 1 714 713 852 339
3751 4 2 0 1 340 339 714 852
3752 4 2 0 1 469 249 476 850
3753 4 2 0 1 623 843 850 249
3754 4 2 0 1 249 843 850 469
3755 4 2 0 1 326 450 471 845
3756 4 2 0 1 824 700 845 326
3757 4 2 0 1 450 326 824 845
3758 4 2 0 1 448 447 474 848
3759 4 2 0 1 821 822 848 447
3760 4 2 0 1 447 822 848 448
3761 4 2 0 1 25 26 207 581
3762 4 2 0 1 112 111 581 26
3763 4 2 0 1 26 111 581 25
3764 4 2 0 1 351 323 470 844
3765 4 2 0 1 697 725 844 323
3766 4 2 0 1 323 725 844 351
3767 4 2 0 1 463 281 466 840
3768 4 2 0 1 655 837 840 281
3769 4 2 0 1 281 837 840 463
3770 4 2 0 1 450 245 471 845
3771 4 2 0 1 619 824 845 245
3772 4 2 0 1 245 824 845 450
3773 4 2 0 1 390 391 485 859
3774 4 2 0 1 765 764 859 390
3775 4 2 0 1 391 390 765 859
3776 4 2 0 1 439 236 477 851
3777 4 2 0 1 610 813 851 236
3778 4 2 0 1 236 813 851 439
3779 4 2 0 1 357 310 472 846
3780 4 2 0 1 684 731 846 310
3781 4 2 0 1 310 731 846 357
3782 4 2 0 1 66 200 458 832
3783 4 2 0 1 574 152 832 66
3784 4 2 0 1 200 66 574 832
3785 4 2 0 1 302 376 466 840
3786 4 2 0 1 750 676 840 302
3787 4 2 0 1 376 302 750 840
3788 4 2 0 1 286 302 466 840
3789 4 2 0 1 676 660 840 286
3790 4 2 0 1 302 286 676 840
3791 4 2 0 1 455 325 472 846
3792 4 2 0 1 699 829 846 325
3793 4 2 0 1 325 829 846 455
3794 4 2 0 1 236 233 477 851
3795 4 2 0 1 607 610 851 233
3796 4 2 0 1 233 610 851 236
3797 4 2 0 1 308 455 472 846
3798 4 2 0 1 829 682 846 308
3799 4 2 0 1 455 308 829 846
3800 4 2 0 1 310 308 472 846
3801 4 2 0 1 682 684 846 308
3802 4 2 0 1 308 684 846 310
3803 4 2 0 1 338 469 476 850
3804 4 2 0 1 843 712 850 338
3805 4 2 0 1 469 338 843 850
3806 4 2 0 1 206 65 458 832
3807 4 2 0 1 151 580 832 65
3808 4 2 0 1 65 580 832 206
3809 4 2 0 1 340 338 476 850
3810 4 2 0 1 712 714 850 338
3811 4 2 0 1 338 714 850 340
3812 4 2 0 1 327 326 479 853
3813 4 2 0 1 700 701 853 326
3814 4 2 0 1 326 701 853 327
3815 4 2 0 1 447 465 474 848
3816 4 2 0 1 839 821 848 447
3817 4 2 0 1 465 447 839 848
3818 4 2 0 1 405 483 484 858
3819 4 2 0 1 857 779 858 405
3820 4 2 0 1 483 405 857 858
3821 4 2 0 1 197 24 462 571
3822 4 2 0 1 110 571 836 24
3823 4 2 0 1 24 571 836 462
3824 4 2 0 1 233 235 477 851
3825 4 2 0 1 609 607 851 233
3826 4 2 0 1 235 233 609 851
3827 4 2 0 1 330 473 475 849
3828 4 2 0 1 847 704 849 330
3829 4 2 0 1 473 330 847 849
3830 4 2 0 1 386 339 478 852
3831 4 2 0 1 713 760 852 339
3832 4 2 0 1 339 760 852 386
3833 4 2 0 1 471 454 479 853
3834 4 2 0 1 828 845 853 454
3835 4 2 0 1 454 845 853 471
3836 4 2 0 1 181 18 480 854
3837 4 2 0 1 104 555 854 18
3838 4 2 0 1 18 555 854 181
3839 4 2 0 1 25 207 462 836
3840 4 2 0 1 581 111 836 25
3841 4 2 0 1 207 25 581 836
3842 4 2 0 1 326 471 479 853
3843 4 2 0 1 845 700 853 326
3844 4 2 0 1 471 326 845 853
3845 4 2 0 1 454 299 479 853
3846 4 2 0 1 673 828 853 299
3847 4 2 0 1 299 828 853 454
3848 4 2 0 1 352 482 484 858
3849 4 2 0 1 856 726 858 482
3850 4 2 0 1 482 726 858 352
3851 4 2 0 1 18 19 480 854
3852 4 2 0 1 105 104 854 19
3853 4 2 0 1 19 104 854 18
3854 4 2 0 1 352 409 482 726
3855 4 2 0 1 783 726 856 409
3856 4 2 0 1 409 726 856 482
3857 4 2 0 1 474 465 483 857
3858 4 2 0 1 839 848 857 465
3859 4 2 0 1 465 848 857 474
3860 4 2 0 1 196 69 486 860
3861 4 2 0 1 155 570 860 69
3862 4 2 0 1 69 570 860 196
3863 4 2 0 1 407 474 483 857
3864 4 2 0 1 848 781 857 407
3865 4 2 0 1 474 407 848 857
3866 4 2 0 1 57 58 481 855
3867 4 2 0 1 144 143 855 58
3868 4 2 0 1 58 143 855 57
3869 4 2 0 1 465 322 483 857
3870 4 2 0 1 696 839 857 322
3871 4 2 0 1 322 839 857 465
3872 4 2 0 1 483 322 484 858
3873 4 2 0 1 696 857 858 322
3874 4 2 0 1 322 857 858 483
3875 4 2 0 1 197 379 518 892
3876 4 2 0 1 753 571 892 379
3877 4 2 0 1 379 571 892 197
3878 4 2 0 1 322 352 484 858
3879 4 2 0 1 726 696 858 322
3880 4 2 0 1 352 322 726 858
3881 4 2 0 1 203 390 485 859
3882 4 2 0 1 764 577 859 203
3883 4 2 0 1 390 203 764 859
3884 4 2 0 1 438 437 487 861
3885 4 2 0 1 811 812 861 437
3886 4 2 0 1 437 812 861 438
3887 4 2 0 1 69 70 486 860
3888 4 2 0 1 156 155 860 70
3889 4 2 0 1 70 155 860 69
3890 4 2 0 1 384 189 497 871
3891 4 2 0 1 563 758 871 189
3892 4 2 0 1 189 758 871 384
3893 4 2 0 1 403 202 488 862
3894 4 2 0 1 576 777 862 202
3895 4 2 0 1 202 777 862 403
3896 4 2 0 1 458 398 521 895
3897 4 2 0 1 772 832 895 398
3898 4 2 0 1 398 832 895 458
3899 4 2 0 1 379 197 534 908
3900 4 2 0 1 571 753 908 379
3901 4 2 0 1 197 379 571 908
3902 4 2 0 1 213 205 489 863
3903 4 2 0 1 579 587 863 205
3904 4 2 0 1 205 587 863 213
3905 4 2 0 1 185 438 487 861
3906 4 2 0 1 812 559 861 185
3907 4 2 0 1 438 185 812 861
3908 4 2 0 1 378 193 538 912
3909 4 2 0 1 567 752 912 193
3910 4 2 0 1 193 752 912 378
3911 4 2 0 1 11 195 489 863
3912 4 2 0 1 569 97 863 11
3913 4 2 0 1 195 11 569 863
3914 4 2 0 1 205 10 489 863
3915 4 2 0 1 96 579 863 10
3916 4 2 0 1 10 579 863 205
3917 4 2 0 1 202 397 488 862
3918 4 2 0 1 771 576 862 202
3919 4 2 0 1 397 202 771 862
3920 4 2 0 1 63 391 520 894
3921 4 2 0 1 765 149 894 63
3922 4 2 0 1 391 63 765 894
3923 4 2 0 1 193 378 548 922
3924 4 2 0 1 752 567 922 193
3925 4 2 0 1 378 193 752 922
3926 4 2 0 1 20 188 490 864
3927 4 2 0 1 562 106 864 20
3928 4 2 0 1 188 20 562 864
3929 4 2 0 1 414 418 492 866
3930 4 2 0 1 792 788 866 414
3931 4 2 0 1 418 414 792 866
3932 4 2 0 1 480 19 490 864
3933 4 2 0 1 105 854 864 19
3934 4 2 0 1 19 854 864 480
3935 4 2 0 1 194 403 498 872
3936 4 2 0 1 777 568 872 194
3937 4 2 0 1 403 194 777 872
3938 4 2 0 1 368 384 497 871
3939 4 2 0 1 758 742 871 368
3940 4 2 0 1 384 368 758 871
3941 4 2 0 1 413 414 492 866
3942 4 2 0 1 788 787 866 413
3943 4 2 0 1 414 413 788 866
3944 4 2 0 1 184 425 533 907
3945 4 2 0 1 799 558 907 184
3946 4 2 0 1 425 184 799 907
3947 4 2 0 1 366 342 501 875
3948 4 2 0 1 716 740 875 342
3949 4 2 0 1 342 740 875 366
3950 4 2 0 1 180 381 502 876
3951 4 2 0 1 755 554 876 381
3952 4 2 0 1 381 554 876 180
3953 4 2 0 1 10 11 489 863
3954 4 2 0 1 97 96 863 11
3955 4 2 0 1 11 96 863 10
3956 4 2 0 1 431 215 493 805
3957 4 2 0 1 589 805 867 215
3958 4 2 0 1 215 805 867 493
3959 4 2 0 1 331 431 494 868
3960 4 2 0 1 805 705 868 331
3961 4 2 0 1 431 331 805 868
3962 4 2 0 1 419 392 497 793
3963 4 2 0 1 766 793 871 392
3964 4 2 0 1 392 793 871 497
3965 4 2 0 1 89 201 495 869
3966 4 2 0 1 575 175 869 89
3967 4 2 0 1 201 89 575 869
3968 4 2 0 1 192 88 495 869
3969 4 2 0 1 174 566 869 88
3970 4 2 0 1 88 566 869 192
3971 4 2 0 1 429 430 543 917
3972 4 2 0 1 804 803 917 429
3973 4 2 0 1 430 429 804 917
3974 4 2 0 1 332 410 500 874
3975 4 2 0 1 784 706 874 332
3976 4 2 0 1 410 332 784 874
3977 4 2 0 1 34 184 503 877
3978 4 2 0 1 558 120 877 34
3979 4 2 0 1 184 34 558 877
3980 4 2 0 1 473 373 501 875
3981 4 2 0 1 747 847 875 373
3982 4 2 0 1 373 847 875 473
3983 4 2 0 1 378 204 548 922
3984 4 2 0 1 578 752 922 204
3985 4 2 0 1 204 752 922 378
3986 4 2 0 1 337 369 502 876
3987 4 2 0 1 743 711 876 337
3988 4 2 0 1 369 337 743 876
3989 4 2 0 1 381 335 502 876
3990 4 2 0 1 709 755 876 335
3991 4 2 0 1 335 755 876 381
3992 4 2 0 1 46 429 504 878
3993 4 2 0 1 803 132 878 46
3994 4 2 0 1 429 46 803 878
3995 4 2 0 1 186 45 504 560
3996 4 2 0 1 131 560 878 45
3997 4 2 0 1 45 560 878 504
3998 4 2 0 1 334 419 505 879
3999 4 2 0 1 793 708 879 334
4000 4 2 0 1 419 334 793 879
4001 4 2 0 1 200 459 499 873
4002 4 2 0 1 833 574 873 200
4003 4 2 0 1 459 200 833 873
4004 4 2 0 1 19 20 490 864
4005 4 2 0 1 106 105 864 20
4006 4 2 0 1 20 105 864 19
4007 4 2 0 1 48 49 507 881
4008 4 2 0 1 135 134 881 49
4009 4 2 0 1 49 134 881 48
4010 4 2 0 1 445 199 528 902
4011 4 2 0 1 573 819 902 199
4012 4 2 0 1 199 819 902 445
4013 4 2 0 1 425 463 533 907
4014 4 2 0 1 837 799 907 463
4015 4 2 0 1 463 799 907 425
4016 4 2 0 1 449 440 508 882
4017 4 2 0 1 814 823 882 440
4018 4 2 0 1 440 823 882 449
4019 4 2 0 1 313 417 510 884
4020 4 2 0 1 791 687 884 313
4021 4 2 0 1 417 313 791 884
4022 4 2 0 1 179 412 511 885
4023 4 2 0 1 786 553 885 179
4024 4 2 0 1 412 179 786 885
4025 4 2 0 1 71 191 509 883
4026 4 2 0 1 565 157 883 71
4027 4 2 0 1 191 71 565 883
4028 4 2 0 1 297 313 510 884
4029 4 2 0 1 687 671 884 297
4030 4 2 0 1 313 297 687 884
4031 4 2 0 1 489 195 493 867
4032 4 2 0 1 569 863 867 195
4033 4 2 0 1 195 863 867 489
4034 4 2 0 1 194 498 514 888
4035 4 2 0 1 872 568 888 194
4036 4 2 0 1 498 194 872 888
4037 4 2 0 1 195 12 506 880
4038 4 2 0 1 98 569 880 12
4039 4 2 0 1 12 569 880 195
4040 4 2 0 1 351 470 510 884
4041 4 2 0 1 844 725 884 351
4042 4 2 0 1 470 351 844 884
4043 4 2 0 1 13 14 513 887
4044 4 2 0 1 100 99 887 14
4045 4 2 0 1 14 99 887 13
4046 4 2 0 1 188 21 512 886
4047 4 2 0 1 107 562 886 21
4048 4 2 0 1 21 562 886 188
4049 4 2 0 1 486 70 509 883
4050 4 2 0 1 156 860 883 70
4051 4 2 0 1 70 860 883 486
4052 4 2 0 1 355 356 491 729
4053 4 2 0 1 730 729 865 356
4054 4 2 0 1 356 729 865 491
4055 4 2 0 1 344 371 514 888
4056 4 2 0 1 745 718 888 344
4057 4 2 0 1 371 344 745 888
4058 4 2 0 1 412 198 491 786
4059 4 2 0 1 572 786 865 198
4060 4 2 0 1 198 786 865 491
4061 4 2 0 1 381 180 529 903
4062 4 2 0 1 554 755 903 381
4063 4 2 0 1 180 381 554 903
4064 4 2 0 1 491 198 492 866
4065 4 2 0 1 572 865 866 198
4066 4 2 0 1 198 865 866 491
4067 4 2 0 1 350 388 515 889
4068 4 2 0 1 762 724 889 350
4069 4 2 0 1 388 350 762 889
4070 4 2 0 1 193 32 517 891
4071 4 2 0 1 118 567 891 32
4072 4 2 0 1 32 567 891 193
4073 4 2 0 1 198 413 492 866
4074 4 2 0 1 787 572 866 198
4075 4 2 0 1 413 198 787 866
4076 4 2 0 1 430 325 543 917
4077 4 2 0 1 699 804 917 325
4078 4 2 0 1 325 804 917 430
4079 4 2 0 1 215 213 493 867
4080 4 2 0 1 587 589 867 213
4081 4 2 0 1 213 589 867 215
4082 4 2 0 1 23 197 518 892
4083 4 2 0 1 571 109 892 23
4084 4 2 0 1 197 23 571 892
4085 4 2 0 1 216 218 522 896
4086 4 2 0 1 592 590 896 216
4087 4 2 0 1 218 216 592 896
4088 4 2 0 1 485 391 552 926
4089 4 2 0 1 765 859 926 391
4090 4 2 0 1 391 859 926 485
4091 4 2 0 1 351 510 519 893
4092 4 2 0 1 884 725 893 351
4093 4 2 0 1 510 351 884 893
4094 4 2 0 1 191 383 539 913
4095 4 2 0 1 757 565 913 191
4096 4 2 0 1 383 191 757 913
4097 4 2 0 1 365 331 494 739
4098 4 2 0 1 705 739 868 331
4099 4 2 0 1 331 739 868 494
4100 4 2 0 1 213 489 493 867
4101 4 2 0 1 863 587 867 213
4102 4 2 0 1 489 213 863 867
4103 4 2 0 1 487 437 508 882
4104 4 2 0 1 811 861 882 437
4105 4 2 0 1 437 861 882 487
4106 4 2 0 1 206 485 552 926
4107 4 2 0 1 859 580 926 485
4108 4 2 0 1 485 580 926 206
4109 4 2 0 1 416 415 544 918
4110 4 2 0 1 789 790 918 415
4111 4 2 0 1 415 790 918 416
4112 4 2 0 1 214 370 527 901
4113 4 2 0 1 744 588 901 214
4114 4 2 0 1 370 214 744 901
4115 4 2 0 1 180 82 529 903
4116 4 2 0 1 168 554 903 82
4117 4 2 0 1 82 554 903 180
4118 4 2 0 1 49 50 531 905
4119 4 2 0 1 136 135 905 50
4120 4 2 0 1 50 135 905 49
4121 4 2 0 1 88 89 495 869
4122 4 2 0 1 175 174 869 89
4123 4 2 0 1 89 174 869 88
4124 4 2 0 1 408 379 534 908
4125 4 2 0 1 753 782 908 379
4126 4 2 0 1 379 782 908 408
4127 4 2 0 1 208 481 520 894
4128 4 2 0 1 855 582 894 208
4129 4 2 0 1 481 208 855 894
4130 4 2 0 1 481 62 520 894
4131 4 2 0 1 148 855 894 62
4132 4 2 0 1 62 855 894 481
4133 4 2 0 1 16 17 536 910
4134 4 2 0 1 103 102 910 17
4135 4 2 0 1 17 102 910 16
4136 4 2 0 1 402 401 539 913
4137 4 2 0 1 775 776 913 401
4138 4 2 0 1 401 776 913 402
4139 4 2 0 1 187 15 537 911
4140 4 2 0 1 101 561 911 15
4141 4 2 0 1 15 561 911 187
4142 4 2 0 1 463 466 533 907
4143 4 2 0 1 840 837 907 463
4144 4 2 0 1 466 463 840 907
4145 4 2 0 1 403 488 498 872
4146 4 2 0 1 862 777 872 403
4147 4 2 0 1 488 403 862 872
4148 4 2 0 1 392 368 497 871
4149 4 2 0 1 742 766 871 368
4150 4 2 0 1 368 766 871 392
4151 4 2 0 1 375 359 538 912
4152 4 2 0 1 733 749 912 359
4153 4 2 0 1 359 749 912 375
4154 4 2 0 1 383 367 539 913
4155 4 2 0 1 741 757 913 367
4156 4 2 0 1 367 757 913 383
4157 4 2 0 1 361 378 538 912
4158 4 2 0 1 752 735 912 361
4159 4 2 0 1 378 361 752 912
4160 4 2 0 1 76 77 540 914
4161 4 2 0 1 163 162 914 77
4162 4 2 0 1 77 162 914 76
4163 4 2 0 1 347 345 498 872
4164 4 2 0 1 719 721 872 345
4165 4 2 0 1 345 721 872 347
4166 4 2 0 1 204 30 548 922
4167 4 2 0 1 116 578 922 30
4168 4 2 0 1 30 578 922 204
4169 4 2 0 1 328 487 508 882
4170 4 2 0 1 861 702 882 328
4171 4 2 0 1 487 328 861 882
4172 4 2 0 1 342 473 501 875
4173 4 2 0 1 847 716 875 342
4174 4 2 0 1 473 342 847 875
4175 4 2 0 1 31 193 548 922
4176 4 2 0 1 567 117 922 31
4177 4 2 0 1 193 31 567 922
4178 4 2 0 1 84 185 550 924
4179 4 2 0 1 559 170 924 84
4180 4 2 0 1 185 84 559 924
4181 4 2 0 1 396 485 521 895
4182 4 2 0 1 859 770 895 396
4183 4 2 0 1 485 396 859 895
4184 4 2 0 1 63 64 552 926
4185 4 2 0 1 150 149 926 64
4186 4 2 0 1 64 149 926 63
4187 4 2 0 1 415 182 544 918
4188 4 2 0 1 556 789 918 182
4189 4 2 0 1 182 789 918 415
4190 4 2 0 1 528 199 549 923
4191 4 2 0 1 573 902 923 199
4192 4 2 0 1 199 902 923 528
4193 4 2 0 1 42 43 544 918
4194 4 2 0 1 129 128 918 43
4195 4 2 0 1 43 128 918 42
4196 4 2 0 1 325 324 543 917
4197 4 2 0 1 698 699 917 324
4198 4 2 0 1 324 699 917 325
4199 4 2 0 1 499 459 526 900
4200 4 2 0 1 833 873 900 459
4201 4 2 0 1 459 873 900 499
4202 4 2 0 1 348 349 499 873
4203 4 2 0 1 723 722 873 348
4204 4 2 0 1 349 348 723 873
4205 4 2 0 1 485 206 521 895
4206 4 2 0 1 580 859 895 485
4207 4 2 0 1 206 485 580 895
4208 4 2 0 1 341 332 500 874
4209 4 2 0 1 706 715 874 332
4210 4 2 0 1 332 715 874 341
4211 4 2 0 1 488 347 498 872
4212 4 2 0 1 721 862 872 347
4213 4 2 0 1 347 862 872 488
4214 4 2 0 1 494 195 506 880
4215 4 2 0 1 569 868 880 195
4216 4 2 0 1 195 868 880 494
4217 4 2 0 1 335 337 502 876
4218 4 2 0 1 711 709 876 335
4219 4 2 0 1 337 335 711 876
4220 4 2 0 1 33 34 503 877
4221 4 2 0 1 120 119 877 34
4222 4 2 0 1 34 119 877 33
4223 4 2 0 1 186 417 516 890
4224 4 2 0 1 791 560 890 417
4225 4 2 0 1 417 560 890 186
4226 4 2 0 1 45 46 504 878
4227 4 2 0 1 132 131 878 46
4228 4 2 0 1 46 131 878 45
4229 4 2 0 1 357 472 545 919
4230 4 2 0 1 846 731 919 357
4231 4 2 0 1 472 357 846 919
4232 4 2 0 1 444 369 549 923
4233 4 2 0 1 743 818 923 444
4234 4 2 0 1 369 444 743 923
4235 4 2 0 1 411 334 505 879
4236 4 2 0 1 708 785 879 334
4237 4 2 0 1 334 785 879 411
4238 4 2 0 1 382 381 529 903
4239 4 2 0 1 755 756 903 381
4240 4 2 0 1 381 756 903 382
4241 4 2 0 1 218 449 535 909
4242 4 2 0 1 823 592 909 218
4243 4 2 0 1 449 218 823 909
4244 4 2 0 1 43 44 516 890
4245 4 2 0 1 130 129 890 44
4246 4 2 0 1 44 129 890 43
4247 4 2 0 1 363 351 519 893
4248 4 2 0 1 725 737 893 351
4249 4 2 0 1 351 737 893 363
4250 4 2 0 1 12 13 506 880
4251 4 2 0 1 99 98 880 13
4252 4 2 0 1 13 98 880 12
4253 4 2 0 1 514 371 531 905
4254 4 2 0 1 745 888 905 371
4255 4 2 0 1 371 888 905 514
4256 4 2 0 1 498 345 514 888
4257 4 2 0 1 719 872 888 345
4258 4 2 0 1 345 872 888 498
4259 4 2 0 1 189 75 532 906
4260 4 2 0 1 161 563 906 75
4261 4 2 0 1 75 563 906 189
4262 4 2 0 1 452 464 525 899
4263 4 2 0 1 838 826 899 452
4264 4 2 0 1 464 452 838 899
4265 4 2 0 1 354 365 524 898
4266 4 2 0 1 739 728 898 354
4267 4 2 0 1 365 354 739 898
4268 4 2 0 1 190 48 507 881
4269 4 2 0 1 134 564 881 48
4270 4 2 0 1 48 564 881 190
4271 4 2 0 1 181 394 547 921
4272 4 2 0 1 768 555 921 181
4273 4 2 0 1 394 181 768 921
4274 4 2 0 1 440 328 508 882
4275 4 2 0 1 702 814 882 328
4276 4 2 0 1 328 814 882 440
4277 4 2 0 1 44 186 516 890
4278 4 2 0 1 560 130 890 44
4279 4 2 0 1 186 44 560 890
4280 4 2 0 1 33 503 517 891
4281 4 2 0 1 877 119 891 33
4282 4 2 0 1 503 33 877 891
4283 4 2 0 1 449 508 535 909
4284 4 2 0 1 882 823 909 449
4285 4 2 0 1 508 449 882 909
4286 4 2 0 1 70 71 509 883
4287 4 2 0 1 157 156 883 71
4288 4 2 0 1 71 156 883 70
4289 4 2 0 1 341 500 528 902
4290 4 2 0 1 874 715 902 341
4291 4 2 0 1 500 341 874 902
4292 4 2 0 1 470 297 510 884
4293 4 2 0 1 671 844 884 297
4294 4 2 0 1 297 844 884 470
4295 4 2 0 1 428 179 511 802
4296 4 2 0 1 553 802 885 179
4297 4 2 0 1 179 802 885 511
4298 4 2 0 1 348 499 526 900
4299 4 2 0 1 873 722 900 348
4300 4 2 0 1 499 348 873 900
4301 4 2 0 1 382 529 550 924
4302 4 2 0 1 903 756 924 382
4303 4 2 0 1 529 382 903 924
4304 4 2 0 1 364 377 547 921
4305 4 2 0 1 751 738 921 364
4306 4 2 0 1 377 364 751 921
4307 4 2 0 1 21 22 512 886
4308 4 2 0 1 108 107 886 22
4309 4 2 0 1 22 107 886 21
4310 4 2 0 1 525 464 541 915
4311 4 2 0 1 838 899 915 464
4312 4 2 0 1 464 899 915 525
4313 4 2 0 1 14 187 513 887
4314 4 2 0 1 561 100 887 14
4315 4 2 0 1 187 14 561 887
4316 4 2 0 1 417 186 519 893
4317 4 2 0 1 560 791 893 417
4318 4 2 0 1 186 417 560 893
4319 4 2 0 1 510 417 519 893
4320 4 2 0 1 791 884 893 417
4321 4 2 0 1 417 884 893 510
4322 4 2 0 1 388 354 524 898
4323 4 2 0 1 728 762 898 388
4324 4 2 0 1 354 388 728 898
4325 4 2 0 1 190 507 523 897
4326 4 2 0 1 881 564 897 190
4327 4 2 0 1 507 190 881 897
4328 4 2 0 1 199 444 549 923
4329 4 2 0 1 818 573 923 199
4330 4 2 0 1 444 199 818 923
4331 4 2 0 1 345 344 514 888
4332 4 2 0 1 718 719 888 344
4333 4 2 0 1 344 719 888 345
4334 4 2 0 1 459 196 526 900
4335 4 2 0 1 570 833 900 196
4336 4 2 0 1 196 833 900 459
4337 4 2 0 1 356 452 525 899
4338 4 2 0 1 826 730 899 356
4339 4 2 0 1 452 356 826 899
4340 4 2 0 1 512 22 518 892
4341 4 2 0 1 108 886 892 22
4342 4 2 0 1 22 886 892 512
4343 4 2 0 1 515 187 537 911
4344 4 2 0 1 561 889 911 515
4345 4 2 0 1 187 515 561 911
4346 4 2 0 1 417 416 516 890
4347 4 2 0 1 790 791 890 416
4348 4 2 0 1 416 791 890 417
4349 4 2 0 1 377 350 515 889
4350 4 2 0 1 724 751 889 350
4351 4 2 0 1 350 751 889 377
4352 4 2 0 1 398 396 521 895
4353 4 2 0 1 770 772 895 396
4354 4 2 0 1 396 772 895 398
4355 4 2 0 1 32 33 517 891
4356 4 2 0 1 119 118 891 33
4357 4 2 0 1 33 118 891 32
4358 4 2 0 1 365 494 506 739
4359 4 2 0 1 868 739 880 494
4360 4 2 0 1 494 739 880 506
4361 4 2 0 1 463 425 551 925
4362 4 2 0 1 799 837 925 463
4363 4 2 0 1 425 463 799 925
4364 4 2 0 1 464 293 541 915
4365 4 2 0 1 667 838 915 293
4366 4 2 0 1 293 838 915 464
4367 4 2 0 1 391 208 520 894
4368 4 2 0 1 582 765 894 208
4369 4 2 0 1 208 765 894 391
4370 4 2 0 1 505 189 532 906
4371 4 2 0 1 563 879 906 189
4372 4 2 0 1 189 879 906 505
4373 4 2 0 1 22 23 518 892
4374 4 2 0 1 109 108 892 23
4375 4 2 0 1 23 108 892 22
4376 4 2 0 1 59 60 496 870
4377 4 2 0 1 146 145 870 60
4378 4 2 0 1 60 145 870 59
4379 4 2 0 1 523 357 545 919
4380 4 2 0 1 731 897 919 357
4381 4 2 0 1 357 897 919 523
4382 4 2 0 1 62 63 520 894
4383 4 2 0 1 149 148 894 63
4384 4 2 0 1 63 148 894 62
4385 4 2 0 1 370 216 522 896
4386 4 2 0 1 590 744 896 216
4387 4 2 0 1 216 744 896 370
4388 4 2 0 1 206 458 521 895
4389 4 2 0 1 832 580 895 206
4390 4 2 0 1 458 206 832 895
4391 4 2 0 1 430 190 523 897
4392 4 2 0 1 564 804 897 190
4393 4 2 0 1 190 804 897 430
4394 4 2 0 1 75 76 532 906
4395 4 2 0 1 162 161 906 76
4396 4 2 0 1 76 161 906 75
4397 4 2 0 1 526 196 546 920
4398 4 2 0 1 570 900 920 196
4399 4 2 0 1 196 900 920 526
4400 4 2 0 1 541 293 551 925
4401 4 2 0 1 667 915 925 293
4402 4 2 0 1 293 915 925 541
4403 4 2 0 1 212 214 527 901
4404 4 2 0 1 588 586 901 212
4405 4 2 0 1 214 212 588 901
4406 4 2 0 1 372 348 526 900
4407 4 2 0 1 722 746 900 348
4408 4 2 0 1 348 746 900 372
4409 4 2 0 1 386 341 528 902
4410 4 2 0 1 715 760 902 386
4411 4 2 0 1 341 386 715 902
4412 4 2 0 1 82 83 529 903
4413 4 2 0 1 169 168 903 83
4414 4 2 0 1 83 168 903 82
4415 4 2 0 1 365 513 524 898
4416 4 2 0 1 887 739 898 365
4417 4 2 0 1 513 365 887 898
4418 4 2 0 1 50 194 531 905
4419 4 2 0 1 568 136 905 50
4420 4 2 0 1 194 50 568 905
4421 4 2 0 1 362 408 534 908
4422 4 2 0 1 782 736 908 362
4423 4 2 0 1 408 362 782 908
4424 4 2 0 1 325 430 545 919
4425 4 2 0 1 804 699 919 325
4426 4 2 0 1 430 325 804 919
4427 4 2 0 1 466 376 533 907
4428 4 2 0 1 750 840 907 376
4429 4 2 0 1 376 840 907 466
4430 4 2 0 1 437 436 535 909
4431 4 2 0 1 810 811 909 436
4432 4 2 0 1 436 811 909 437
4433 4 2 0 1 17 181 536 910
4434 4 2 0 1 555 103 910 17
4435 4 2 0 1 181 17 555 910
4436 4 2 0 1 428 525 541 915
4437 4 2 0 1 899 802 915 525
4438 4 2 0 1 525 802 915 428
4439 4 2 0 1 194 514 531 905
4440 4 2 0 1 888 568 905 194
4441 4 2 0 1 514 194 888 905
4442 4 2 0 1 15 16 537 911
4443 4 2 0 1 102 101 911 16
4444 4 2 0 1 16 101 911 15
4445 4 2 0 1 508 437 535 909
4446 4 2 0 1 811 882 909 437
4447 4 2 0 1 437 882 909 508
4448 4 2 0 1 372 526 546 920
4449 4 2 0 1 900 746 920 372
4450 4 2 0 1 526 372 900 920
4451 4 2 0 1 293 463 551 925
4452 4 2 0 1 837 667 925 293
4453 4 2 0 1 463 293 837 925
4454 4 2 0 1 362 534 542 916
4455 4 2 0 1 908 736 916 362
4456 4 2 0 1 534 362 908 916
4457 4 2 0 1 359 361 538 912
4458 4 2 0 1 735 733 912 359
4459 4 2 0 1 361 359 735 912
4460 4 2 0 1 529 83 550 924
4461 4 2 0 1 169 903 924 83
4462 4 2 0 1 83 903 924 529
4463 4 2 0 1 386 528 549 923
4464 4 2 0 1 902 760 923 386
4465 4 2 0 1 528 386 902 923
4466 4 2 0 1 367 402 539 913
4467 4 2 0 1 776 741 913 367
4468 4 2 0 1 402 367 776 913
4469 4 2 0 1 77 183 540 914
4470 4 2 0 1 557 163 914 77
4471 4 2 0 1 183 77 557 914
4472 4 2 0 1 426 428 541 915
4473 4 2 0 1 802 800 915 426
4474 4 2 0 1 428 426 802 915
4475 4 2 0 1 196 486 546 920
4476 4 2 0 1 860 570 920 196
4477 4 2 0 1 486 196 860 920
4478 4 2 0 1 394 364 547 921
4479 4 2 0 1 738 768 921 394
4480 4 2 0 1 364 394 738 921
4481 4 2 0 1 374 362 542 916
4482 4 2 0 1 736 748 916 362
4483 4 2 0 1 362 748 916 374
4484 4 2 0 1 486 400 546 920
4485 4 2 0 1 774 860 920 400
4486 4 2 0 1 400 860 920 486
4487 4 2 0 1 324 363 543 917
4488 4 2 0 1 737 698 917 324
4489 4 2 0 1 363 324 737 917
4490 4 2 0 1 182 42 544 918
4491 4 2 0 1 128 556 918 42
4492 4 2 0 1 42 556 918 182
4493 4 2 0 1 426 541 551 925
4494 4 2 0 1 915 800 925 426
4495 4 2 0 1 541 426 915 925
4496 4 2 0 1 511 356 525 899
4497 4 2 0 1 730 885 899 356
4498 4 2 0 1 356 885 899 511
4499 4 2 0 1 472 325 545 919
4500 4 2 0 1 699 846 919 325
4501 4 2 0 1 325 846 919 472
4502 4 2 0 1 377 536 547 921
4503 4 2 0 1 910 751 921 377
4504 4 2 0 1 536 377 910 921
4505 4 2 0 1 400 372 546 920
4506 4 2 0 1 746 774 920 372
4507 4 2 0 1 372 774 920 400
4508 4 2 0 1 30 31 548 922
4509 4 2 0 1 117 116 922 31
4510 4 2 0 1 31 116 922 30
4511 4 2 0 1 369 386 549 923
4512 4 2 0 1 760 743 923 369
4513 4 2 0 1 386 369 760 923
4514 4 2 0 1 425 426 551 925
4515 4 2 0 1 800 799 925 425
4516 4 2 0 1 426 425 800 925
4517 4 2 0 1 83 84 550 924
4518 4 2 0 1 170 169 924 84
4519 4 2 0 1 84 169 924 83
4520 4 2 0 1 64 206 552 926
4521 4 2 0 1 580 150 926 64
4522 4 2 0 1 206 64 580 926
4523 4 2 0 1 428 511 525 802
4524 4 2 0 1 885 802 899 511
4525 4 2 0 1 511 802 899 525
4526 4 2 0 1 513 187 524 898
4527 4 2 0 1 561 887 898 187
4528 4 2 0 1 187 887 898 513
4529 4 2 0 1 411 505 532 906
4530 4 2 0 1 879 785 906 411
4531 4 2 0 1 505 411 879 906
4532 4 2 0 1 377 515 537 911
4533 4 2 0 1 889 751 911 377
4534 4 2 0 1 515 377 889 911
4535 4 2 0 1 430 523 545 919
4536 4 2 0 1 897 804 919 430
4537 4 2 0 1 523 430 897 919
4538 4 2 0 1 536 181 547 921
4539 4 2 0 1 555 910 921 181
4540 4 2 0 1 181 910 921 536
$EndElements
