$MeshFormat
2.2 0 8
$EndMeshFormat
$Nodes
827
1 0 -0.02818634919822216 -0.004036326892673969
2 0.0006910707452334464 -0.0310185719281435 -0.004036326892673969
3 0.300000011920929 -0.1000000014901161 -0.004036326892673969
4 0.00208680029027164 -0.03666942939162254 -0.004036326892673969
5 0.004187188576906919 -0.04161562770605087 -0.004036326892673969
6 0.006596885155886412 -0.04643405601382256 -0.004036326892673969
7 0.009260867722332478 -0.05120500549674034 -0.004036326892673969
8 0.01217913534492254 -0.05592847242951393 -0.004036326892673969
9 0.01535168848931789 -0.06060446053743362 -0.004036326892673969
10 0.01877852715551853 -0.06523296236991882 -0.004036326892673969
11 0.02245965041220188 -0.06981398910284042 -0.004036326892673969
12 0.02639505825936794 -0.07434753328561783 -0.004036326892673969
13 0.02989368326961994 -0.07952466607093811 -0.004036326892673969
14 0.03294193372130394 -0.08535898476839066 -0.004036326892673969
15 0.03553980961441994 -0.09185047447681427 -0.004036326892673969
16 0.03808266296982765 -0.09842225164175034 -0.004036326892673969
17 0.04062551632523537 -0.1049940288066864 -0.004036326892673969
18 0.04316836968064308 -0.1115658134222031 -0.004036326892673969
19 0.0457112230360508 -0.1181375905871391 -0.004036326892673969
20 0.04825407639145851 -0.1247093677520752 -0.004036326892673969
21 0.05079692974686623 -0.1312811523675919 -0.004036326892673969
22 0.05333978310227394 -0.1378529220819473 -0.004036326892673969
23 0.05588263645768166 -0.144424706697464 -0.004036326892673969
24 0.05842549353837967 -0.1509964913129807 -0.004036326892673969
25 0.06096834689378738 -0.1575682610273361 -0.004036326892673969
26 0.0635112002491951 -0.1641400456428528 -0.004036326892673969
27 0.06605405360460281 -0.1707118302583694 -0.004036326892673969
28 0.06859690696001053 -0.1772835999727249 -0.004036326892673969
29 0.07113976031541824 -0.1838553845882416 -0.004036326892673969
30 0.07368261367082596 -0.1904271692037582 -0.004036326892673969
31 0.07622546702623367 -0.1969989389181137 -0.004036326892673969
32 0.07876832038164139 -0.2035707235336304 -0.004036326892673969
33 0.0813111737370491 -0.210142508149147 -0.004036326892673969
34 0.08385402709245682 -0.2167142778635025 -0.004036326892673969
35 0.08639688044786453 -0.2232860624790192 -0.004036326892673969
36 0.08893973380327225 -0.2298578470945358 -0.004036326892673969
37 0.09148258715867996 -0.2364296168088913 -0.004036326892673969
38 0.09402544051408768 -0.243001401424408 -0.004036326892673969
39 0.09656829386949539 -0.2495731860399246 -0.004036326892673969
40 0.09911114722490311 -0.2561449706554413 -0.004036326892673969
41 0.1016540005803108 -0.2627167403697968 -0.004036326892673969
42 0.1041968539357185 -0.2692885100841522 -0.004036326892673969
43 0.1067397072911263 -0.2758603096008301 -0.004036326892673969
44 0.109282560646534 -0.2824320793151855 -0.004036326892673969
45 0.1118254140019417 -0.289003849029541 -0.004036326892673969
46 0.1143682673573494 -0.2955756485462189 -0.004036326892673969
47 0.1169111207127571 -0.3021474182605743 -0.004036326892673969
48 0.1194539740681648 -0.3087191879749298 -0.004036326892673969
49 0.1219968274235725 -0.3152909874916077 -0.004036326892673969
50 0.1245396807789803 -0.3218627572059631 -0.004036326892673969
51 0.1270825415849686 -0.3284345269203186 -0.004036326892673969
52 0.1296253949403763 -0.3350063264369965 -0.004036326892673969
53 0.132168248295784 -0.3415780961513519 -0.004036326892673969
54 0.1347111016511917 -0.3481498658657074 -0.004036326892673969
55 0.1372539550065994 -0.3547216653823853 -0.004036326892673969
56 0.1397968083620071 -0.3612934350967407 -0.004036326892673969
57 0.1423396617174149 -0.3678652048110962 -0.004036326892673969
58 0.1448825150728226 -0.374437004327774 -0.004036326892673969
59 0.1474253684282303 -0.3810087740421295 -0.004036326892673969
60 0.149968221783638 -0.387580543756485 -0.004036326892673969
61 0.1525110751390457 -0.3941523432731628 -0.004036326892673969
62 0.1550539284944534 -0.4007241129875183 -0.004036326892673969
63 0.1575967818498611 -0.4072958827018738 -0.004036326892673969
64 0.1601396352052689 -0.4138676822185516 -0.004036326892673969
65 0.1626824885606766 -0.4204394519329071 -0.004036326892673969
66 0.1652253419160843 -0.4270112216472626 -0.004036326892673969
67 0.167768195271492 -0.4335830211639404 -0.004036326892673969
68 0.1703110486268997 -0.4401547908782959 -0.004036326892673969
69 0.1728539019823074 -0.4467265605926514 -0.004036326892673969
70 0.1753967553377151 -0.4532983601093292 -0.004036326892673969
71 0.1779396086931229 -0.4598701298236847 -0.004036326892673969
72 0.1804824620485306 -0.4664418995380402 -0.004036326892673969
73 0.1830253154039383 -0.473013699054718 -0.004036326892673969
74 0.185568168759346 -0.4795854687690735 -0.004036326892673969
75 0.1881110221147537 -0.486157238483429 -0.004036326892673969
76 0.1906538754701614 -0.4927290380001068 -0.004036326892673969
77 0.1931967288255692 -0.4993008077144623 -0.004036326892673969
78 0.1957395821809769 -0.5058726072311401 -0.004036326892673969
79 0.1982824355363846 -0.5124443769454956 -0.004036326892673969
80 0.2008252888917923 -0.5190161466598511 -0.004036326892673969
81 0.2033681422472 -0.5255879163742065 -0.004036326892673969
82 0.2059109956026077 -0.532159686088562 -0.004036326892673969
83 0.2084538489580154 -0.5387314558029175 -0.004036326892673969
84 0.2109967023134232 -0.5453032851219177 -0.004036326892673969
85 0.2135395556688309 -0.5518750548362732 -0.004036326892673969
86 0.2160824090242386 -0.5584468245506287 -0.004036326892673969
87 0.2186252623796463 -0.5650185942649841 -0.004036326892673969
88 0.221168115735054 -0.5715903639793396 -0.004036326892673969
89 0.2239533960819244 -0.5772789120674133 -0.004036326892673969
90 0.2270385324954987 -0.5818749070167542 -0.004036326892673969
91 0.2304235249757767 -0.5853784680366516 -0.004036326892673969
92 0.2341083437204361 -0.5877895951271057 -0.004036326892673969
93 0.2380930334329605 -0.5891081690788269 -0.004036326892673969
94 0.2423775643110275 -0.5893343687057495 -0.004036326892673969
95 0.2469619363546371 -0.5884680151939392 -0.004036326892673969
96 0.2518461644649506 -0.5865092277526855 -0.004036326892673969
97 0.2570302188396454 -0.5834579467773438 -0.004036326892673969
98 0.2625141441822052 -0.5793142318725586 -0.004036326892673969
99 0.2680554986000061 -0.5749613046646118 -0.004036326892673969
100 0.2735968232154846 -0.570608377456665 -0.004036326892673969
101 0.2791381776332855 -0.5662554502487183 -0.004036326892673969
102 0.284679502248764 -0.5619025230407715 -0.004036326892673969
103 0.2902208566665649 -0.5575495958328247 -0.004036326892673969
104 0.2957621812820435 -0.5531966686248779 -0.004036326892673969
105 0.3013035356998444 -0.5488437414169312 -0.004036326892673969
106 0.3068448603153229 -0.5444908738136292 -0.004036326892673969
107 0.3123862147331238 -0.5401379466056824 -0.004036326892673969
108 0.3179275393486023 -0.5357850193977356 -0.004036326892673969
109 0.3234688937664032 -0.5314320921897888 -0.004036326892673969
110 0.3290102183818817 -0.527079164981842 -0.004036326892673969
111 0.3345515727996826 -0.5227262377738953 -0.004036326892673969
112 0.3400928974151611 -0.5183733105659485 -0.004036326892673969
113 0.345634251832962 -0.5140203833580017 -0.004036326892673969
114 0.3511755764484406 -0.5096674561500549 -0.004036326892673969
115 0.3567169308662415 -0.5053145289421082 -0.004036326892673969
116 0.36225825548172 -0.5009616017341614 -0.004036326892673969
117 0.3677996098995209 -0.4966086745262146 -0.004036326892673969
118 0.3733409345149994 -0.4922557473182678 -0.004036326892673969
119 0.3788822889328003 -0.487902820110321 -0.004036326892673969
120 0.3844236135482788 -0.4835498929023743 -0.004036326892673969
121 0.3899649679660797 -0.4791969954967499 -0.004036326892673969
122 0.3955062925815582 -0.4748440682888031 -0.004036326892673969
123 0.4010476469993591 -0.4704911410808563 -0.004036326892673969
124 0.4065889716148376 -0.4661382138729095 -0.004036326892673969
125 0.4121303260326385 -0.4617852866649628 -0.004036326892673969
126 0.4176716506481171 -0.457432359457016 -0.004036326892673969
127 0.423213005065918 -0.4530794322490692 -0.004036326892673969
128 0.4287543296813965 -0.4487265050411224 -0.004036326892673969
129 0.4342956840991974 -0.4443735778331757 -0.004036326892673969
130 0.4398370087146759 -0.4400206506252289 -0.004036326892673969
131 0.4453783631324768 -0.4356677234172821 -0.004036326892673969
132 0.4509196877479553 -0.4313148260116577 -0.004036326892673969
133 0.4564610421657562 -0.4269618988037109 -0.004036326892673969
134 0.4620023667812347 -0.4226089715957642 -0.004036326892673969
135 0.4675437211990356 -0.4182560443878174 -0.004036326892673969
136 0.4730850458145142 -0.4139031171798706 -0.004036326892673969
137 0.4786264002323151 -0.4095501899719238 -0.004036326892673969
138 0.4841677248477936 -0.4051972627639771 -0.004036326892673969
139 0.4897090792655945 -0.4008443355560303 -0.004036326892673969
140 0.495250403881073 -0.3964914083480835 -0.004036326892673969
141 0.5007917284965515 -0.3921384811401367 -0.004036326892673969
142 0.5063331127166748 -0.3877855837345123 -0.004036326892673969
143 0.5118744373321533 -0.3834326565265656 -0.004036326892673969
144 0.5174157619476318 -0.3790797293186188 -0.004036326892673969
145 0.5229571461677551 -0.3747268319129944 -0.004036326892673969
146 0.5284984707832336 -0.37037393450737 -0.004036326892673969
147 0.5340398550033569 -0.3660210371017456 -0.004036326892673969
148 0.5395811796188354 -0.3616681396961212 -0.004036326892673969
149 0.5451225638389587 -0.3573152422904968 -0.004036326892673969
150 0.550663948059082 -0.3529623448848724 -0.004036326892673969
151 0.5562052726745605 -0.348609447479248 -0.004036326892673969
152 0.5617466568946838 -0.344256579875946 -0.004036326892673969
153 0.5672880411148071 -0.3399036824703217 -0.004036326892673969
154 0.5728294253349304 -0.3355507850646973 -0.004036326892673969
155 0.5783707499504089 -0.3311979174613953 -0.004036326892673969
156 0.5839121341705322 -0.3268450200557709 -0.004036326892673969
157 0.5894535183906555 -0.3224921524524689 -0.004036326892673969
158 0.5949949026107788 -0.3181392550468445 -0.004036326892673969
159 0.6005362272262573 -0.3137863576412201 -0.004036326892673969
160 0.6060776114463806 -0.3094334900379181 -0.004036326892673969
161 0.6116189956665039 -0.3050805926322937 -0.004036326892673969
162 0.6171603798866272 -0.3007276952266693 -0.004036326892673969
163 0.6227017045021057 -0.2963748276233673 -0.004036326892673969
164 0.628243088722229 -0.2920219302177429 -0.004036326892673969
165 0.6337844729423523 -0.2876690626144409 -0.004036326892673969
166 0.6393258571624756 -0.2833161652088165 -0.004036326892673969
167 0.6448671817779541 -0.2789632678031921 -0.004036326892673969
168 0.6504085659980774 -0.2746104001998901 -0.004036326892673969
169 0.6559499502182007 -0.2702575027942657 -0.004036326892673969
170 0.661491334438324 -0.2659046053886414 -0.004036326892673969
171 0.6670326590538025 -0.2615517377853394 -0.004036326892673969
172 0.6725740432739258 -0.257198840379715 -0.004036326892673969
173 0.6781154274940491 -0.252845972776413 -0.004036326892673969
174 0.6836568117141724 -0.2484930753707886 -0.004036326892673969
175 0.6891981363296509 -0.2441401928663254 -0.004036326892673969
176 0.6947395205497742 -0.239787295460701 -0.004036326892673969
177 0.7002809047698975 -0.2354344129562378 -0.004036326892673969
178 0.7058222889900208 -0.2310815304517746 -0.004036326892673969
179 0.7113636136054993 -0.2267286479473114 -0.004036326892673969
180 0.7169049978256226 -0.222375750541687 -0.004036326892673969
181 0.7224463820457458 -0.2180228680372238 -0.004036326892673969
182 0.7279877662658691 -0.2136699855327606 -0.004036326892673969
183 0.7335290908813477 -0.2093171030282974 -0.004036326892673969
184 0.7390704751014709 -0.204964205622673 -0.004036326892673969
185 0.7446118593215942 -0.2006113231182098 -0.004036326892673969
186 0.7501532435417175 -0.1962584406137466 -0.004036326892673969
187 0.755694568157196 -0.1919055581092834 -0.004036326892673969
188 0.7612359523773193 -0.1875526607036591 -0.004036326892673969
189 0.7667773365974426 -0.1831997781991959 -0.004036326892673969
190 0.7723187208175659 -0.1788468956947327 -0.004036326892673969
191 0.7778600454330444 -0.1744940131902695 -0.004036326892673969
192 0.7834014296531677 -0.1701411157846451 -0.004036326892673969
193 0.788942813873291 -0.1657882332801819 -0.004036326892673969
194 0.7944841980934143 -0.1614353507757187 -0.004036326892673969
195 0.8000255227088928 -0.1570824682712555 -0.004036326892673969
196 0.8055669069290161 -0.1527295708656311 -0.004036326892673969
197 0.8111082911491394 -0.1483766883611679 -0.004036326892673969
198 0.8166496753692627 -0.1440238058567047 -0.004036326892673969
199 0.822191059589386 -0.1396709382534027 -0.004036326892673969
200 0.8277324438095093 -0.1353180706501007 -0.004036326892673969
201 0.8332738280296326 -0.1309652030467987 -0.004036326892673969
202 0.8388152122497559 -0.1266123503446579 -0.004036326892673969
203 0.8443565964698792 -0.1222594901919365 -0.004036326892673969
204 0.8498979806900024 -0.1179066449403763 -0.004036326892673969
205 0.8554393649101257 -0.1135537996888161 -0.004036326892673969
206 0.8609808087348938 -0.1092009618878365 -0.004036326892673969
207 0.8665221929550171 -0.1048481315374374 -0.004036326892673969
208 0.8720636367797852 -0.1004953011870384 -0.004036326892673969
209 0.8776050209999084 -0.09614246338605881 -0.004036326892673969
210 0.8831464648246765 -0.09178963303565979 -0.004036326892673969
211 0.8886878490447998 -0.08743679523468018 -0.004036326892673969
212 0.8942292928695679 -0.08308396488428116 -0.004036326892673969
213 0.8997706770896912 -0.07873113453388214 -0.004036326892673969
214 0.9053120613098145 -0.07437829673290253 -0.004036326892673969
215 0.9108535051345825 -0.07002546638250351 -0.004036326892673969
216 0.9163948893547058 -0.0656726285815239 -0.004036326892673969
217 0.9219363331794739 -0.06131979823112488 -0.004036326892673969
218 0.9274777173995972 -0.05696696415543556 -0.004036326892673969
219 0.9330191612243652 -0.05261413380503654 -0.004036326892673969
220 0.9385605454444885 -0.04826129972934723 -0.004036326892673969
221 0.9441019892692566 -0.04390846565365791 -0.004036326892673969
222 0.9496433734893799 -0.0395556315779686 -0.004036326892673969
223 0.9551847577095032 -0.03520279750227928 -0.004036326892673969
224 0.9607262015342712 -0.03084996528923512 -0.004036326892673969
225 0.9662675857543945 -0.02649713307619095 -0.004036326892673969
226 0.9718090295791626 -0.02214429900050163 -0.004036326892673969
227 0.9768309593200684 -0.01797109469771385 -0.004036326892673969
228 0.9805940985679626 -0.01423317287117243 -0.004036326892673969
229 0.9830984473228455 -0.01093053445219994 -0.004036326892673969
230 0.9843440055847168 -0.008063179440796375 -0.004036326892673969
231 0.9843307137489319 -0.005631108302623034 -0.004036326892673969
232 0.9830586910247803 -0.003634319873526692 -0.004036326892673969
233 0.9805278182029724 -0.002072814851999283 -0.004036326892673969
234 0.9767381548881531 -0.0009465932962484658 -0.004036326892673969
235 0.9716897010803223 -0.0002556549734435976 -0.004036326892673969
236 0.96538245677948 0 -0.004036326892673969
237 0.9583358764648438 0 -0.004036326892673969
238 0.9512892961502075 0 -0.004036326892673969
239 0.9442426562309265 0 -0.004036326892673969
240 0.9371960759162903 0 -0.004036326892673969
241 0.9301494956016541 0 -0.004036326892673969
242 0.9231029152870178 0 -0.004036326892673969
243 0.9160563349723816 0 -0.004036326892673969
244 0.9090097546577454 0 -0.004036326892673969
245 0.9019631743431091 0 -0.004036326892673969
246 0.8949165940284729 0 -0.004036326892673969
247 0.8878700137138367 0 -0.004036326892673969
248 0.8808233737945557 0 -0.004036326892673969
249 0.8737767934799194 0 -0.004036326892673969
250 0.8667302131652832 0 -0.004036326892673969
251 0.859683632850647 0 -0.004036326892673969
252 0.8526370525360107 0 -0.004036326892673969
253 0.8455904722213745 0 -0.004036326892673969
254 0.8385438919067383 0 -0.004036326892673969
255 0.8314973115921021 0 -0.004036326892673969
256 0.824450671672821 0 -0.004036326892673969
257 0.8174040913581848 0 -0.004036326892673969
258 0.8103575110435486 0 -0.004036326892673969
259 0.8033109307289124 0 -0.004036326892673969
260 0.7962643504142761 0 -0.004036326892673969
261 0.7892177700996399 0 -0.004036326892673969
262 0.7821711897850037 0 -0.004036326892673969
263 0.7751246094703674 0 -0.004036326892673969
264 0.7680780291557312 0 -0.004036326892673969
265 0.7610313892364502 0 -0.004036326892673969
266 0.753984808921814 0 -0.004036326892673969
267 0.7469382286071777 0 -0.004036326892673969
268 0.7398916482925415 0 -0.004036326892673969
269 0.7328450679779053 0 -0.004036326892673969
270 0.725798487663269 0 -0.004036326892673969
271 0.7187519073486328 0 -0.004036326892673969
272 0.7117053270339966 0 -0.004036326892673969
273 0.7046587467193604 0 -0.004036326892673969
274 0.6976121068000793 0 -0.004036326892673969
275 0.6905655264854431 0 -0.004036326892673969
276 0.6835189461708069 0 -0.004036326892673969
277 0.6764723658561707 0 -0.004036326892673969
278 0.6694257855415344 0 -0.004036326892673969
279 0.6623792052268982 0 -0.004036326892673969
280 0.655332624912262 0 -0.004036326892673969
281 0.6482860445976257 0 -0.004036326892673969
282 0.6412394046783447 0 -0.004036326892673969
283 0.6341928243637085 0 -0.004036326892673969
284 0.6271462440490723 0 -0.004036326892673969
285 0.620099663734436 0 -0.004036326892673969
286 0.6130530834197998 0 -0.004036326892673969
287 0.6060065031051636 0 -0.004036326892673969
288 0.5989599227905273 0 -0.004036326892673969
289 0.5919133424758911 0 -0.004036326892673969
290 0.5848667621612549 0 -0.004036326892673969
291 0.5778201222419739 0 -0.004036326892673969
292 0.5707735419273376 0 -0.004036326892673969
293 0.5637269616127014 0 -0.004036326892673969
294 0.5566803812980652 0 -0.004036326892673969
295 0.549633800983429 0 -0.004036326892673969
296 0.5425872206687927 0 -0.004036326892673969
297 0.5355406403541565 0 -0.004036326892673969
298 0.5284940600395203 0 -0.004036326892673969
299 0.521447479724884 0 -0.004036326892673969
300 0.514400839805603 0 -0.004036326892673969
301 0.5073542594909668 0 -0.004036326892673969
302 0.5003076791763306 0 -0.004036326892673969
303 0.4932610988616943 0 -0.004036326892673969
304 0.4862145185470581 0 -0.004036326892673969
305 0.4791679382324219 0 -0.004036326892673969
306 0.4721213281154633 0 -0.004036326892673969
307 0.465074747800827 0 -0.004036326892673969
308 0.4580281674861908 0 -0.004036326892673969
309 0.4509815871715546 0 -0.004036326892673969
310 0.4439350068569183 0 -0.004036326892673969
311 0.4368883967399597 0 -0.004036326892673969
312 0.4298418164253235 0 -0.004036326892673969
313 0.4227952361106873 0 -0.004036326892673969
314 0.415748655796051 0 -0.004036326892673969
315 0.4087020456790924 0 -0.004036326892673969
316 0.4016554653644562 0 -0.004036326892673969
317 0.3946088850498199 0 -0.004036326892673969
318 0.3875623047351837 0 -0.004036326892673969
319 0.3805156946182251 0 -0.004036326892673969
320 0.3734691143035889 0 -0.004036326892673969
321 0.3664225339889526 0 -0.004036326892673969
322 0.3593759536743164 0 -0.004036326892673969
323 0.3523293733596802 0 -0.004036326892673969
324 0.3452827632427216 0 -0.004036326892673969
325 0.3382361829280853 0 -0.004036326892673969
326 0.3311896026134491 0 -0.004036326892673969
327 0.3241430222988129 0 -0.004036326892673969
328 0.3170964121818542 0 -0.004036326892673969
329 0.310049831867218 0 -0.004036326892673969
330 0.3030032515525818 0 -0.004036326892673969
331 0.2959566712379456 0 -0.004036326892673969
332 0.2889100611209869 0 -0.004036326892673969
333 0.2818634808063507 0 -0.004036326892673969
334 0.2748169004917145 0 -0.004036326892673969
335 0.2677703201770782 0 -0.004036326892673969
336 0.260723739862442 0 -0.004036326892673969
337 0.2536771297454834 0 -0.004036326892673969
338 0.2466305494308472 0 -0.004036326892673969
339 0.2395839691162109 0 -0.004036326892673969
340 0.2325373739004135 0 -0.004036326892673969
341 0.2254907935857773 0 -0.004036326892673969
342 0.2184441983699799 0 -0.004036326892673969
343 0.2113976180553436 0 -0.004036326892673969
344 0.2043510228395462 0 -0.004036326892673969
345 0.19730444252491 0 -0.004036326892673969
346 0.1902578473091125 0 -0.004036326892673969
347 0.1832112669944763 0 -0.004036326892673969
348 0.1761646866798401 0 -0.004036326892673969
349 0.1691180914640427 0 -0.004036326892673969
350 0.1620715111494064 0 -0.004036326892673969
351 0.155024915933609 0 -0.004036326892673969
352 0.1479783356189728 0 -0.004036326892673969
353 0.1409317404031754 0 -0.004036326892673969
354 0.1338851600885391 0 -0.004036326892673969
355 0.1268385648727417 0 -0.004036326892673969
356 0.1197919845581055 0 -0.004036326892673969
357 0.1127453967928886 0 -0.004036326892673969
358 0.1056988090276718 0 -0.004036326892673969
359 0.09865222126245499 0 -0.004036326892673969
360 0.09160563349723816 0 -0.004036326892673969
361 0.08455904573202133 0 -0.004036326892673969
362 0.0775124579668045 0 -0.004036326892673969
363 0.07046587020158768 0 -0.004036326892673969
364 0.06341928243637085 0 -0.004036326892673969
365 0.05637269839644432 0 -0.004036326892673969
366 0.04932611063122749 0 -0.004036326892673969
367 0.04227952286601067 0 -0.004036326892673969
368 0.03523293510079384 0 -0.004036326892673969
369 0.02853867784142494 -0.0003523293707985431 -0.004036326892673969
370 0.02254907973110676 -0.001409317483194172 -0.004036326892673969
371 0.01726413890719414 -0.003170964308083057 -0.004036326892673969
372 0.01268385723233223 -0.00563726993277669 -0.004036326892673969
373 0.00880823377519846 -0.00880823377519846 -0.004036326892673969
374 0.00563726993277669 -0.01268385723233223 -0.004036326892673969
375 0.003170964308083057 -0.01726413890719414 -0.004036326892673969
376 0.001409317483194172 -0.02254907973110676 -0.004036326892673969
377 0 -0.02818634919822216 0.004036326892673969
378 0.0006910707452334464 -0.0310185719281435 0.004036326892673969
379 0.300000011920929 -0.1000000014901161 0.004036326892673969
380 0.00208680029027164 -0.03666942939162254 0.004036326892673969
381 0.004187188576906919 -0.04161562770605087 0.004036326892673969
382 0.006596885155886412 -0.04643405601382256 0.004036326892673969
383 0.009260867722332478 -0.05120500549674034 0.004036326892673969
384 0.01217913534492254 -0.05592847242951393 0.004036326892673969
385 0.01535168848931789 -0.06060446053743362 0.004036326892673969
386 0.01877852715551853 -0.06523296236991882 0.004036326892673969
387 0.02245965041220188 -0.06981398910284042 0.004036326892673969
388 0.02639505825936794 -0.07434753328561783 0.004036326892673969
389 0.02989368326961994 -0.07952466607093811 0.004036326892673969
390 0.03294193372130394 -0.08535898476839066 0.004036326892673969
391 0.03553980961441994 -0.09185047447681427 0.004036326892673969
392 0.03808266296982765 -0.09842225164175034 0.004036326892673969
393 0.04062551632523537 -0.1049940288066864 0.004036326892673969
394 0.04316836968064308 -0.1115658134222031 0.004036326892673969
395 0.0457112230360508 -0.1181375905871391 0.004036326892673969
396 0.04825407639145851 -0.1247093677520752 0.004036326892673969
397 0.05079692974686623 -0.1312811523675919 0.004036326892673969
398 0.05333978310227394 -0.1378529220819473 0.004036326892673969
399 0.05588263645768166 -0.144424706697464 0.004036326892673969
400 0.05842549353837967 -0.1509964913129807 0.004036326892673969
401 0.06096834689378738 -0.1575682610273361 0.004036326892673969
402 0.0635112002491951 -0.1641400456428528 0.004036326892673969
403 0.06605405360460281 -0.1707118302583694 0.004036326892673969
404 0.06859690696001053 -0.1772835999727249 0.004036326892673969
405 0.07113976031541824 -0.1838553845882416 0.004036326892673969
406 0.07368261367082596 -0.1904271692037582 0.004036326892673969
407 0.07622546702623367 -0.1969989389181137 0.004036326892673969
408 0.07876832038164139 -0.2035707235336304 0.004036326892673969
409 0.0813111737370491 -0.210142508149147 0.004036326892673969
410 0.08385402709245682 -0.2167142778635025 0.004036326892673969
411 0.08639688044786453 -0.2232860624790192 0.004036326892673969
412 0.08893973380327225 -0.2298578470945358 0.004036326892673969
413 0.09148258715867996 -0.2364296168088913 0.004036326892673969
414 0.09402544051408768 -0.243001401424408 0.004036326892673969
415 0.09656829386949539 -0.2495731860399246 0.004036326892673969
416 0.09911114722490311 -0.2561449706554413 0.004036326892673969
417 0.1016540005803108 -0.2627167403697968 0.004036326892673969
418 0.1041968539357185 -0.2692885100841522 0.004036326892673969
419 0.1067397072911263 -0.2758603096008301 0.004036326892673969
420 0.109282560646534 -0.2824320793151855 0.004036326892673969
421 0.1118254140019417 -0.289003849029541 0.004036326892673969
422 0.1143682673573494 -0.2955756485462189 0.004036326892673969
423 0.1169111207127571 -0.3021474182605743 0.004036326892673969
424 0.1194539740681648 -0.3087191879749298 0.004036326892673969
425 0.1219968274235725 -0.3152909874916077 0.004036326892673969
426 0.1245396807789803 -0.3218627572059631 0.004036326892673969
427 0.1270825415849686 -0.3284345269203186 0.004036326892673969
428 0.1296253949403763 -0.3350063264369965 0.004036326892673969
429 0.132168248295784 -0.3415780961513519 0.004036326892673969
430 0.1347111016511917 -0.3481498658657074 0.004036326892673969
431 0.1372539550065994 -0.3547216653823853 0.004036326892673969
432 0.1397968083620071 -0.3612934350967407 0.004036326892673969
433 0.1423396617174149 -0.3678652048110962 0.004036326892673969
434 0.1448825150728226 -0.374437004327774 0.004036326892673969
435 0.1474253684282303 -0.3810087740421295 0.004036326892673969
436 0.149968221783638 -0.387580543756485 0.004036326892673969
437 0.1525110751390457 -0.3941523432731628 0.004036326892673969
438 0.1550539284944534 -0.4007241129875183 0.004036326892673969
439 0.1575967818498611 -0.4072958827018738 0.004036326892673969
440 0.1601396352052689 -0.4138676822185516 0.004036326892673969
441 0.1626824885606766 -0.4204394519329071 0.004036326892673969
442 0.1652253419160843 -0.4270112216472626 0.004036326892673969
443 0.167768195271492 -0.4335830211639404 0.004036326892673969
444 0.1703110486268997 -0.4401547908782959 0.004036326892673969
445 0.1728539019823074 -0.4467265605926514 0.004036326892673969
446 0.1753967553377151 -0.4532983601093292 0.004036326892673969
447 0.1779396086931229 -0.4598701298236847 0.004036326892673969
448 0.1804824620485306 -0.4664418995380402 0.004036326892673969
449 0.1830253154039383 -0.473013699054718 0.004036326892673969
450 0.185568168759346 -0.4795854687690735 0.004036326892673969
451 0.1881110221147537 -0.486157238483429 0.004036326892673969
452 0.1906538754701614 -0.4927290380001068 0.004036326892673969
453 0.1931967288255692 -0.4993008077144623 0.004036326892673969
454 0.1957395821809769 -0.5058726072311401 0.004036326892673969
455 0.1982824355363846 -0.5124443769454956 0.004036326892673969
456 0.2008252888917923 -0.5190161466598511 0.004036326892673969
457 0.2033681422472 -0.5255879163742065 0.004036326892673969
458 0.2059109956026077 -0.532159686088562 0.004036326892673969
459 0.2084538489580154 -0.5387314558029175 0.004036326892673969
460 0.2109967023134232 -0.5453032851219177 0.004036326892673969
461 0.2135395556688309 -0.5518750548362732 0.004036326892673969
462 0.2160824090242386 -0.5584468245506287 0.004036326892673969
463 0.2186252623796463 -0.5650185942649841 0.004036326892673969
464 0.221168115735054 -0.5715903639793396 0.004036326892673969
465 0.2239533960819244 -0.5772789120674133 0.004036326892673969
466 0.2270385324954987 -0.5818749070167542 0.004036326892673969
467 0.2304235249757767 -0.5853784680366516 0.004036326892673969
468 0.2341083437204361 -0.5877895951271057 0.004036326892673969
469 0.2380930334329605 -0.5891081690788269 0.004036326892673969
470 0.2423775643110275 -0.5893343687057495 0.004036326892673969
471 0.2469619363546371 -0.5884680151939392 0.004036326892673969
472 0.2518461644649506 -0.5865092277526855 0.004036326892673969
473 0.2570302188396454 -0.5834579467773438 0.004036326892673969
474 0.2625141441822052 -0.5793142318725586 0.004036326892673969
475 0.2680554986000061 -0.5749613046646118 0.004036326892673969
476 0.2735968232154846 -0.570608377456665 0.004036326892673969
477 0.2791381776332855 -0.5662554502487183 0.004036326892673969
478 0.284679502248764 -0.5619025230407715 0.004036326892673969
479 0.2902208566665649 -0.5575495958328247 0.004036326892673969
480 0.2957621812820435 -0.5531966686248779 0.004036326892673969
481 0.3013035356998444 -0.5488437414169312 0.004036326892673969
482 0.3068448603153229 -0.5444908738136292 0.004036326892673969
483 0.3123862147331238 -0.5401379466056824 0.004036326892673969
484 0.3179275393486023 -0.5357850193977356 0.004036326892673969
485 0.3234688937664032 -0.5314320921897888 0.004036326892673969
486 0.3290102183818817 -0.527079164981842 0.004036326892673969
487 0.3345515727996826 -0.5227262377738953 0.004036326892673969
488 0.3400928974151611 -0.5183733105659485 0.004036326892673969
489 0.345634251832962 -0.5140203833580017 0.004036326892673969
490 0.3511755764484406 -0.5096674561500549 0.004036326892673969
491 0.3567169308662415 -0.5053145289421082 0.004036326892673969
492 0.36225825548172 -0.5009616017341614 0.004036326892673969
493 0.3677996098995209 -0.4966086745262146 0.004036326892673969
494 0.3733409345149994 -0.4922557473182678 0.004036326892673969
495 0.3788822889328003 -0.487902820110321 0.004036326892673969
496 0.3844236135482788 -0.4835498929023743 0.004036326892673969
497 0.3899649679660797 -0.4791969954967499 0.004036326892673969
498 0.3955062925815582 -0.4748440682888031 0.004036326892673969
499 0.4010476469993591 -0.4704911410808563 0.004036326892673969
500 0.4065889716148376 -0.4661382138729095 0.004036326892673969
501 0.4121303260326385 -0.4617852866649628 0.004036326892673969
502 0.4176716506481171 -0.457432359457016 0.004036326892673969
503 0.423213005065918 -0.4530794322490692 0.004036326892673969
504 0.4287543296813965 -0.4487265050411224 0.004036326892673969
505 0.4342956840991974 -0.4443735778331757 0.004036326892673969
506 0.4398370087146759 -0.4400206506252289 0.004036326892673969
507 0.4453783631324768 -0.4356677234172821 0.004036326892673969
508 0.4509196877479553 -0.4313148260116577 0.004036326892673969
509 0.4564610421657562 -0.4269618988037109 0.004036326892673969
510 0.4620023667812347 -0.4226089715957642 0.004036326892673969
511 0.4675437211990356 -0.4182560443878174 0.004036326892673969
512 0.4730850458145142 -0.4139031171798706 0.004036326892673969
513 0.4786264002323151 -0.4095501899719238 0.004036326892673969
514 0.4841677248477936 -0.4051972627639771 0.004036326892673969
515 0.4897090792655945 -0.4008443355560303 0.004036326892673969
516 0.495250403881073 -0.3964914083480835 0.004036326892673969
517 0.5007917284965515 -0.3921384811401367 0.004036326892673969
518 0.5063331127166748 -0.3877855837345123 0.004036326892673969
519 0.5118744373321533 -0.3834326565265656 0.004036326892673969
520 0.5174157619476318 -0.3790797293186188 0.004036326892673969
521 0.5229571461677551 -0.3747268319129944 0.004036326892673969
522 0.5284984707832336 -0.37037393450737 0.004036326892673969
523 0.5340398550033569 -0.3660210371017456 0.004036326892673969
524 0.5395811796188354 -0.3616681396961212 0.004036326892673969
525 0.5451225638389587 -0.3573152422904968 0.004036326892673969
526 0.550663948059082 -0.3529623448848724 0.004036326892673969
527 0.5562052726745605 -0.348609447479248 0.004036326892673969
528 0.5617466568946838 -0.344256579875946 0.004036326892673969
529 0.5672880411148071 -0.3399036824703217 0.004036326892673969
530 0.5728294253349304 -0.3355507850646973 0.004036326892673969
531 0.5783707499504089 -0.3311979174613953 0.004036326892673969
532 0.5839121341705322 -0.3268450200557709 0.004036326892673969
533 0.5894535183906555 -0.3224921524524689 0.004036326892673969
534 0.5949949026107788 -0.3181392550468445 0.004036326892673969
535 0.6005362272262573 -0.3137863576412201 0.004036326892673969
536 0.6060776114463806 -0.3094334900379181 0.004036326892673969
537 0.6116189956665039 -0.3050805926322937 0.004036326892673969
538 0.6171603798866272 -0.3007276952266693 0.004036326892673969
539 0.6227017045021057 -0.2963748276233673 0.004036326892673969
540 0.628243088722229 -0.2920219302177429 0.004036326892673969
541 0.6337844729423523 -0.2876690626144409 0.004036326892673969
542 0.6393258571624756 -0.2833161652088165 0.004036326892673969
543 0.6448671817779541 -0.2789632678031921 0.004036326892673969
544 0.6504085659980774 -0.2746104001998901 0.004036326892673969
545 0.6559499502182007 -0.2702575027942657 0.004036326892673969
546 0.661491334438324 -0.2659046053886414 0.004036326892673969
547 0.6670326590538025 -0.2615517377853394 0.004036326892673969
548 0.6725740432739258 -0.257198840379715 0.004036326892673969
549 0.6781154274940491 -0.252845972776413 0.004036326892673969
550 0.6836568117141724 -0.2484930753707886 0.004036326892673969
551 0.6891981363296509 -0.2441401928663254 0.004036326892673969
552 0.6947395205497742 -0.239787295460701 0.004036326892673969
553 0.7002809047698975 -0.2354344129562378 0.004036326892673969
554 0.7058222889900208 -0.2310815304517746 0.004036326892673969
555 0.7113636136054993 -0.2267286479473114 0.004036326892673969
556 0.7169049978256226 -0.222375750541687 0.004036326892673969
557 0.7224463820457458 -0.2180228680372238 0.004036326892673969
558 0.7279877662658691 -0.2136699855327606 0.004036326892673969
559 0.7335290908813477 -0.2093171030282974 0.004036326892673969
560 0.7390704751014709 -0.204964205622673 0.004036326892673969
561 0.7446118593215942 -0.2006113231182098 0.004036326892673969
562 0.7501532435417175 -0.1962584406137466 0.004036326892673969
563 0.755694568157196 -0.1919055581092834 0.004036326892673969
564 0.7612359523773193 -0.1875526607036591 0.004036326892673969
565 0.7667773365974426 -0.1831997781991959 0.004036326892673969
566 0.7723187208175659 -0.1788468956947327 0.004036326892673969
567 0.7778600454330444 -0.1744940131902695 0.004036326892673969
568 0.7834014296531677 -0.1701411157846451 0.004036326892673969
569 0.788942813873291 -0.1657882332801819 0.004036326892673969
570 0.7944841980934143 -0.1614353507757187 0.004036326892673969
571 0.8000255227088928 -0.1570824682712555 0.004036326892673969
572 0.8055669069290161 -0.1527295708656311 0.004036326892673969
573 0.8111082911491394 -0.1483766883611679 0.004036326892673969
574 0.8166496753692627 -0.1440238058567047 0.004036326892673969
575 0.822191059589386 -0.1396709382534027 0.004036326892673969
576 0.8277324438095093 -0.1353180706501007 0.004036326892673969
577 0.8332738280296326 -0.1309652030467987 0.004036326892673969
578 0.8388152122497559 -0.1266123503446579 0.004036326892673969
579 0.8443565964698792 -0.1222594901919365 0.004036326892673969
580 0.8498979806900024 -0.1179066449403763 0.004036326892673969
581 0.8554393649101257 -0.1135537996888161 0.004036326892673969
582 0.8609808087348938 -0.1092009618878365 0.004036326892673969
583 0.8665221929550171 -0.1048481315374374 0.004036326892673969
584 0.8720636367797852 -0.1004953011870384 0.004036326892673969
585 0.8776050209999084 -0.09614246338605881 0.004036326892673969
586 0.8831464648246765 -0.09178963303565979 0.004036326892673969
587 0.8886878490447998 -0.08743679523468018 0.004036326892673969
588 0.8942292928695679 -0.08308396488428116 0.004036326892673969
589 0.8997706770896912 -0.07873113453388214 0.004036326892673969
590 0.9053120613098145 -0.07437829673290253 0.004036326892673969
591 0.9108535051345825 -0.07002546638250351 0.004036326892673969
592 0.9163948893547058 -0.0656726285815239 0.004036326892673969
593 0.9219363331794739 -0.06131979823112488 0.004036326892673969
594 0.9274777173995972 -0.05696696415543556 0.004036326892673969
595 0.9330191612243652 -0.05261413380503654 0.004036326892673969
596 0.9385605454444885 -0.04826129972934723 0.004036326892673969
597 0.9441019892692566 -0.04390846565365791 0.004036326892673969
598 0.9496433734893799 -0.0395556315779686 0.004036326892673969
599 0.9551847577095032 -0.03520279750227928 0.004036326892673969
600 0.9607262015342712 -0.03084996528923512 0.004036326892673969
601 0.9662675857543945 -0.02649713307619095 0.004036326892673969
602 0.9718090295791626 -0.02214429900050163 0.004036326892673969
603 0.9768309593200684 -0.01797109469771385 0.004036326892673969
604 0.9805940985679626 -0.01423317287117243 0.004036326892673969
605 0.9830984473228455 -0.01093053445219994 0.004036326892673969
606 0.9843440055847168 -0.008063179440796375 0.004036326892673969
607 0.9843307137489319 -0.005631108302623034 0.004036326892673969
608 0.9830586910247803 -0.003634319873526692 0.004036326892673969
609 0.9805278182029724 -0.002072814851999283 0.004036326892673969
610 0.9767381548881531 -0.0009465932962484658 0.004036326892673969
611 0.9716897010803223 -0.0002556549734435976 0.004036326892673969
612 0.96538245677948 0 0.004036326892673969
613 0.9583358764648438 0 0.004036326892673969
614 0.9512892961502075 0 0.004036326892673969
615 0.9442426562309265 0 0.004036326892673969
616 0.9371960759162903 0 0.004036326892673969
617 0.9301494956016541 0 0.004036326892673969
618 0.9231029152870178 0 0.004036326892673969
619 0.9160563349723816 0 0.004036326892673969
620 0.9090097546577454 0 0.004036326892673969
621 0.9019631743431091 0 0.004036326892673969
622 0.8949165940284729 0 0.004036326892673969
623 0.8878700137138367 0 0.004036326892673969
624 0.8808233737945557 0 0.004036326892673969
625 0.8737767934799194 0 0.004036326892673969
626 0.8667302131652832 0 0.004036326892673969
627 0.859683632850647 0 0.004036326892673969
628 0.8526370525360107 0 0.004036326892673969
629 0.8455904722213745 0 0.004036326892673969
630 0.8385438919067383 0 0.004036326892673969
631 0.8314973115921021 0 0.004036326892673969
632 0.824450671672821 0 0.004036326892673969
633 0.8174040913581848 0 0.004036326892673969
634 0.8103575110435486 0 0.004036326892673969
635 0.8033109307289124 0 0.004036326892673969
636 0.7962643504142761 0 0.004036326892673969
637 0.7892177700996399 0 0.004036326892673969
638 0.7821711897850037 0 0.004036326892673969
639 0.7751246094703674 0 0.004036326892673969
640 0.7680780291557312 0 0.004036326892673969
641 0.7610313892364502 0 0.004036326892673969
642 0.753984808921814 0 0.004036326892673969
643 0.7469382286071777 0 0.004036326892673969
644 0.7398916482925415 0 0.004036326892673969
645 0.7328450679779053 0 0.004036326892673969
646 0.725798487663269 0 0.004036326892673969
647 0.7187519073486328 0 0.004036326892673969
648 0.7117053270339966 0 0.004036326892673969
649 0.7046587467193604 0 0.004036326892673969
650 0.6976121068000793 0 0.004036326892673969
651 0.6905655264854431 0 0.004036326892673969
652 0.6835189461708069 0 0.004036326892673969
653 0.6764723658561707 0 0.004036326892673969
654 0.6694257855415344 0 0.004036326892673969
655 0.6623792052268982 0 0.004036326892673969
656 0.655332624912262 0 0.004036326892673969
657 0.6482860445976257 0 0.004036326892673969
658 0.6412394046783447 0 0.004036326892673969
659 0.6341928243637085 0 0.004036326892673969
660 0.6271462440490723 0 0.004036326892673969
661 0.620099663734436 0 0.004036326892673969
662 0.6130530834197998 0 0.004036326892673969
663 0.6060065031051636 0 0.004036326892673969
664 0.5989599227905273 0 0.004036326892673969
665 0.5919133424758911 0 0.004036326892673969
666 0.5848667621612549 0 0.004036326892673969
667 0.5778201222419739 0 0.004036326892673969
668 0.5707735419273376 0 0.004036326892673969
669 0.5637269616127014 0 0.004036326892673969
670 0.5566803812980652 0 0.004036326892673969
671 0.549633800983429 0 0.004036326892673969
672 0.5425872206687927 0 0.004036326892673969
673 0.5355406403541565 0 0.004036326892673969
674 0.5284940600395203 0 0.004036326892673969
675 0.521447479724884 0 0.004036326892673969
676 0.514400839805603 0 0.004036326892673969
677 0.5073542594909668 0 0.004036326892673969
678 0.5003076791763306 0 0.004036326892673969
679 0.4932610988616943 0 0.004036326892673969
680 0.4862145185470581 0 0.004036326892673969
681 0.4791679382324219 0 0.004036326892673969
682 0.4721213281154633 0 0.004036326892673969
683 0.465074747800827 0 0.004036326892673969
684 0.4580281674861908 0 0.004036326892673969
685 0.4509815871715546 0 0.004036326892673969
686 0.4439350068569183 0 0.004036326892673969
687 0.4368883967399597 0 0.004036326892673969
688 0.4298418164253235 0 0.004036326892673969
689 0.4227952361106873 0 0.004036326892673969
690 0.415748655796051 0 0.004036326892673969
691 0.4087020456790924 0 0.004036326892673969
692 0.4016554653644562 0 0.004036326892673969
693 0.3946088850498199 0 0.004036326892673969
694 0.3875623047351837 0 0.004036326892673969
695 0.3805156946182251 0 0.004036326892673969
696 0.3734691143035889 0 0.004036326892673969
697 0.3664225339889526 0 0.004036326892673969
698 0.3593759536743164 0 0.004036326892673969
699 0.3523293733596802 0 0.004036326892673969
700 0.3452827632427216 0 0.004036326892673969
701 0.3382361829280853 0 0.004036326892673969
702 0.3311896026134491 0 0.004036326892673969
703 0.3241430222988129 0 0.004036326892673969
704 0.3170964121818542 0 0.004036326892673969
705 0.310049831867218 0 0.004036326892673969
706 0.3030032515525818 0 0.004036326892673969
707 0.2959566712379456 0 0.004036326892673969
708 0.2889100611209869 0 0.004036326892673969
709 0.2818634808063507 0 0.004036326892673969
710 0.2748169004917145 0 0.004036326892673969
711 0.2677703201770782 0 0.004036326892673969
712 0.260723739862442 0 0.004036326892673969
713 0.2536771297454834 0 0.004036326892673969
714 0.2466305494308472 0 0.004036326892673969
715 0.2395839691162109 0 0.004036326892673969
716 0.2325373739004135 0 0.004036326892673969
717 0.2254907935857773 0 0.004036326892673969
718 0.2184441983699799 0 0.004036326892673969
719 0.2113976180553436 0 0.004036326892673969
720 0.2043510228395462 0 0.004036326892673969
721 0.19730444252491 0 0.004036326892673969
722 0.1902578473091125 0 0.004036326892673969
723 0.1832112669944763 0 0.004036326892673969
724 0.1761646866798401 0 0.004036326892673969
725 0.1691180914640427 0 0.004036326892673969
726 0.1620715111494064 0 0.004036326892673969
727 0.155024915933609 0 0.004036326892673969
728 0.1479783356189728 0 0.004036326892673969
729 0.1409317404031754 0 0.004036326892673969
730 0.1338851600885391 0 0.004036326892673969
731 0.1268385648727417 0 0.004036326892673969
732 0.1197919845581055 0 0.004036326892673969
733 0.1127453967928886 0 0.004036326892673969
734 0.1056988090276718 0 0.004036326892673969
735 0.09865222126245499 0 0.004036326892673969
736 0.09160563349723816 0 0.004036326892673969
737 0.08455904573202133 0 0.004036326892673969
738 0.0775124579668045 0 0.004036326892673969
739 0.07046587020158768 0 0.004036326892673969
740 0.06341928243637085 0 0.004036326892673969
741 0.05637269839644432 0 0.004036326892673969
742 0.04932611063122749 0 0.004036326892673969
743 0.04227952286601067 0 0.004036326892673969
744 0.03523293510079384 0 0.004036326892673969
745 0.02853867784142494 -0.0003523293707985431 0.004036326892673969
746 0.02254907973110676 -0.001409317483194172 0.004036326892673969
747 0.01726413890719414 -0.003170964308083057 0.004036326892673969
748 0.01268385723233223 -0.00563726993277669 0.004036326892673969
749 0.00880823377519846 -0.00880823377519846 0.004036326892673969
750 0.00563726993277669 -0.01268385723233223 0.004036326892673969
751 0.003170964308083057 -0.01726413890719414 0.004036326892673969
752 0.001409317483194172 -0.02254907973110676 0.004036326892673969
753 0.00975865149757049 -0.05182643538807006 0.002444074965215643
754 0.001060882213097558 -0.02698100364245369 -0.003821574203125507
755 0.02378257173527423 -0.002937178524025119 0.000582147216942715
756 0.4857746173801814 -0.4011275220982179 1.333397951910844e-07
757 0.6343178091799901 -0.2843407757025642 -7.734147185144788e-05
758 0.004284910042924 -0.01715726360213949 0.00381755598993386
759 0.0008362884827640384 -0.02578740082096693 -0.00110278153226985
760 0.04939924308177066 -0.1212900136667681 7.021921313498792e-05
761 0.01365454427927119 -0.05760843108423281 -0.0007153409554015421
762 0.01292702512843712 -0.005776081259463061 -5.917569601678227e-05
763 0.0286078387699315 -0.001153428769874317 0.0008141267841748572
764 0.003756189210357233 -0.0165617676656653 -0.001013899939732681
765 0.006694513567759187 -0.01165908913740393 -0.0006203855146757011
766 0.06937514931773771 -0.1733178897806824 -3.458607783630743e-05
767 0.3201088446664282 -0.002243860696907227 2.86843226155646e-05
768 0.3613576231469205 -0.002206965912383615 0.0001213203524782672
769 0.4217941462993621 -0.0333333338300387 2.423559823510448e-19
770 0.4238739519222166 -0.00178059655188437 0.0001657021464301923
771 0.4098968410149025 -0.001885985996395303 0.0001847340572270094
772 0.2398168544473302 -0.3946782476005465 3.381253059652902e-19
773 0.2174113039660749 -0.5615885112971917 -0.0006265201101184981
774 0.1424135448762511 -0.3620437830901179 -0.0001980650232941577
775 0.1524458120093899 -0.3882237555207587 -0.0001753306528243363
776 0.6906114419301352 -0.09307547658681871 0
777 0.2852593599636113 -0.5612254020716184 0.0005327028243400473
778 0.006521309387464442 -0.01735816656337724 -0.00359348350455705
779 0.2342974714952498 -0.5862271585035801 0.0007487563243679185
780 0.5409047337390909 -0.3578766167171878 5.539273578737923e-05
781 0.5242733012107895 -0.3708980767471269 -7.595460417518862e-05
782 0.2785499823304937 -0.5664032241516815 0.00141658844568985
783 0.6647515296936036 -0.1133887122074763 0
784 0.6012832542916452 -0.3102724137601728 -6.269358359569392e-05
785 0.9637573703034865 -0.0001160901058789934 0.003541268500735248
786 0.9730344973773589 -0.02059878963505043 -0.003414127033659876
787 0.7764877438545227 -0.02500000037252903 0.0008072653785347927
788 0.5016554792722066 -0.03333333383003872 -1.090603458085299e-19
789 0.656313939707373 -0.2670573293171073 -0.0001064172322478298
790 0.0401055181495347 -0.002977968007609964 0.001081249716533318
791 0.5792291195217389 -0.3275803628655836 -9.900134930262115e-05
792 0.5684204862992727 -0.3362163212443283 6.773297860755054e-05
793 0.2211692631494031 -0.3464852000920727 2.337043759219737e-19
794 0.1775124644239744 -0.03333333383003874 -4.362409219822774e-19
795 0.953828967943813 -2.56720650550154e-05 0.0007350020827824402
796 0.2791412946775734 -0.5661532951314348 0.003129002475681621
797 0.6948686403863401 -0.2368296188282922 -0.0001574471913093575
798 0.2207612556551966 -0.5698708591174725 -0.003499515929247636
799 0.2387262309219659 -0.5871071151594259 -0.003576677782911359
800 0.2342678863746876 -0.5872458268790145 -0.00398206992942872
801 0.6838396259328551 -0.2454643468463434 -0.0001454472402534305
802 0.02906220646347174 -0.001224639366025343 -0.003974846719424218
803 0.01329359221525468 -0.006224119278008916 -0.00394455740820506
804 0.2126930852731069 -0.3245792711774507 -7.75700212678215e-19
805 0.2375813031607933 -0.57898533656592 0.002869419650603694
806 0.645366771935426 -0.2756857338511386 -4.641580918449389e-05
807 0.2372273894840734 -0.5834902456091121 0.003332067104343218
808 0.01702580247886205 -0.06200789651109775 -0.002845415049543107
809 0.01391390212146148 -0.05812583134488752 -0.003382918263259749
810 0.960722404378079 -0.03080547807201228 0.004020405125283693
811 0.2737813432416595 -0.570172682773797 0.0005679201908763071
812 0.9635415878704456 -0.02849601618448067 -0.0007740038985253112
813 0.0231497728892427 -0.004757219050145291 0.003320587623859529
814 0.02242389964318654 -0.0695978403304971 -0.003863262190977845
815 0.003732048386549488 -0.01724524084945949 -0.003813565076733606
816 0.267179804148627 -0.5752014138060454 0.002830659219371845
817 0.9754963357007489 -0.01878027608756255 -0.003675947173106798
818 0.2329150159447072 -0.5831869230023065 0.003757783194428689
819 0.02758399524929398 -0.002541047591146145 0.003821677788262759
820 0.01320150551859508 -0.005930334407670452 0.003975790634095789
821 0.2363371966387593 -0.5870007030875419 0.003955863551833238
822 0.2424521066973264 -0.5887818999975497 -0.003985565910009284
823 0.01279117539323599 -0.05654007227732356 -0.003575679156024311
824 0.2272019803545086 -0.5813352754557841 0.004016991974663788
825 0.2617110732651282 -0.5794355553994452 0.003436444308678209
826 0.2575608930710812 -0.5826358111753597 0.00385884455955373
827 0.03591123821790274 -0.0007189497411186365 0.004007685099321888
$EndNodes
$Elements
3311
1 2 2 0 1 1 2 3
2 2 2 0 1 1 2 377
3 2 2 0 1 376 1 3
4 2 2 0 1 376 1 752
5 2 2 0 1 752 377 1
6 2 2 0 1 2 4 3
7 2 2 0 1 2 4 378
8 2 2 0 1 377 378 2
9 2 2 0 1 4 5 3
10 2 2 0 1 5 6 3
11 2 2 0 1 6 7 3
12 2 2 0 1 7 8 3
13 2 2 0 1 8 9 3
14 2 2 0 1 9 10 3
15 2 2 0 1 10 11 3
16 2 2 0 1 11 12 3
17 2 2 0 1 12 13 3
18 2 2 0 1 13 14 3
19 2 2 0 1 14 15 3
20 2 2 0 1 15 16 3
21 2 2 0 1 16 17 3
22 2 2 0 1 17 18 3
23 2 2 0 1 18 19 3
24 2 2 0 1 19 20 3
25 2 2 0 1 20 21 3
26 2 2 0 1 21 22 3
27 2 2 0 1 22 23 3
28 2 2 0 1 23 24 3
29 2 2 0 1 24 25 3
30 2 2 0 1 25 26 3
31 2 2 0 1 26 27 3
32 2 2 0 1 27 28 3
33 2 2 0 1 28 29 3
34 2 2 0 1 29 30 3
35 2 2 0 1 30 31 3
36 2 2 0 1 31 32 3
37 2 2 0 1 32 33 3
38 2 2 0 1 33 34 3
39 2 2 0 1 34 35 3
40 2 2 0 1 35 36 3
41 2 2 0 1 36 37 3
42 2 2 0 1 37 38 3
43 2 2 0 1 38 39 3
44 2 2 0 1 39 40 3
45 2 2 0 1 40 41 3
46 2 2 0 1 41 42 3
47 2 2 0 1 42 43 3
48 2 2 0 1 43 44 3
49 2 2 0 1 44 45 3
50 2 2 0 1 45 46 3
51 2 2 0 1 46 47 3
52 2 2 0 1 47 48 3
53 2 2 0 1 48 49 3
54 2 2 0 1 49 50 3
55 2 2 0 1 50 51 3
56 2 2 0 1 51 52 3
57 2 2 0 1 52 53 3
58 2 2 0 1 53 54 3
59 2 2 0 1 54 55 3
60 2 2 0 1 55 56 3
61 2 2 0 1 56 57 3
62 2 2 0 1 57 58 3
63 2 2 0 1 58 59 3
64 2 2 0 1 59 60 3
65 2 2 0 1 60 61 3
66 2 2 0 1 61 62 3
67 2 2 0 1 62 63 3
68 2 2 0 1 63 64 3
69 2 2 0 1 64 65 3
70 2 2 0 1 65 66 3
71 2 2 0 1 66 67 3
72 2 2 0 1 67 68 3
73 2 2 0 1 68 69 3
74 2 2 0 1 69 70 3
75 2 2 0 1 70 71 3
76 2 2 0 1 71 72 3
77 2 2 0 1 72 73 3
78 2 2 0 1 73 74 3
79 2 2 0 1 74 75 3
80 2 2 0 1 75 76 3
81 2 2 0 1 76 77 3
82 2 2 0 1 77 78 3
83 2 2 0 1 78 79 3
84 2 2 0 1 79 80 3
85 2 2 0 1 80 81 3
86 2 2 0 1 81 82 3
87 2 2 0 1 82 83 3
88 2 2 0 1 83 84 3
89 2 2 0 1 84 85 3
90 2 2 0 1 85 86 3
91 2 2 0 1 86 87 3
92 2 2 0 1 87 88 3
93 2 2 0 1 88 89 3
94 2 2 0 1 89 90 3
95 2 2 0 1 90 91 3
96 2 2 0 1 91 92 3
97 2 2 0 1 92 93 3
98 2 2 0 1 93 94 3
99 2 2 0 1 94 95 3
100 2 2 0 1 95 96 3
101 2 2 0 1 96 97 3
102 2 2 0 1 97 98 3
103 2 2 0 1 98 99 3
104 2 2 0 1 99 100 3
105 2 2 0 1 100 101 3
106 2 2 0 1 101 102 3
107 2 2 0 1 102 103 3
108 2 2 0 1 103 104 3
109 2 2 0 1 104 105 3
110 2 2 0 1 105 106 3
111 2 2 0 1 106 107 3
112 2 2 0 1 107 108 3
113 2 2 0 1 108 109 3
114 2 2 0 1 109 110 3
115 2 2 0 1 110 111 3
116 2 2 0 1 111 112 3
117 2 2 0 1 112 113 3
118 2 2 0 1 113 114 3
119 2 2 0 1 114 115 3
120 2 2 0 1 115 116 3
121 2 2 0 1 116 117 3
122 2 2 0 1 117 118 3
123 2 2 0 1 118 119 3
124 2 2 0 1 119 120 3
125 2 2 0 1 120 121 3
126 2 2 0 1 121 122 3
127 2 2 0 1 122 123 3
128 2 2 0 1 123 124 3
129 2 2 0 1 124 125 3
130 2 2 0 1 125 126 3
131 2 2 0 1 126 127 3
132 2 2 0 1 127 128 3
133 2 2 0 1 128 129 3
134 2 2 0 1 129 130 3
135 2 2 0 1 130 131 3
136 2 2 0 1 131 132 3
137 2 2 0 1 132 133 3
138 2 2 0 1 133 134 3
139 2 2 0 1 134 135 3
140 2 2 0 1 135 136 3
141 2 2 0 1 136 137 3
142 2 2 0 1 137 138 3
143 2 2 0 1 138 139 3
144 2 2 0 1 139 140 3
145 2 2 0 1 140 141 3
146 2 2 0 1 141 142 3
147 2 2 0 1 142 143 3
148 2 2 0 1 143 144 3
149 2 2 0 1 144 145 3
150 2 2 0 1 145 146 3
151 2 2 0 1 146 147 3
152 2 2 0 1 147 148 3
153 2 2 0 1 148 149 3
154 2 2 0 1 149 150 3
155 2 2 0 1 150 151 3
156 2 2 0 1 151 152 3
157 2 2 0 1 152 153 3
158 2 2 0 1 153 154 3
159 2 2 0 1 154 155 3
160 2 2 0 1 155 156 3
161 2 2 0 1 156 157 3
162 2 2 0 1 157 158 3
163 2 2 0 1 158 159 3
164 2 2 0 1 159 160 3
165 2 2 0 1 160 161 3
166 2 2 0 1 161 162 3
167 2 2 0 1 162 163 3
168 2 2 0 1 163 164 3
169 2 2 0 1 164 165 3
170 2 2 0 1 165 166 3
171 2 2 0 1 166 167 3
172 2 2 0 1 167 168 3
173 2 2 0 1 168 169 3
174 2 2 0 1 169 170 3
175 2 2 0 1 170 171 3
176 2 2 0 1 171 172 3
177 2 2 0 1 172 173 3
178 2 2 0 1 173 174 3
179 2 2 0 1 174 175 3
180 2 2 0 1 175 176 3
181 2 2 0 1 176 177 3
182 2 2 0 1 177 178 3
183 2 2 0 1 178 179 3
184 2 2 0 1 179 180 3
185 2 2 0 1 180 181 3
186 2 2 0 1 181 182 3
187 2 2 0 1 182 183 3
188 2 2 0 1 183 184 3
189 2 2 0 1 184 185 3
190 2 2 0 1 185 186 3
191 2 2 0 1 186 187 3
192 2 2 0 1 187 188 3
193 2 2 0 1 188 189 3
194 2 2 0 1 189 190 3
195 2 2 0 1 190 191 3
196 2 2 0 1 191 192 3
197 2 2 0 1 192 193 3
198 2 2 0 1 193 194 3
199 2 2 0 1 194 195 3
200 2 2 0 1 195 196 3
201 2 2 0 1 196 197 3
202 2 2 0 1 197 198 3
203 2 2 0 1 198 199 3
204 2 2 0 1 199 200 3
205 2 2 0 1 200 201 3
206 2 2 0 1 201 202 3
207 2 2 0 1 202 203 3
208 2 2 0 1 203 204 3
209 2 2 0 1 204 205 3
210 2 2 0 1 205 206 3
211 2 2 0 1 206 207 3
212 2 2 0 1 207 208 3
213 2 2 0 1 208 209 3
214 2 2 0 1 209 210 3
215 2 2 0 1 210 211 3
216 2 2 0 1 211 212 3
217 2 2 0 1 212 213 3
218 2 2 0 1 213 214 3
219 2 2 0 1 214 215 3
220 2 2 0 1 215 216 3
221 2 2 0 1 216 217 3
222 2 2 0 1 217 218 3
223 2 2 0 1 218 219 3
224 2 2 0 1 219 220 3
225 2 2 0 1 220 221 3
226 2 2 0 1 221 222 3
227 2 2 0 1 222 223 3
228 2 2 0 1 223 224 3
229 2 2 0 1 224 225 3
230 2 2 0 1 225 226 3
231 2 2 0 1 226 227 3
232 2 2 0 1 227 228 3
233 2 2 0 1 228 229 3
234 2 2 0 1 229 230 3
235 2 2 0 1 230 231 3
236 2 2 0 1 231 232 3
237 2 2 0 1 232 233 3
238 2 2 0 1 233 234 3
239 2 2 0 1 234 235 3
240 2 2 0 1 235 236 3
241 2 2 0 1 236 237 3
242 2 2 0 1 237 238 3
243 2 2 0 1 238 239 3
244 2 2 0 1 239 240 3
245 2 2 0 1 240 241 3
246 2 2 0 1 241 242 3
247 2 2 0 1 242 243 3
248 2 2 0 1 243 244 3
249 2 2 0 1 244 245 3
250 2 2 0 1 245 246 3
251 2 2 0 1 246 247 3
252 2 2 0 1 247 248 3
253 2 2 0 1 248 249 3
254 2 2 0 1 249 250 3
255 2 2 0 1 250 251 3
256 2 2 0 1 251 252 3
257 2 2 0 1 252 253 3
258 2 2 0 1 253 254 3
259 2 2 0 1 254 255 3
260 2 2 0 1 255 256 3
261 2 2 0 1 256 257 3
262 2 2 0 1 257 258 3
263 2 2 0 1 258 259 3
264 2 2 0 1 259 260 3
265 2 2 0 1 260 261 3
266 2 2 0 1 261 262 3
267 2 2 0 1 262 263 3
268 2 2 0 1 263 264 3
269 2 2 0 1 264 265 3
270 2 2 0 1 265 266 3
271 2 2 0 1 266 267 3
272 2 2 0 1 267 268 3
273 2 2 0 1 268 269 3
274 2 2 0 1 269 270 3
275 2 2 0 1 270 271 3
276 2 2 0 1 271 272 3
277 2 2 0 1 272 273 3
278 2 2 0 1 273 274 3
279 2 2 0 1 274 275 3
280 2 2 0 1 275 276 3
281 2 2 0 1 276 277 3
282 2 2 0 1 277 278 3
283 2 2 0 1 278 279 3
284 2 2 0 1 279 280 3
285 2 2 0 1 280 281 3
286 2 2 0 1 281 282 3
287 2 2 0 1 282 283 3
288 2 2 0 1 283 284 3
289 2 2 0 1 284 285 3
290 2 2 0 1 285 286 3
291 2 2 0 1 286 287 3
292 2 2 0 1 287 288 3
293 2 2 0 1 288 289 3
294 2 2 0 1 289 290 3
295 2 2 0 1 290 291 3
296 2 2 0 1 291 292 3
297 2 2 0 1 292 293 3
298 2 2 0 1 293 294 3
299 2 2 0 1 294 295 3
300 2 2 0 1 295 296 3
301 2 2 0 1 296 297 3
302 2 2 0 1 297 298 3
303 2 2 0 1 298 299 3
304 2 2 0 1 299 300 3
305 2 2 0 1 300 301 3
306 2 2 0 1 301 302 3
307 2 2 0 1 302 303 3
308 2 2 0 1 303 304 3
309 2 2 0 1 304 305 3
310 2 2 0 1 305 306 3
311 2 2 0 1 306 307 3
312 2 2 0 1 307 308 3
313 2 2 0 1 308 309 3
314 2 2 0 1 309 310 3
315 2 2 0 1 310 311 3
316 2 2 0 1 311 312 3
317 2 2 0 1 312 313 3
318 2 2 0 1 313 314 3
319 2 2 0 1 314 315 3
320 2 2 0 1 315 316 3
321 2 2 0 1 316 317 3
322 2 2 0 1 317 318 3
323 2 2 0 1 318 319 3
324 2 2 0 1 319 320 3
325 2 2 0 1 320 321 3
326 2 2 0 1 321 322 3
327 2 2 0 1 322 323 3
328 2 2 0 1 323 324 3
329 2 2 0 1 324 325 3
330 2 2 0 1 325 326 3
331 2 2 0 1 326 327 3
332 2 2 0 1 327 328 3
333 2 2 0 1 328 329 3
334 2 2 0 1 329 330 3
335 2 2 0 1 330 331 3
336 2 2 0 1 331 332 3
337 2 2 0 1 332 333 3
338 2 2 0 1 333 334 3
339 2 2 0 1 334 335 3
340 2 2 0 1 335 336 3
341 2 2 0 1 336 337 3
342 2 2 0 1 337 338 3
343 2 2 0 1 338 339 3
344 2 2 0 1 339 340 3
345 2 2 0 1 340 341 3
346 2 2 0 1 341 342 3
347 2 2 0 1 342 343 3
348 2 2 0 1 343 344 3
349 2 2 0 1 344 345 3
350 2 2 0 1 345 346 3
351 2 2 0 1 346 347 3
352 2 2 0 1 347 348 3
353 2 2 0 1 348 349 3
354 2 2 0 1 349 350 3
355 2 2 0 1 350 351 3
356 2 2 0 1 351 352 3
357 2 2 0 1 352 353 3
358 2 2 0 1 353 354 3
359 2 2 0 1 354 355 3
360 2 2 0 1 355 356 3
361 2 2 0 1 356 357 3
362 2 2 0 1 357 358 3
363 2 2 0 1 358 359 3
364 2 2 0 1 359 360 3
365 2 2 0 1 360 361 3
366 2 2 0 1 361 362 3
367 2 2 0 1 362 363 3
368 2 2 0 1 363 364 3
369 2 2 0 1 364 365 3
370 2 2 0 1 365 366 3
371 2 2 0 1 366 367 3
372 2 2 0 1 367 368 3
373 2 2 0 1 368 369 3
374 2 2 0 1 369 370 3
375 2 2 0 1 370 371 3
376 2 2 0 1 371 372 3
377 2 2 0 1 372 373 3
378 2 2 0 1 373 374 3
379 2 2 0 1 374 375 3
380 2 2 0 1 375 376 3
381 2 2 0 1 4 5 380
382 2 2 0 1 378 380 4
383 2 2 0 1 5 6 381
384 2 2 0 1 380 381 5
385 2 2 0 1 6 7 382
386 2 2 0 1 381 382 6
387 2 2 0 1 7 8 383
388 2 2 0 1 382 383 7
389 2 2 0 1 8 9 384
390 2 2 0 1 383 384 8
391 2 2 0 1 9 10 385
392 2 2 0 1 384 385 9
393 2 2 0 1 10 11 386
394 2 2 0 1 385 386 10
395 2 2 0 1 11 12 387
396 2 2 0 1 386 387 11
397 2 2 0 1 12 13 388
398 2 2 0 1 387 388 12
399 2 2 0 1 13 14 389
400 2 2 0 1 388 389 13
401 2 2 0 1 14 15 390
402 2 2 0 1 389 390 14
403 2 2 0 1 15 16 391
404 2 2 0 1 390 391 15
405 2 2 0 1 16 17 392
406 2 2 0 1 391 392 16
407 2 2 0 1 17 18 393
408 2 2 0 1 392 393 17
409 2 2 0 1 18 19 394
410 2 2 0 1 393 394 18
411 2 2 0 1 19 20 395
412 2 2 0 1 394 395 19
413 2 2 0 1 20 21 396
414 2 2 0 1 395 396 20
415 2 2 0 1 21 22 397
416 2 2 0 1 396 397 21
417 2 2 0 1 22 23 398
418 2 2 0 1 397 398 22
419 2 2 0 1 23 24 399
420 2 2 0 1 398 399 23
421 2 2 0 1 24 25 400
422 2 2 0 1 399 400 24
423 2 2 0 1 25 26 401
424 2 2 0 1 400 401 25
425 2 2 0 1 26 27 402
426 2 2 0 1 401 402 26
427 2 2 0 1 27 28 403
428 2 2 0 1 402 403 27
429 2 2 0 1 28 29 404
430 2 2 0 1 403 404 28
431 2 2 0 1 29 30 405
432 2 2 0 1 404 405 29
433 2 2 0 1 30 31 406
434 2 2 0 1 405 406 30
435 2 2 0 1 31 32 407
436 2 2 0 1 406 407 31
437 2 2 0 1 32 33 408
438 2 2 0 1 407 408 32
439 2 2 0 1 33 34 409
440 2 2 0 1 408 409 33
441 2 2 0 1 34 35 410
442 2 2 0 1 409 410 34
443 2 2 0 1 35 36 411
444 2 2 0 1 410 411 35
445 2 2 0 1 36 37 412
446 2 2 0 1 411 412 36
447 2 2 0 1 37 38 413
448 2 2 0 1 412 413 37
449 2 2 0 1 38 39 414
450 2 2 0 1 413 414 38
451 2 2 0 1 39 40 415
452 2 2 0 1 414 415 39
453 2 2 0 1 40 41 416
454 2 2 0 1 415 416 40
455 2 2 0 1 41 42 417
456 2 2 0 1 416 417 41
457 2 2 0 1 42 43 418
458 2 2 0 1 417 418 42
459 2 2 0 1 43 44 419
460 2 2 0 1 418 419 43
461 2 2 0 1 44 45 420
462 2 2 0 1 419 420 44
463 2 2 0 1 45 46 421
464 2 2 0 1 420 421 45
465 2 2 0 1 46 47 422
466 2 2 0 1 421 422 46
467 2 2 0 1 47 48 423
468 2 2 0 1 422 423 47
469 2 2 0 1 48 49 424
470 2 2 0 1 423 424 48
471 2 2 0 1 49 50 425
472 2 2 0 1 424 425 49
473 2 2 0 1 50 51 426
474 2 2 0 1 425 426 50
475 2 2 0 1 51 52 427
476 2 2 0 1 426 427 51
477 2 2 0 1 52 53 428
478 2 2 0 1 427 428 52
479 2 2 0 1 53 54 429
480 2 2 0 1 428 429 53
481 2 2 0 1 54 55 430
482 2 2 0 1 429 430 54
483 2 2 0 1 55 56 431
484 2 2 0 1 430 431 55
485 2 2 0 1 56 57 432
486 2 2 0 1 431 432 56
487 2 2 0 1 57 58 433
488 2 2 0 1 432 433 57
489 2 2 0 1 58 59 434
490 2 2 0 1 433 434 58
491 2 2 0 1 59 60 435
492 2 2 0 1 434 435 59
493 2 2 0 1 60 61 436
494 2 2 0 1 435 436 60
495 2 2 0 1 61 62 437
496 2 2 0 1 436 437 61
497 2 2 0 1 62 63 438
498 2 2 0 1 437 438 62
499 2 2 0 1 63 64 439
500 2 2 0 1 438 439 63
501 2 2 0 1 64 65 440
502 2 2 0 1 439 440 64
503 2 2 0 1 65 66 441
504 2 2 0 1 440 441 65
505 2 2 0 1 66 67 442
506 2 2 0 1 441 442 66
507 2 2 0 1 67 68 443
508 2 2 0 1 442 443 67
509 2 2 0 1 68 69 444
510 2 2 0 1 443 444 68
511 2 2 0 1 69 70 445
512 2 2 0 1 444 445 69
513 2 2 0 1 70 71 446
514 2 2 0 1 445 446 70
515 2 2 0 1 71 72 447
516 2 2 0 1 446 447 71
517 2 2 0 1 72 73 448
518 2 2 0 1 447 448 72
519 2 2 0 1 73 74 449
520 2 2 0 1 448 449 73
521 2 2 0 1 74 75 450
522 2 2 0 1 449 450 74
523 2 2 0 1 75 76 451
524 2 2 0 1 450 451 75
525 2 2 0 1 76 77 452
526 2 2 0 1 451 452 76
527 2 2 0 1 77 78 453
528 2 2 0 1 452 453 77
529 2 2 0 1 78 79 454
530 2 2 0 1 453 454 78
531 2 2 0 1 79 80 455
532 2 2 0 1 454 455 79
533 2 2 0 1 80 81 456
534 2 2 0 1 455 456 80
535 2 2 0 1 81 82 457
536 2 2 0 1 456 457 81
537 2 2 0 1 82 83 458
538 2 2 0 1 457 458 82
539 2 2 0 1 83 84 459
540 2 2 0 1 458 459 83
541 2 2 0 1 84 85 460
542 2 2 0 1 459 460 84
543 2 2 0 1 85 86 461
544 2 2 0 1 460 461 85
545 2 2 0 1 86 87 462
546 2 2 0 1 461 462 86
547 2 2 0 1 87 88 463
548 2 2 0 1 462 463 87
549 2 2 0 1 88 89 464
550 2 2 0 1 463 464 88
551 2 2 0 1 89 90 465
552 2 2 0 1 464 465 89
553 2 2 0 1 90 91 466
554 2 2 0 1 465 466 90
555 2 2 0 1 91 92 467
556 2 2 0 1 466 467 91
557 2 2 0 1 92 93 468
558 2 2 0 1 467 468 92
559 2 2 0 1 93 94 469
560 2 2 0 1 468 469 93
561 2 2 0 1 94 95 470
562 2 2 0 1 469 470 94
563 2 2 0 1 95 96 471
564 2 2 0 1 470 471 95
565 2 2 0 1 96 97 472
566 2 2 0 1 471 472 96
567 2 2 0 1 97 98 473
568 2 2 0 1 472 473 97
569 2 2 0 1 98 99 474
570 2 2 0 1 473 474 98
571 2 2 0 1 99 100 475
572 2 2 0 1 474 475 99
573 2 2 0 1 100 101 476
574 2 2 0 1 475 476 100
575 2 2 0 1 101 102 477
576 2 2 0 1 476 477 101
577 2 2 0 1 102 103 478
578 2 2 0 1 477 478 102
579 2 2 0 1 103 104 479
580 2 2 0 1 478 479 103
581 2 2 0 1 104 105 480
582 2 2 0 1 479 480 104
583 2 2 0 1 105 106 481
584 2 2 0 1 480 481 105
585 2 2 0 1 106 107 482
586 2 2 0 1 481 482 106
587 2 2 0 1 107 108 483
588 2 2 0 1 482 483 107
589 2 2 0 1 108 109 484
590 2 2 0 1 483 484 108
591 2 2 0 1 109 110 485
592 2 2 0 1 484 485 109
593 2 2 0 1 110 111 486
594 2 2 0 1 485 486 110
595 2 2 0 1 111 112 487
596 2 2 0 1 486 487 111
597 2 2 0 1 112 113 488
598 2 2 0 1 487 488 112
599 2 2 0 1 113 114 489
600 2 2 0 1 488 489 113
601 2 2 0 1 114 115 490
602 2 2 0 1 489 490 114
603 2 2 0 1 115 116 491
604 2 2 0 1 490 491 115
605 2 2 0 1 116 117 492
606 2 2 0 1 491 492 116
607 2 2 0 1 117 118 493
608 2 2 0 1 492 493 117
609 2 2 0 1 118 119 494
610 2 2 0 1 493 494 118
611 2 2 0 1 119 120 495
612 2 2 0 1 494 495 119
613 2 2 0 1 120 121 496
614 2 2 0 1 495 496 120
615 2 2 0 1 121 122 497
616 2 2 0 1 496 497 121
617 2 2 0 1 122 123 498
618 2 2 0 1 497 498 122
619 2 2 0 1 123 124 499
620 2 2 0 1 498 499 123
621 2 2 0 1 124 125 500
622 2 2 0 1 499 500 124
623 2 2 0 1 125 126 501
624 2 2 0 1 500 501 125
625 2 2 0 1 126 127 502
626 2 2 0 1 501 502 126
627 2 2 0 1 127 128 503
628 2 2 0 1 502 503 127
629 2 2 0 1 128 129 504
630 2 2 0 1 503 504 128
631 2 2 0 1 129 130 505
632 2 2 0 1 504 505 129
633 2 2 0 1 130 131 506
634 2 2 0 1 505 506 130
635 2 2 0 1 131 132 507
636 2 2 0 1 506 507 131
637 2 2 0 1 132 133 508
638 2 2 0 1 507 508 132
639 2 2 0 1 133 134 509
640 2 2 0 1 508 509 133
641 2 2 0 1 134 135 510
642 2 2 0 1 509 510 134
643 2 2 0 1 135 136 511
644 2 2 0 1 510 511 135
645 2 2 0 1 136 137 512
646 2 2 0 1 511 512 136
647 2 2 0 1 137 138 513
648 2 2 0 1 512 513 137
649 2 2 0 1 138 139 514
650 2 2 0 1 513 514 138
651 2 2 0 1 139 140 515
652 2 2 0 1 514 515 139
653 2 2 0 1 140 141 516
654 2 2 0 1 515 516 140
655 2 2 0 1 141 142 517
656 2 2 0 1 516 517 141
657 2 2 0 1 142 143 518
658 2 2 0 1 517 518 142
659 2 2 0 1 143 144 519
660 2 2 0 1 518 519 143
661 2 2 0 1 144 145 520
662 2 2 0 1 519 520 144
663 2 2 0 1 145 146 521
664 2 2 0 1 520 521 145
665 2 2 0 1 146 147 522
666 2 2 0 1 521 522 146
667 2 2 0 1 147 148 523
668 2 2 0 1 522 523 147
669 2 2 0 1 148 149 524
670 2 2 0 1 523 524 148
671 2 2 0 1 149 150 525
672 2 2 0 1 524 525 149
673 2 2 0 1 150 151 526
674 2 2 0 1 525 526 150
675 2 2 0 1 151 152 527
676 2 2 0 1 526 527 151
677 2 2 0 1 152 153 528
678 2 2 0 1 527 528 152
679 2 2 0 1 153 154 529
680 2 2 0 1 528 529 153
681 2 2 0 1 154 155 530
682 2 2 0 1 529 530 154
683 2 2 0 1 155 156 531
684 2 2 0 1 530 531 155
685 2 2 0 1 156 157 532
686 2 2 0 1 531 532 156
687 2 2 0 1 157 158 533
688 2 2 0 1 532 533 157
689 2 2 0 1 158 159 534
690 2 2 0 1 533 534 158
691 2 2 0 1 159 160 535
692 2 2 0 1 534 535 159
693 2 2 0 1 160 161 536
694 2 2 0 1 535 536 160
695 2 2 0 1 161 162 537
696 2 2 0 1 536 537 161
697 2 2 0 1 162 163 538
698 2 2 0 1 537 538 162
699 2 2 0 1 163 164 539
700 2 2 0 1 538 539 163
701 2 2 0 1 164 165 540
702 2 2 0 1 539 540 164
703 2 2 0 1 165 166 541
704 2 2 0 1 540 541 165
705 2 2 0 1 166 167 542
706 2 2 0 1 541 542 166
707 2 2 0 1 167 168 543
708 2 2 0 1 542 543 167
709 2 2 0 1 168 169 544
710 2 2 0 1 543 544 168
711 2 2 0 1 169 170 545
712 2 2 0 1 544 545 169
713 2 2 0 1 170 171 546
714 2 2 0 1 545 546 170
715 2 2 0 1 171 172 547
716 2 2 0 1 546 547 171
717 2 2 0 1 172 173 548
718 2 2 0 1 547 548 172
719 2 2 0 1 173 174 549
720 2 2 0 1 548 549 173
721 2 2 0 1 174 175 550
722 2 2 0 1 549 550 174
723 2 2 0 1 175 176 551
724 2 2 0 1 550 551 175
725 2 2 0 1 176 177 552
726 2 2 0 1 551 552 176
727 2 2 0 1 177 178 553
728 2 2 0 1 552 553 177
729 2 2 0 1 178 179 554
730 2 2 0 1 553 554 178
731 2 2 0 1 179 180 555
732 2 2 0 1 554 555 179
733 2 2 0 1 180 181 556
734 2 2 0 1 555 556 180
735 2 2 0 1 181 182 557
736 2 2 0 1 556 557 181
737 2 2 0 1 182 183 558
738 2 2 0 1 557 558 182
739 2 2 0 1 183 184 559
740 2 2 0 1 558 559 183
741 2 2 0 1 184 185 560
742 2 2 0 1 559 560 184
743 2 2 0 1 185 186 561
744 2 2 0 1 560 561 185
745 2 2 0 1 186 187 562
746 2 2 0 1 561 562 186
747 2 2 0 1 187 188 563
748 2 2 0 1 562 563 187
749 2 2 0 1 188 189 564
750 2 2 0 1 563 564 188
751 2 2 0 1 189 190 565
752 2 2 0 1 564 565 189
753 2 2 0 1 190 191 566
754 2 2 0 1 565 566 190
755 2 2 0 1 191 192 567
756 2 2 0 1 566 567 191
757 2 2 0 1 192 193 568
758 2 2 0 1 567 568 192
759 2 2 0 1 193 194 569
760 2 2 0 1 568 569 193
761 2 2 0 1 194 195 570
762 2 2 0 1 569 570 194
763 2 2 0 1 195 196 571
764 2 2 0 1 570 571 195
765 2 2 0 1 196 197 572
766 2 2 0 1 571 572 196
767 2 2 0 1 197 198 573
768 2 2 0 1 572 573 197
769 2 2 0 1 198 199 574
770 2 2 0 1 573 574 198
771 2 2 0 1 199 200 575
772 2 2 0 1 574 575 199
773 2 2 0 1 200 201 576
774 2 2 0 1 575 576 200
775 2 2 0 1 201 202 577
776 2 2 0 1 576 577 201
777 2 2 0 1 202 203 578
778 2 2 0 1 577 578 202
779 2 2 0 1 203 204 579
780 2 2 0 1 578 579 203
781 2 2 0 1 204 205 580
782 2 2 0 1 579 580 204
783 2 2 0 1 205 206 581
784 2 2 0 1 580 581 205
785 2 2 0 1 206 207 582
786 2 2 0 1 581 582 206
787 2 2 0 1 207 208 583
788 2 2 0 1 582 583 207
789 2 2 0 1 208 209 584
790 2 2 0 1 583 584 208
791 2 2 0 1 209 210 585
792 2 2 0 1 584 585 209
793 2 2 0 1 210 211 586
794 2 2 0 1 585 586 210
795 2 2 0 1 211 212 587
796 2 2 0 1 586 587 211
797 2 2 0 1 212 213 588
798 2 2 0 1 587 588 212
799 2 2 0 1 213 214 589
800 2 2 0 1 588 589 213
801 2 2 0 1 214 215 590
802 2 2 0 1 589 590 214
803 2 2 0 1 215 216 591
804 2 2 0 1 590 591 215
805 2 2 0 1 216 217 592
806 2 2 0 1 591 592 216
807 2 2 0 1 217 218 593
808 2 2 0 1 592 593 217
809 2 2 0 1 218 219 594
810 2 2 0 1 593 594 218
811 2 2 0 1 219 220 595
812 2 2 0 1 594 595 219
813 2 2 0 1 220 221 596
814 2 2 0 1 595 596 220
815 2 2 0 1 221 222 597
816 2 2 0 1 596 597 221
817 2 2 0 1 222 223 598
818 2 2 0 1 597 598 222
819 2 2 0 1 223 224 599
820 2 2 0 1 598 599 223
821 2 2 0 1 224 225 600
822 2 2 0 1 599 600 224
823 2 2 0 1 225 226 601
824 2 2 0 1 600 601 225
825 2 2 0 1 226 227 602
826 2 2 0 1 601 602 226
827 2 2 0 1 227 228 603
828 2 2 0 1 602 603 227
829 2 2 0 1 228 229 604
830 2 2 0 1 603 604 228
831 2 2 0 1 229 230 605
832 2 2 0 1 604 605 229
833 2 2 0 1 230 231 606
834 2 2 0 1 605 606 230
835 2 2 0 1 231 232 607
836 2 2 0 1 606 607 231
837 2 2 0 1 232 233 608
838 2 2 0 1 607 608 232
839 2 2 0 1 233 234 609
840 2 2 0 1 608 609 233
841 2 2 0 1 234 235 610
842 2 2 0 1 609 610 234
843 2 2 0 1 235 236 611
844 2 2 0 1 610 611 235
845 2 2 0 1 236 237 612
846 2 2 0 1 611 612 236
847 2 2 0 1 237 238 613
848 2 2 0 1 612 613 237
849 2 2 0 1 238 239 614
850 2 2 0 1 613 614 238
851 2 2 0 1 239 240 615
852 2 2 0 1 614 615 239
853 2 2 0 1 240 241 616
854 2 2 0 1 615 616 240
855 2 2 0 1 241 242 617
856 2 2 0 1 616 617 241
857 2 2 0 1 242 243 618
858 2 2 0 1 617 618 242
859 2 2 0 1 243 244 619
860 2 2 0 1 618 619 243
861 2 2 0 1 244 245 620
862 2 2 0 1 619 620 244
863 2 2 0 1 245 246 621
864 2 2 0 1 620 621 245
865 2 2 0 1 246 247 622
866 2 2 0 1 621 622 246
867 2 2 0 1 247 248 623
868 2 2 0 1 622 623 247
869 2 2 0 1 248 249 624
870 2 2 0 1 623 624 248
871 2 2 0 1 249 250 625
872 2 2 0 1 624 625 249
873 2 2 0 1 250 251 626
874 2 2 0 1 625 626 250
875 2 2 0 1 251 252 627
876 2 2 0 1 626 627 251
877 2 2 0 1 252 253 628
878 2 2 0 1 627 628 252
879 2 2 0 1 253 254 629
880 2 2 0 1 628 629 253
881 2 2 0 1 254 255 630
882 2 2 0 1 629 630 254
883 2 2 0 1 255 256 631
884 2 2 0 1 630 631 255
885 2 2 0 1 256 257 632
886 2 2 0 1 631 632 256
887 2 2 0 1 257 258 633
888 2 2 0 1 632 633 257
889 2 2 0 1 258 259 634
890 2 2 0 1 633 634 258
891 2 2 0 1 259 260 635
892 2 2 0 1 634 635 259
893 2 2 0 1 260 261 636
894 2 2 0 1 635 636 260
895 2 2 0 1 261 262 637
896 2 2 0 1 636 637 261
897 2 2 0 1 262 263 638
898 2 2 0 1 637 638 262
899 2 2 0 1 263 264 639
900 2 2 0 1 638 639 263
901 2 2 0 1 264 265 640
902 2 2 0 1 639 640 264
903 2 2 0 1 265 266 641
904 2 2 0 1 640 641 265
905 2 2 0 1 266 267 642
906 2 2 0 1 641 642 266
907 2 2 0 1 267 268 643
908 2 2 0 1 642 643 267
909 2 2 0 1 268 269 644
910 2 2 0 1 643 644 268
911 2 2 0 1 269 270 645
912 2 2 0 1 644 645 269
913 2 2 0 1 270 271 646
914 2 2 0 1 645 646 270
915 2 2 0 1 271 272 647
916 2 2 0 1 646 647 271
917 2 2 0 1 272 273 648
918 2 2 0 1 647 648 272
919 2 2 0 1 273 274 649
920 2 2 0 1 648 649 273
921 2 2 0 1 274 275 650
922 2 2 0 1 649 650 274
923 2 2 0 1 275 276 651
924 2 2 0 1 650 651 275
925 2 2 0 1 276 277 652
926 2 2 0 1 651 652 276
927 2 2 0 1 277 278 653
928 2 2 0 1 652 653 277
929 2 2 0 1 278 279 654
930 2 2 0 1 653 654 278
931 2 2 0 1 279 280 655
932 2 2 0 1 654 655 279
933 2 2 0 1 280 281 656
934 2 2 0 1 655 656 280
935 2 2 0 1 281 282 657
936 2 2 0 1 656 657 281
937 2 2 0 1 282 283 658
938 2 2 0 1 657 658 282
939 2 2 0 1 283 284 659
940 2 2 0 1 658 659 283
941 2 2 0 1 284 285 660
942 2 2 0 1 659 660 284
943 2 2 0 1 285 286 661
944 2 2 0 1 660 661 285
945 2 2 0 1 286 287 662
946 2 2 0 1 661 662 286
947 2 2 0 1 287 288 663
948 2 2 0 1 662 663 287
949 2 2 0 1 288 289 664
950 2 2 0 1 663 664 288
951 2 2 0 1 289 290 665
952 2 2 0 1 664 665 289
953 2 2 0 1 290 291 666
954 2 2 0 1 665 666 290
955 2 2 0 1 291 292 667
956 2 2 0 1 666 667 291
957 2 2 0 1 292 293 668
958 2 2 0 1 667 668 292
959 2 2 0 1 293 294 669
960 2 2 0 1 668 669 293
961 2 2 0 1 294 295 670
962 2 2 0 1 669 670 294
963 2 2 0 1 295 296 671
964 2 2 0 1 670 671 295
965 2 2 0 1 296 297 672
966 2 2 0 1 671 672 296
967 2 2 0 1 297 298 673
968 2 2 0 1 672 673 297
969 2 2 0 1 298 299 674
970 2 2 0 1 673 674 298
971 2 2 0 1 299 300 675
972 2 2 0 1 674 675 299
973 2 2 0 1 300 301 676
974 2 2 0 1 675 676 300
975 2 2 0 1 301 302 677
976 2 2 0 1 676 677 301
977 2 2 0 1 302 303 678
978 2 2 0 1 677 678 302
979 2 2 0 1 303 304 679
980 2 2 0 1 678 679 303
981 2 2 0 1 304 305 680
982 2 2 0 1 679 680 304
983 2 2 0 1 305 306 681
984 2 2 0 1 680 681 305
985 2 2 0 1 306 307 682
986 2 2 0 1 681 682 306
987 2 2 0 1 307 308 683
988 2 2 0 1 682 683 307
989 2 2 0 1 308 309 684
990 2 2 0 1 683 684 308
991 2 2 0 1 309 310 685
992 2 2 0 1 684 685 309
993 2 2 0 1 310 311 686
994 2 2 0 1 685 686 310
995 2 2 0 1 311 312 687
996 2 2 0 1 686 687 311
997 2 2 0 1 312 313 688
998 2 2 0 1 687 688 312
999 2 2 0 1 313 314 689
1000 2 2 0 1 688 689 313
1001 2 2 0 1 314 315 690
1002 2 2 0 1 689 690 314
1003 2 2 0 1 315 316 691
1004 2 2 0 1 690 691 315
1005 2 2 0 1 316 317 692
1006 2 2 0 1 691 692 316
1007 2 2 0 1 317 318 693
1008 2 2 0 1 692 693 317
1009 2 2 0 1 318 319 694
1010 2 2 0 1 693 694 318
1011 2 2 0 1 319 320 695
1012 2 2 0 1 694 695 319
1013 2 2 0 1 320 321 696
1014 2 2 0 1 695 696 320
1015 2 2 0 1 321 322 697
1016 2 2 0 1 696 697 321
1017 2 2 0 1 322 323 698
1018 2 2 0 1 697 698 322
1019 2 2 0 1 323 324 699
1020 2 2 0 1 698 699 323
1021 2 2 0 1 324 325 700
1022 2 2 0 1 699 700 324
1023 2 2 0 1 325 326 701
1024 2 2 0 1 700 701 325
1025 2 2 0 1 326 327 702
1026 2 2 0 1 701 702 326
1027 2 2 0 1 327 328 703
1028 2 2 0 1 702 703 327
1029 2 2 0 1 328 329 704
1030 2 2 0 1 703 704 328
1031 2 2 0 1 329 330 705
1032 2 2 0 1 704 705 329
1033 2 2 0 1 330 331 706
1034 2 2 0 1 705 706 330
1035 2 2 0 1 331 332 707
1036 2 2 0 1 706 707 331
1037 2 2 0 1 332 333 708
1038 2 2 0 1 707 708 332
1039 2 2 0 1 333 334 709
1040 2 2 0 1 708 709 333
1041 2 2 0 1 334 335 710
1042 2 2 0 1 709 710 334
1043 2 2 0 1 335 336 711
1044 2 2 0 1 710 711 335
1045 2 2 0 1 336 337 712
1046 2 2 0 1 711 712 336
1047 2 2 0 1 337 338 713
1048 2 2 0 1 712 713 337
1049 2 2 0 1 338 339 714
1050 2 2 0 1 713 714 338
1051 2 2 0 1 339 340 715
1052 2 2 0 1 714 715 339
1053 2 2 0 1 340 341 716
1054 2 2 0 1 715 716 340
1055 2 2 0 1 341 342 717
1056 2 2 0 1 716 717 341
1057 2 2 0 1 342 343 718
1058 2 2 0 1 717 718 342
1059 2 2 0 1 343 344 719
1060 2 2 0 1 718 719 343
1061 2 2 0 1 344 345 720
1062 2 2 0 1 719 720 344
1063 2 2 0 1 345 346 721
1064 2 2 0 1 720 721 345
1065 2 2 0 1 346 347 722
1066 2 2 0 1 721 722 346
1067 2 2 0 1 347 348 723
1068 2 2 0 1 722 723 347
1069 2 2 0 1 348 349 724
1070 2 2 0 1 723 724 348
1071 2 2 0 1 349 350 725
1072 2 2 0 1 724 725 349
1073 2 2 0 1 350 351 726
1074 2 2 0 1 725 726 350
1075 2 2 0 1 351 352 727
1076 2 2 0 1 726 727 351
1077 2 2 0 1 352 353 728
1078 2 2 0 1 727 728 352
1079 2 2 0 1 353 354 729
1080 2 2 0 1 728 729 353
1081 2 2 0 1 354 355 730
1082 2 2 0 1 729 730 354
1083 2 2 0 1 355 356 731
1084 2 2 0 1 730 731 355
1085 2 2 0 1 356 357 732
1086 2 2 0 1 731 732 356
1087 2 2 0 1 357 358 733
1088 2 2 0 1 732 733 357
1089 2 2 0 1 358 359 734
1090 2 2 0 1 733 734 358
1091 2 2 0 1 359 360 735
1092 2 2 0 1 734 735 359
1093 2 2 0 1 360 361 736
1094 2 2 0 1 735 736 360
1095 2 2 0 1 361 362 737
1096 2 2 0 1 736 737 361
1097 2 2 0 1 362 363 738
1098 2 2 0 1 737 738 362
1099 2 2 0 1 363 364 739
1100 2 2 0 1 738 739 363
1101 2 2 0 1 364 365 740
1102 2 2 0 1 739 740 364
1103 2 2 0 1 365 366 741
1104 2 2 0 1 740 741 365
1105 2 2 0 1 366 367 742
1106 2 2 0 1 741 742 366
1107 2 2 0 1 367 368 743
1108 2 2 0 1 742 743 367
1109 2 2 0 1 368 369 744
1110 2 2 0 1 743 744 368
1111 2 2 0 1 369 370 745
1112 2 2 0 1 744 745 369
1113 2 2 0 1 370 371 746
1114 2 2 0 1 745 746 370
1115 2 2 0 1 371 372 747
1116 2 2 0 1 746 747 371
1117 2 2 0 1 372 373 748
1118 2 2 0 1 747 748 372
1119 2 2 0 1 373 374 749
1120 2 2 0 1 748 749 373
1121 2 2 0 1 374 375 750
1122 2 2 0 1 749 750 374
1123 2 2 0 1 375 376 751
1124 2 2 0 1 750 751 375
1125 2 2 0 1 751 752 376
1126 2 2 0 1 377 378 379
1127 2 2 0 1 752 377 379
1128 2 2 0 1 378 380 379
1129 2 2 0 1 380 381 379
1130 2 2 0 1 381 382 379
1131 2 2 0 1 382 383 379
1132 2 2 0 1 383 384 379
1133 2 2 0 1 384 385 379
1134 2 2 0 1 385 386 379
1135 2 2 0 1 386 387 379
1136 2 2 0 1 387 388 379
1137 2 2 0 1 388 389 379
1138 2 2 0 1 389 390 379
1139 2 2 0 1 390 391 379
1140 2 2 0 1 391 392 379
1141 2 2 0 1 392 393 379
1142 2 2 0 1 393 394 379
1143 2 2 0 1 394 395 379
1144 2 2 0 1 395 396 379
1145 2 2 0 1 396 397 379
1146 2 2 0 1 397 398 379
1147 2 2 0 1 398 399 379
1148 2 2 0 1 399 400 379
1149 2 2 0 1 400 401 379
1150 2 2 0 1 401 402 379
1151 2 2 0 1 402 403 379
1152 2 2 0 1 403 404 379
1153 2 2 0 1 404 405 379
1154 2 2 0 1 405 406 379
1155 2 2 0 1 406 407 379
1156 2 2 0 1 407 408 379
1157 2 2 0 1 408 409 379
1158 2 2 0 1 409 410 379
1159 2 2 0 1 410 411 379
1160 2 2 0 1 411 412 379
1161 2 2 0 1 412 413 379
1162 2 2 0 1 413 414 379
1163 2 2 0 1 414 415 379
1164 2 2 0 1 415 416 379
1165 2 2 0 1 416 417 379
1166 2 2 0 1 417 418 379
1167 2 2 0 1 418 419 379
1168 2 2 0 1 419 420 379
1169 2 2 0 1 420 421 379
1170 2 2 0 1 421 422 379
1171 2 2 0 1 422 423 379
1172 2 2 0 1 423 424 379
1173 2 2 0 1 424 425 379
1174 2 2 0 1 425 426 379
1175 2 2 0 1 426 427 379
1176 2 2 0 1 427 428 379
1177 2 2 0 1 428 429 379
1178 2 2 0 1 429 430 379
1179 2 2 0 1 430 431 379
1180 2 2 0 1 431 432 379
1181 2 2 0 1 432 433 379
1182 2 2 0 1 433 434 379
1183 2 2 0 1 434 435 379
1184 2 2 0 1 435 436 379
1185 2 2 0 1 436 437 379
1186 2 2 0 1 437 438 379
1187 2 2 0 1 438 439 379
1188 2 2 0 1 439 440 379
1189 2 2 0 1 440 441 379
1190 2 2 0 1 441 442 379
1191 2 2 0 1 442 443 379
1192 2 2 0 1 443 444 379
1193 2 2 0 1 444 445 379
1194 2 2 0 1 445 446 379
1195 2 2 0 1 446 447 379
1196 2 2 0 1 447 448 379
1197 2 2 0 1 448 449 379
1198 2 2 0 1 449 450 379
1199 2 2 0 1 450 451 379
1200 2 2 0 1 451 452 379
1201 2 2 0 1 452 453 379
1202 2 2 0 1 453 454 379
1203 2 2 0 1 454 455 379
1204 2 2 0 1 455 456 379
1205 2 2 0 1 456 457 379
1206 2 2 0 1 457 458 379
1207 2 2 0 1 458 459 379
1208 2 2 0 1 459 460 379
1209 2 2 0 1 460 461 379
1210 2 2 0 1 461 462 379
1211 2 2 0 1 462 463 379
1212 2 2 0 1 463 464 379
1213 2 2 0 1 464 465 379
1214 2 2 0 1 465 466 379
1215 2 2 0 1 466 467 379
1216 2 2 0 1 467 468 379
1217 2 2 0 1 468 469 379
1218 2 2 0 1 469 470 379
1219 2 2 0 1 470 471 379
1220 2 2 0 1 471 472 379
1221 2 2 0 1 472 473 379
1222 2 2 0 1 473 474 379
1223 2 2 0 1 474 475 379
1224 2 2 0 1 475 476 379
1225 2 2 0 1 476 477 379
1226 2 2 0 1 477 478 379
1227 2 2 0 1 478 479 379
1228 2 2 0 1 479 480 379
1229 2 2 0 1 480 481 379
1230 2 2 0 1 481 482 379
1231 2 2 0 1 482 483 379
1232 2 2 0 1 483 484 379
1233 2 2 0 1 484 485 379
1234 2 2 0 1 485 486 379
1235 2 2 0 1 486 487 379
1236 2 2 0 1 487 488 379
1237 2 2 0 1 488 489 379
1238 2 2 0 1 489 490 379
1239 2 2 0 1 490 491 379
1240 2 2 0 1 491 492 379
1241 2 2 0 1 492 493 379
1242 2 2 0 1 493 494 379
1243 2 2 0 1 494 495 379
1244 2 2 0 1 495 496 379
1245 2 2 0 1 496 497 379
1246 2 2 0 1 497 498 379
1247 2 2 0 1 498 499 379
1248 2 2 0 1 499 500 379
1249 2 2 0 1 500 501 379
1250 2 2 0 1 501 502 379
1251 2 2 0 1 502 503 379
1252 2 2 0 1 503 504 379
1253 2 2 0 1 504 505 379
1254 2 2 0 1 505 506 379
1255 2 2 0 1 506 507 379
1256 2 2 0 1 507 508 379
1257 2 2 0 1 508 509 379
1258 2 2 0 1 509 510 379
1259 2 2 0 1 510 511 379
1260 2 2 0 1 511 512 379
1261 2 2 0 1 512 513 379
1262 2 2 0 1 513 514 379
1263 2 2 0 1 514 515 379
1264 2 2 0 1 515 516 379
1265 2 2 0 1 516 517 379
1266 2 2 0 1 517 518 379
1267 2 2 0 1 518 519 379
1268 2 2 0 1 519 520 379
1269 2 2 0 1 520 521 379
1270 2 2 0 1 521 522 379
1271 2 2 0 1 522 523 379
1272 2 2 0 1 523 524 379
1273 2 2 0 1 524 525 379
1274 2 2 0 1 525 526 379
1275 2 2 0 1 526 527 379
1276 2 2 0 1 527 528 379
1277 2 2 0 1 528 529 379
1278 2 2 0 1 529 530 379
1279 2 2 0 1 530 531 379
1280 2 2 0 1 531 532 379
1281 2 2 0 1 532 533 379
1282 2 2 0 1 533 534 379
1283 2 2 0 1 534 535 379
1284 2 2 0 1 535 536 379
1285 2 2 0 1 536 537 379
1286 2 2 0 1 537 538 379
1287 2 2 0 1 538 539 379
1288 2 2 0 1 539 540 379
1289 2 2 0 1 540 541 379
1290 2 2 0 1 541 542 379
1291 2 2 0 1 542 543 379
1292 2 2 0 1 543 544 379
1293 2 2 0 1 544 545 379
1294 2 2 0 1 545 546 379
1295 2 2 0 1 546 547 379
1296 2 2 0 1 547 548 379
1297 2 2 0 1 548 549 379
1298 2 2 0 1 549 550 379
1299 2 2 0 1 550 551 379
1300 2 2 0 1 551 552 379
1301 2 2 0 1 552 553 379
1302 2 2 0 1 553 554 379
1303 2 2 0 1 554 555 379
1304 2 2 0 1 555 556 379
1305 2 2 0 1 556 557 379
1306 2 2 0 1 557 558 379
1307 2 2 0 1 558 559 379
1308 2 2 0 1 559 560 379
1309 2 2 0 1 560 561 379
1310 2 2 0 1 561 562 379
1311 2 2 0 1 562 563 379
1312 2 2 0 1 563 564 379
1313 2 2 0 1 564 565 379
1314 2 2 0 1 565 566 379
1315 2 2 0 1 566 567 379
1316 2 2 0 1 567 568 379
1317 2 2 0 1 568 569 379
1318 2 2 0 1 569 570 379
1319 2 2 0 1 570 571 379
1320 2 2 0 1 571 572 379
1321 2 2 0 1 572 573 379
1322 2 2 0 1 573 574 379
1323 2 2 0 1 574 575 379
1324 2 2 0 1 575 576 379
1325 2 2 0 1 576 577 379
1326 2 2 0 1 577 578 379
1327 2 2 0 1 578 579 379
1328 2 2 0 1 579 580 379
1329 2 2 0 1 580 581 379
1330 2 2 0 1 581 582 379
1331 2 2 0 1 582 583 379
1332 2 2 0 1 583 584 379
1333 2 2 0 1 584 585 379
1334 2 2 0 1 585 586 379
1335 2 2 0 1 586 587 379
1336 2 2 0 1 587 588 379
1337 2 2 0 1 588 589 379
1338 2 2 0 1 589 590 379
1339 2 2 0 1 590 591 379
1340 2 2 0 1 591 592 379
1341 2 2 0 1 592 593 379
1342 2 2 0 1 593 594 379
1343 2 2 0 1 594 595 379
1344 2 2 0 1 595 596 379
1345 2 2 0 1 596 597 379
1346 2 2 0 1 597 598 379
1347 2 2 0 1 598 599 379
1348 2 2 0 1 599 600 379
1349 2 2 0 1 600 601 379
1350 2 2 0 1 601 602 379
1351 2 2 0 1 602 603 379
1352 2 2 0 1 603 604 379
1353 2 2 0 1 604 605 379
1354 2 2 0 1 605 606 379
1355 2 2 0 1 606 607 379
1356 2 2 0 1 607 608 379
1357 2 2 0 1 608 609 379
1358 2 2 0 1 609 610 379
1359 2 2 0 1 610 611 379
1360 2 2 0 1 611 612 379
1361 2 2 0 1 612 613 379
1362 2 2 0 1 613 614 379
1363 2 2 0 1 614 615 379
1364 2 2 0 1 615 616 379
1365 2 2 0 1 616 617 379
1366 2 2 0 1 617 618 379
1367 2 2 0 1 618 619 379
1368 2 2 0 1 619 620 379
1369 2 2 0 1 620 621 379
1370 2 2 0 1 621 622 379
1371 2 2 0 1 622 623 379
1372 2 2 0 1 623 624 379
1373 2 2 0 1 624 625 379
1374 2 2 0 1 625 626 379
1375 2 2 0 1 626 627 379
1376 2 2 0 1 627 628 379
1377 2 2 0 1 628 629 379
1378 2 2 0 1 629 630 379
1379 2 2 0 1 630 631 379
1380 2 2 0 1 631 632 379
1381 2 2 0 1 632 633 379
1382 2 2 0 1 633 634 379
1383 2 2 0 1 634 635 379
1384 2 2 0 1 635 636 379
1385 2 2 0 1 636 637 379
1386 2 2 0 1 637 638 379
1387 2 2 0 1 638 639 379
1388 2 2 0 1 639 640 379
1389 2 2 0 1 640 641 379
1390 2 2 0 1 641 642 379
1391 2 2 0 1 642 643 379
1392 2 2 0 1 643 644 379
1393 2 2 0 1 644 645 379
1394 2 2 0 1 645 646 379
1395 2 2 0 1 646 647 379
1396 2 2 0 1 647 648 379
1397 2 2 0 1 648 649 379
1398 2 2 0 1 649 650 379
1399 2 2 0 1 650 651 379
1400 2 2 0 1 651 652 379
1401 2 2 0 1 652 653 379
1402 2 2 0 1 653 654 379
1403 2 2 0 1 654 655 379
1404 2 2 0 1 655 656 379
1405 2 2 0 1 656 657 379
1406 2 2 0 1 657 658 379
1407 2 2 0 1 658 659 379
1408 2 2 0 1 659 660 379
1409 2 2 0 1 660 661 379
1410 2 2 0 1 661 662 379
1411 2 2 0 1 662 663 379
1412 2 2 0 1 663 664 379
1413 2 2 0 1 664 665 379
1414 2 2 0 1 665 666 379
1415 2 2 0 1 666 667 379
1416 2 2 0 1 667 668 379
1417 2 2 0 1 668 669 379
1418 2 2 0 1 669 670 379
1419 2 2 0 1 670 671 379
1420 2 2 0 1 671 672 379
1421 2 2 0 1 672 673 379
1422 2 2 0 1 673 674 379
1423 2 2 0 1 674 675 379
1424 2 2 0 1 675 676 379
1425 2 2 0 1 676 677 379
1426 2 2 0 1 677 678 379
1427 2 2 0 1 678 679 379
1428 2 2 0 1 679 680 379
1429 2 2 0 1 680 681 379
1430 2 2 0 1 681 682 379
1431 2 2 0 1 682 683 379
1432 2 2 0 1 683 684 379
1433 2 2 0 1 684 685 379
1434 2 2 0 1 685 686 379
1435 2 2 0 1 686 687 379
1436 2 2 0 1 687 688 379
1437 2 2 0 1 688 689 379
1438 2 2 0 1 689 690 379
1439 2 2 0 1 690 691 379
1440 2 2 0 1 691 692 379
1441 2 2 0 1 692 693 379
1442 2 2 0 1 693 694 379
1443 2 2 0 1 694 695 379
1444 2 2 0 1 695 696 379
1445 2 2 0 1 696 697 379
1446 2 2 0 1 697 698 379
1447 2 2 0 1 698 699 379
1448 2 2 0 1 699 700 379
1449 2 2 0 1 700 701 379
1450 2 2 0 1 701 702 379
1451 2 2 0 1 702 703 379
1452 2 2 0 1 703 704 379
1453 2 2 0 1 704 705 379
1454 2 2 0 1 705 706 379
1455 2 2 0 1 706 707 379
1456 2 2 0 1 707 708 379
1457 2 2 0 1 708 709 379
1458 2 2 0 1 709 710 379
1459 2 2 0 1 710 711 379
1460 2 2 0 1 711 712 379
1461 2 2 0 1 712 713 379
1462 2 2 0 1 713 714 379
1463 2 2 0 1 714 715 379
1464 2 2 0 1 715 716 379
1465 2 2 0 1 716 717 379
1466 2 2 0 1 717 718 379
1467 2 2 0 1 718 719 379
1468 2 2 0 1 719 720 379
1469 2 2 0 1 720 721 379
1470 2 2 0 1 721 722 379
1471 2 2 0 1 722 723 379
1472 2 2 0 1 723 724 379
1473 2 2 0 1 724 725 379
1474 2 2 0 1 725 726 379
1475 2 2 0 1 726 727 379
1476 2 2 0 1 727 728 379
1477 2 2 0 1 728 729 379
1478 2 2 0 1 729 730 379
1479 2 2 0 1 730 731 379
1480 2 2 0 1 731 732 379
1481 2 2 0 1 732 733 379
1482 2 2 0 1 733 734 379
1483 2 2 0 1 734 735 379
1484 2 2 0 1 735 736 379
1485 2 2 0 1 736 737 379
1486 2 2 0 1 737 738 379
1487 2 2 0 1 738 739 379
1488 2 2 0 1 739 740 379
1489 2 2 0 1 740 741 379
1490 2 2 0 1 741 742 379
1491 2 2 0 1 742 743 379
1492 2 2 0 1 743 744 379
1493 2 2 0 1 744 745 379
1494 2 2 0 1 745 746 379
1495 2 2 0 1 746 747 379
1496 2 2 0 1 747 748 379
1497 2 2 0 1 748 749 379
1498 2 2 0 1 749 750 379
1499 2 2 0 1 750 751 379
1500 2 2 0 1 751 752 379
1501 4 2 0 1 670 295 379 671
1502 4 2 0 1 295 670 379 294
1503 4 2 0 1 3 87 88 798
1504 4 2 0 1 3 88 89 798
1505 4 2 0 1 671 296 379 672
1506 4 2 0 1 296 671 379 295
1507 4 2 0 1 3 224 225 812
1508 4 2 0 1 599 3 224 223
1509 4 2 0 1 379 364 365 740
1510 4 2 0 1 740 365 379 741
1511 4 2 0 1 379 297 673 672
1512 4 2 0 1 223 598 3 222
1513 4 2 0 1 598 223 3 599
1514 4 2 0 1 379 296 297 672
1515 4 2 0 1 3 597 221 222
1516 4 2 0 1 3 2 388 754
1517 4 2 0 1 3 598 597 222
1518 4 2 0 1 3 599 224 812
1519 4 2 0 1 3 598 599 379
1520 4 2 0 1 379 291 290 3
1521 4 2 0 1 221 596 3 220
1522 4 2 0 1 596 221 3 597
1523 4 2 0 1 598 3 597 379
1524 4 2 0 1 379 363 364 739
1525 4 2 0 1 3 225 786 812
1526 4 2 0 1 364 379 739 740
1527 4 2 0 1 220 595 3 219
1528 4 2 0 1 83 84 3 772
1529 4 2 0 1 673 298 379 674
1530 4 2 0 1 595 220 3 596
1531 4 2 0 1 298 673 379 297
1532 4 2 0 1 379 3 597 596
1533 4 2 0 1 379 460 459 772
1534 4 2 0 1 219 3 218 594
1535 4 2 0 1 379 365 749 790
1536 4 2 0 1 3 210 211 776
1537 4 2 0 1 219 595 3 594
1538 4 2 0 1 100 472 99 825
1539 4 2 0 1 90 3 461 91
1540 4 2 0 1 292 291 379 3
1541 4 2 0 1 749 365 366 790
1542 4 2 0 1 3 379 595 596
1543 4 2 0 1 218 593 3 217
1544 4 2 0 1 593 218 3 594
1545 4 2 0 1 3 86 87 773
1546 4 2 0 1 586 379 587 776
1547 4 2 0 1 363 738 379 362
1548 4 2 0 1 3 592 216 217
1549 4 2 0 1 379 3 595 594
1550 4 2 0 1 3 593 592 217
1551 4 2 0 1 738 363 379 739
1552 4 2 0 1 379 299 675 674
1553 4 2 0 1 461 3 86 85
1554 4 2 0 1 379 298 299 674
1555 4 2 0 1 3 591 215 216
1556 4 2 0 1 3 591 216 592
1557 4 2 0 1 3 593 594 379
1558 4 2 0 1 3 89 773 798
1559 4 2 0 1 379 292 3 293
1560 4 2 0 1 215 590 3 214
1561 4 2 0 1 590 215 3 591
1562 4 2 0 1 593 3 592 379
1563 4 2 0 1 3 461 86 773
1564 4 2 0 1 388 373 753 803
1565 4 2 0 1 87 3 773 798
1566 4 2 0 1 214 589 3 213
1567 4 2 0 1 379 361 362 737
1568 4 2 0 1 589 214 3 590
1569 4 2 0 1 737 362 379 738
1570 4 2 0 1 591 3 379 592
1571 4 2 0 1 675 300 379 676
1572 4 2 0 1 300 675 379 299
1573 4 2 0 1 213 588 3 212
1574 4 2 0 1 203 204 3 783
1575 4 2 0 1 588 213 3 589
1576 4 2 0 1 3 591 379 590
1577 4 2 0 1 379 293 3 294
1578 4 2 0 1 614 238 613 795
1579 4 2 0 1 379 580 579 783
1580 4 2 0 1 590 3 589 379
1581 4 2 0 1 379 81 82 457
1582 4 2 0 1 361 736 379 360
1583 4 2 0 1 82 379 457 458
1584 4 2 0 1 736 361 379 737
1585 4 2 0 1 379 301 677 676
1586 4 2 0 1 589 3 588 379
1587 4 2 0 1 301 379 300 676
1588 4 2 0 1 81 456 379 80
1589 4 2 0 1 456 81 379 457
1590 4 2 0 1 294 379 295 3
1591 4 2 0 1 80 455 379 79
1592 4 2 0 1 462 89 463 798
1593 4 2 0 1 455 80 379 456
1594 4 2 0 1 359 379 735 360
1595 4 2 0 1 360 379 735 736
1596 4 2 0 1 302 379 677 678
1597 4 2 0 1 387 370 386 802
1598 4 2 0 1 302 379 301 677
1599 4 2 0 1 78 379 454 79
1600 4 2 0 1 79 379 454 455
1601 4 2 0 1 73 3 72 793
1602 4 2 0 1 378 753 370 380
1603 4 2 0 1 296 379 3 295
1604 4 2 0 1 78 453 379 77
1605 4 2 0 1 453 78 379 454
1606 4 2 0 1 448 379 449 793
1607 4 2 0 1 379 475 474 825
1608 4 2 0 1 379 472 825 826
1609 4 2 0 1 734 359 379 735
1610 4 2 0 1 678 303 379 679
1611 4 2 0 1 379 452 76 77
1612 4 2 0 1 303 678 379 302
1613 4 2 0 1 77 379 452 453
1614 4 2 0 1 379 364 3 365
1615 4 2 0 1 356 357 3 794
1616 4 2 0 1 75 379 451 76
1617 4 2 0 1 296 379 297 3
1618 4 2 0 1 452 379 76 451
1619 4 2 0 1 680 379 681 769
1620 4 2 0 1 81 379 82 3
1621 4 2 0 1 733 732 379 794
1622 4 2 0 1 305 3 304 769
1623 4 2 0 1 450 75 379 451
1624 4 2 0 1 474 379 825 826
1625 4 2 0 1 81 379 3 80
1626 4 2 0 1 365 379 741 790
1627 4 2 0 1 363 379 364 3
1628 4 2 0 1 68 3 67 804
1629 4 2 0 1 298 379 3 297
1630 4 2 0 1 379 80 79 3
1631 4 2 0 1 443 379 444 804
1632 4 2 0 1 78 379 79 3
1633 4 2 0 1 379 363 362 3
1634 4 2 0 1 298 379 299 3
1635 4 2 0 1 379 78 77 3
1636 4 2 0 1 71 446 379 70
1637 4 2 0 1 446 71 379 447
1638 4 2 0 1 11 12 3 814
1639 4 2 0 1 69 379 445 70
1640 4 2 0 1 753 371 388 803
1641 4 2 0 1 76 379 77 3
1642 4 2 0 1 70 379 445 446
1643 4 2 0 1 379 476 475 816
1644 4 2 0 1 379 361 3 362
1645 4 2 0 1 3 10 11 814
1646 4 2 0 1 379 300 299 3
1647 4 2 0 1 475 379 816 825
1648 4 2 0 1 69 379 444 445
1649 4 2 0 1 75 379 76 3
1650 4 2 0 1 354 379 730 355
1651 4 2 0 1 355 379 730 731
1652 4 2 0 1 379 472 816 825
1653 4 2 0 1 2 3 388 4
1654 4 2 0 1 61 3 60 775
1655 4 2 0 1 361 360 379 3
1656 4 2 0 1 476 379 782 816
1657 4 2 0 1 3 176 177 797
1658 4 2 0 1 379 301 300 3
1659 4 2 0 1 388 6 753 5
1660 4 2 0 1 365 378 377 366
1661 4 2 0 1 436 379 437 775
1662 4 2 0 1 10 3 808 814
1663 4 2 0 1 66 441 379 65
1664 4 2 0 1 553 552 379 797
1665 4 2 0 1 380 365 381 366
1666 4 2 0 1 441 66 379 442
1667 4 2 0 1 175 3 174 801
1668 4 2 0 1 354 729 379 353
1669 4 2 0 1 379 479 478 777
1670 4 2 0 1 386 370 385 802
1671 4 2 0 1 729 354 379 730
1672 4 2 0 1 379 479 104 480
1673 4 2 0 1 64 379 440 65
1674 4 2 0 1 550 379 551 801
1675 4 2 0 1 441 379 65 440
1676 4 2 0 1 359 379 360 3
1677 4 2 0 1 479 379 104 777
1678 4 2 0 1 480 105 379 481
1679 4 2 0 1 105 480 379 104
1680 4 2 0 1 379 302 301 3
1681 4 2 0 1 64 379 63 439
1682 4 2 0 1 64 379 439 440
1683 4 2 0 1 379 106 482 481
1684 4 2 0 1 105 379 481 106
1685 4 2 0 1 57 3 56 774
1686 4 2 0 1 353 728 379 352
1687 4 2 0 1 482 107 379 483
1688 4 2 0 1 107 482 379 106
1689 4 2 0 1 728 353 379 729
1690 4 2 0 1 379 71 70 3
1691 4 2 0 1 169 170 3 789
1692 4 2 0 1 379 63 439 438
1693 4 2 0 1 382 365 366 381
1694 4 2 0 1 379 433 432 774
1695 4 2 0 1 108 379 483 484
1696 4 2 0 1 107 379 483 108
1697 4 2 0 1 379 546 545 789
1698 4 2 0 1 385 384 753 761
1699 4 2 0 1 8 9 3 823
1700 4 2 0 1 484 109 379 485
1701 4 2 0 1 303 379 3 302
1702 4 2 0 1 69 379 70 3
1703 4 2 0 1 109 484 379 108
1704 4 2 0 1 3 7 8 823
1705 4 2 0 1 168 3 167 806
1706 4 2 0 1 5 388 4 753
1707 4 2 0 1 380 365 366 378
1708 4 2 0 1 110 379 485 486
1709 4 2 0 1 379 544 543 806
1710 4 2 0 1 110 379 109 485
1711 4 2 0 1 3 9 809 823
1712 4 2 0 1 379 352 727 351
1713 4 2 0 1 3 165 166 757
1714 4 2 0 1 111 379 486 487
1715 4 2 0 1 379 352 728 727
1716 4 2 0 1 110 379 486 111
1717 4 2 0 1 379 542 541 757
1718 4 2 0 1 487 112 379 488
1719 4 2 0 1 435 60 59 379
1720 4 2 0 1 112 487 379 111
1721 4 2 0 1 435 60 379 436
1722 4 2 0 1 113 379 488 489
1723 4 2 0 1 112 379 488 113
1724 4 2 0 1 59 434 379 58
1725 4 2 0 1 104 379 105 3
1726 4 2 0 1 489 114 379 490
1727 4 2 0 1 434 59 379 435
1728 4 2 0 1 114 489 379 113
1729 4 2 0 1 101 476 811 816
1730 4 2 0 1 351 726 379 350
1731 4 2 0 1 490 115 379 491
1732 4 2 0 1 115 490 379 114
1733 4 2 0 1 105 379 106 3
1734 4 2 0 1 726 351 379 727
1735 4 2 0 1 3 5 388 4
1736 4 2 0 1 58 379 433 434
1737 4 2 0 1 379 536 535 784
1738 4 2 0 1 472 100 816 825
1739 4 2 0 1 491 116 379 492
1740 4 2 0 1 115 379 491 116
1741 4 2 0 1 5 3 388 6
1742 4 2 0 1 173 379 172 548
1743 4 2 0 1 106 379 107 3
1744 4 2 0 1 379 173 549 548
1745 4 2 0 1 688 379 689 770
1746 4 2 0 1 379 66 65 3
1747 4 2 0 1 379 117 493 492
1748 4 2 0 1 116 379 492 117
1749 4 2 0 1 547 379 172 171
1750 4 2 0 1 548 379 172 547
1751 4 2 0 1 107 379 108 3
1752 4 2 0 1 493 118 379 494
1753 4 2 0 1 118 493 379 117
1754 4 2 0 1 312 313 3 770
1755 4 2 0 1 379 532 531 791
1756 4 2 0 1 379 546 171 547
1757 4 2 0 1 56 431 379 55
1758 4 2 0 1 494 119 379 495
1759 4 2 0 1 64 379 65 3
1760 4 2 0 1 119 494 379 118
1761 4 2 0 1 109 379 3 108
1762 4 2 0 1 431 56 379 432
1763 4 2 0 1 529 379 530 792
1764 4 2 0 1 349 379 725 350
1765 4 2 0 1 89 462 773 798
1766 4 2 0 1 120 379 495 496
1767 4 2 0 1 726 379 350 725
1768 4 2 0 1 120 379 119 495
1769 4 2 0 1 379 110 109 3
1770 4 2 0 1 54 55 379 430
1771 4 2 0 1 121 379 496 497
1772 4 2 0 1 55 379 430 431
1773 4 2 0 1 12 3 388 13
1774 4 2 0 1 515 514 379 756
1775 4 2 0 1 3 138 139 756
1776 4 2 0 1 120 379 496 121
1777 4 2 0 1 379 64 63 3
1778 4 2 0 1 8 7 753 761
1779 4 2 0 1 3 145 146 781
1780 4 2 0 1 524 379 525 780
1781 4 2 0 1 122 497 498 379
1782 4 2 0 1 110 379 111 3
1783 4 2 0 1 379 121 122 497
1784 4 2 0 1 148 149 3 780
1785 4 2 0 1 521 379 522 781
1786 4 2 0 1 379 53 54 429
1787 4 2 0 1 379 531 155 791
1788 4 2 0 1 429 54 379 430
1789 4 2 0 1 498 123 379 499
1790 4 2 0 1 123 498 379 122
1791 4 2 0 1 111 379 112 3
1792 4 2 0 1 368 387 386 802
1793 4 2 0 1 499 124 379 500
1794 4 2 0 1 124 499 379 123
1795 4 2 0 1 379 529 153 792
1796 4 2 0 1 159 379 535 784
1797 4 2 0 1 52 379 428 53
1798 4 2 0 1 349 724 379 348
1799 4 2 0 1 53 379 428 429
1800 4 2 0 1 500 379 501 125
1801 4 2 0 1 112 379 113 3
1802 4 2 0 1 379 124 125 500
1803 4 2 0 1 724 349 379 725
1804 4 2 0 1 164 539 379 163
1805 4 2 0 1 539 164 379 540
1806 4 2 0 1 501 126 379 502
1807 4 2 0 1 126 501 379 125
1808 4 2 0 1 538 379 163 162
1809 4 2 0 1 379 163 539 538
1810 4 2 0 1 114 379 3 113
1811 4 2 0 1 691 690 379 771
1812 4 2 0 1 52 427 379 51
1813 4 2 0 1 502 379 503 127
1814 4 2 0 1 427 52 379 428
1815 4 2 0 1 379 126 127 502
1816 4 2 0 1 537 379 162 161
1817 4 2 0 1 354 379 355 3
1818 4 2 0 1 379 538 537 162
1819 4 2 0 1 503 128 379 504
1820 4 2 0 1 379 127 128 503
1821 4 2 0 1 114 379 115 3
1822 4 2 0 1 537 379 161 536
1823 4 2 0 1 3 314 315 771
1824 4 2 0 1 504 129 379 505
1825 4 2 0 1 379 50 51 426
1826 4 2 0 1 129 504 379 128
1827 4 2 0 1 385 370 384 802
1828 4 2 0 1 426 51 379 427
1829 4 2 0 1 505 379 506 130
1830 4 2 0 1 115 379 116 3
1831 4 2 0 1 379 505 129 130
1832 4 2 0 1 159 534 379 158
1833 4 2 0 1 534 159 379 535
1834 4 2 0 1 173 379 3 172
1835 4 2 0 1 506 131 379 507
1836 4 2 0 1 131 506 379 130
1837 4 2 0 1 50 425 379 49
1838 4 2 0 1 158 379 533 534
1839 4 2 0 1 347 379 723 348
1840 4 2 0 1 425 50 379 426
1841 4 2 0 1 507 132 379 508
1842 4 2 0 1 116 379 117 3
1843 4 2 0 1 132 507 379 131
1844 4 2 0 1 723 724 348 379
1845 4 2 0 1 396 395 379 760
1846 4 2 0 1 60 379 3 59
1847 4 2 0 1 509 379 133 508
1848 4 2 0 1 379 172 171 3
1849 4 2 0 1 132 133 379 508
1850 4 2 0 1 509 134 379 510
1851 4 2 0 1 3 19 20 760
1852 4 2 0 1 134 509 379 133
1853 4 2 0 1 117 379 118 3
1854 4 2 0 1 49 424 379 48
1855 4 2 0 1 530 379 531 155
1856 4 2 0 1 424 49 379 425
1857 4 2 0 1 511 379 135 510
1858 4 2 0 1 134 135 379 510
1859 4 2 0 1 238 237 613 785
1860 4 2 0 1 353 379 354 3
1861 4 2 0 1 511 136 379 512
1862 4 2 0 1 136 511 379 135
1863 4 2 0 1 153 528 379 152
1864 4 2 0 1 479 104 103 777
1865 4 2 0 1 528 379 529 153
1866 4 2 0 1 137 379 512 513
1867 4 2 0 1 366 378 377 367
1868 4 2 0 1 379 136 137 512
1869 4 2 0 1 119 379 3 118
1870 4 2 0 1 58 379 59 3
1871 4 2 0 1 527 379 528 152
1872 4 2 0 1 47 379 423 48
1873 4 2 0 1 423 48 379 424
1874 4 2 0 1 516 515 379 140
1875 4 2 0 1 516 141 379 517
1876 4 2 0 1 141 516 379 140
1877 4 2 0 1 379 120 119 3
1878 4 2 0 1 517 142 379 518
1879 4 2 0 1 142 517 379 141
1880 4 2 0 1 522 379 523 147
1881 4 2 0 1 519 518 379 143
1882 4 2 0 1 379 142 143 518
1883 4 2 0 1 519 144 379 520
1884 4 2 0 1 144 519 379 143
1885 4 2 0 1 47 422 379 46
1886 4 2 0 1 60 379 436 775
1887 4 2 0 1 422 47 379 423
1888 4 2 0 1 346 379 722 347
1889 4 2 0 1 120 379 121 3
1890 4 2 0 1 2 388 753 4
1891 4 2 0 1 379 722 347 723
1892 4 2 0 1 56 379 432 774
1893 4 2 0 1 46 421 379 45
1894 4 2 0 1 121 379 122 3
1895 4 2 0 1 421 46 379 422
1896 4 2 0 1 379 353 352 3
1897 4 2 0 1 122 3 379 123
1898 4 2 0 1 3 27 28 766
1899 4 2 0 1 99 472 98 826
1900 4 2 0 1 45 420 379 44
1901 4 2 0 1 420 45 379 421
1902 4 2 0 1 403 379 404 766
1903 4 2 0 1 380 366 381 367
1904 4 2 0 1 379 123 3 124
1905 4 2 0 1 43 44 379 419
1906 4 2 0 1 419 44 379 420
1907 4 2 0 1 3 55 56 379
1908 4 2 0 1 124 3 379 125
1909 4 2 0 1 379 164 163 3
1910 4 2 0 1 346 721 379 345
1911 4 2 0 1 379 42 43 418
1912 4 2 0 1 125 3 379 126
1913 4 2 0 1 419 379 43 418
1914 4 2 0 1 721 346 379 722
1915 4 2 0 1 379 163 162 3
1916 4 2 0 1 691 316 3 692
1917 4 2 0 1 315 316 3 691
1918 4 2 0 1 54 55 3 379
1919 4 2 0 1 379 126 3 127
1920 4 2 0 1 379 41 42 417
1921 4 2 0 1 418 379 42 417
1922 4 2 0 1 379 162 161 3
1923 4 2 0 1 3 127 128 379
1924 4 2 0 1 352 379 3 351
1925 4 2 0 1 41 416 379 40
1926 4 2 0 1 416 41 379 417
1927 4 2 0 1 379 128 3 129
1928 4 2 0 1 3 53 54 379
1929 4 2 0 1 39 40 379 415
1930 4 2 0 1 415 40 379 416
1931 4 2 0 1 129 3 379 130
1932 4 2 0 1 365 750 366 758
1933 4 2 0 1 159 379 3 158
1934 4 2 0 1 39 414 379 38
1935 4 2 0 1 3 130 131 379
1936 4 2 0 1 414 39 379 415
1937 4 2 0 1 380 366 367 378
1938 4 2 0 1 345 344 720 379
1939 4 2 0 1 397 22 3 398
1940 4 2 0 1 22 397 3 21
1941 4 2 0 1 3 131 132 379
1942 4 2 0 1 52 379 53 3
1943 4 2 0 1 37 38 379 413
1944 4 2 0 1 413 38 379 414
1945 4 2 0 1 345 720 721 379
1946 4 2 0 1 3 693 692 317
1947 4 2 0 1 3 132 133 379
1948 4 2 0 1 398 23 22 3
1949 4 2 0 1 379 36 37 412
1950 4 2 0 1 413 379 37 412
1951 4 2 0 1 316 317 3 692
1952 4 2 0 1 388 2 753 754
1953 4 2 0 1 388 753 376 754
1954 4 2 0 1 133 134 3 379
1955 4 2 0 1 35 379 411 36
1956 4 2 0 1 368 386 367 385
1957 4 2 0 1 412 379 36 411
1958 4 2 0 1 3 134 135 379
1959 4 2 0 1 51 379 52 3
1960 4 2 0 1 35 410 379 34
1961 4 2 0 1 410 35 379 411
1962 4 2 0 1 351 379 3 350
1963 4 2 0 1 135 136 3 379
1964 4 2 0 1 379 3 153 152
1965 4 2 0 1 33 34 379 409
1966 4 2 0 1 409 34 379 410
1967 4 2 0 1 136 137 3 379
1968 4 2 0 1 377 365 366 752
1969 4 2 0 1 33 408 379 32
1970 4 2 0 1 408 33 379 409
1971 4 2 0 1 32 407 379 31
1972 4 2 0 1 407 32 379 408
1973 4 2 0 1 380 5 753 381
1974 4 2 0 1 406 31 379 407
1975 4 2 0 1 102 464 463 101
1976 4 2 0 1 476 782 811 816
1977 4 2 0 1 5 380 753 4
1978 4 2 0 1 366 382 381 367
1979 4 2 0 1 3 50 51 379
1980 4 2 0 1 3 379 140 141
1981 4 2 0 1 142 141 379 3
1982 4 2 0 1 379 142 3 143
1983 4 2 0 1 379 3 144 143
1984 4 2 0 1 343 379 719 344
1985 4 2 0 1 344 719 720 379
1986 4 2 0 1 3 694 693 318
1987 4 2 0 1 3 49 50 379
1988 4 2 0 1 317 318 3 693
1989 4 2 0 1 100 476 101 816
1990 4 2 0 1 379 60 3 775
1991 4 2 0 1 349 379 350 3
1992 4 2 0 1 48 49 3 379
1993 4 2 0 1 47 379 48 3
1994 4 2 0 1 56 3 379 774
1995 4 2 0 1 343 718 379 342
1996 4 2 0 1 718 343 379 719
1997 4 2 0 1 694 319 3 695
1998 4 2 0 1 381 6 753 382
1999 4 2 0 1 6 381 753 5
2000 4 2 0 1 319 694 3 318
2001 4 2 0 1 46 379 47 3
2002 4 2 0 1 365 750 749 366
2003 4 2 0 1 383 8 753 384
2004 4 2 0 1 383 8 7 753
2005 4 2 0 1 384 370 383 802
2006 4 2 0 1 45 46 3 379
2007 4 2 0 1 348 379 349 3
2008 4 2 0 1 365 366 752 758
2009 4 2 0 1 368 386 385 802
2010 4 2 0 1 698 697 379 768
2011 4 2 0 1 44 45 3 379
2012 4 2 0 1 322 3 321 768
2013 4 2 0 1 717 718 342 379
2014 4 2 0 1 695 320 3 696
2015 4 2 0 1 319 320 3 695
2016 4 2 0 1 43 44 3 379
2017 4 2 0 1 3 42 43 379
2018 4 2 0 1 475 100 99 825
2019 4 2 0 1 347 379 348 3
2020 4 2 0 1 3 41 42 379
2021 4 2 0 1 87 86 462 773
2022 4 2 0 1 40 41 3 379
2023 4 2 0 1 321 3 320 696
2024 4 2 0 1 39 40 3 379
2025 4 2 0 1 38 39 3 379
2026 4 2 0 1 366 382 367 383
2027 4 2 0 1 3 397 398 379
2028 4 2 0 1 37 38 3 379
2029 4 2 0 1 346 379 347 3
2030 4 2 0 1 462 463 87 798
2031 4 2 0 1 3 36 37 379
2032 4 2 0 1 373 749 374 765
2033 4 2 0 1 373 753 378 778
2034 4 2 0 1 35 379 36 3
2035 4 2 0 1 749 750 374 765
2036 4 2 0 1 3 315 691 771
2037 4 2 0 1 34 379 35 3
2038 4 2 0 1 367 378 377 368
2039 4 2 0 1 33 34 3 379
2040 4 2 0 1 32 379 33 3
2041 4 2 0 1 368 369 755 763
2042 4 2 0 1 31 32 3 379
2043 4 2 0 1 373 388 753 778
2044 4 2 0 1 369 745 370 763
2045 4 2 0 1 239 238 614 795
2046 4 2 0 1 345 379 346 3
2047 4 2 0 1 692 3 691 379
2048 4 2 0 1 366 750 367 758
2049 4 2 0 1 103 464 102 805
2050 4 2 0 1 699 324 3 700
2051 4 2 0 1 323 324 3 699
2052 4 2 0 1 749 367 368 755
2053 4 2 0 1 344 345 3 379
2054 4 2 0 1 703 379 704 767
2055 4 2 0 1 327 328 3 767
2056 4 2 0 1 693 3 692 379
2057 4 2 0 1 101 464 463 100
2058 4 2 0 1 370 386 385 753
2059 4 2 0 1 700 325 3 701
2060 4 2 0 1 325 700 3 324
2061 4 2 0 1 380 753 370 381
2062 4 2 0 1 377 366 367 752
2063 4 2 0 1 375 374 750 764
2064 4 2 0 1 751 375 750 764
2065 4 2 0 1 380 367 381 368
2066 4 2 0 1 343 379 344 3
2067 4 2 0 1 3 325 326 701
2068 4 2 0 1 3 694 379 693
2069 4 2 0 1 366 750 749 367
2070 4 2 0 1 376 752 1 759
2071 4 2 0 1 752 377 1 759
2072 4 2 0 1 368 385 367 384
2073 4 2 0 1 380 367 368 378
2074 4 2 0 1 342 379 343 3
2075 4 2 0 1 694 695 3 379
2076 4 2 0 1 4 753 378 380
2077 4 2 0 1 705 330 3 706
2078 4 2 0 1 330 705 3 329
2079 4 2 0 1 2 753 378 4
2080 4 2 0 1 3 330 331 706
2081 4 2 0 1 369 370 755 763
2082 4 2 0 1 461 462 86 773
2083 4 2 0 1 366 367 752 758
2084 4 2 0 1 384 367 383 366
2085 4 2 0 1 471 100 472 99
2086 4 2 0 1 3 695 696 379
2087 4 2 0 1 368 385 384 802
2088 4 2 0 1 600 225 224 812
2089 4 2 0 1 462 89 90 463
2090 4 2 0 1 461 90 91 462
2091 4 2 0 1 370 385 384 753
2092 4 2 0 1 3 691 379 771
2093 4 2 0 1 472 99 825 826
2094 4 2 0 1 367 382 381 368
2095 4 2 0 1 474 99 98 826
2096 4 2 0 1 101 476 477 811
2097 4 2 0 1 8 753 384 761
2098 4 2 0 1 462 87 773 798
2099 4 2 0 1 370 384 383 753
2100 4 2 0 1 471 101 100 805
2101 4 2 0 1 89 464 463 88
2102 4 2 0 1 367 750 368 758
2103 4 2 0 1 373 374 764 765
2104 4 2 0 1 371 747 372 762
2105 4 2 0 1 239 605 604 238
2106 4 2 0 1 600 224 599 812
2107 4 2 0 1 747 748 372 762
2108 4 2 0 1 102 464 101 805
2109 4 2 0 1 3 699 700 379
2110 4 2 0 1 467 468 92 779
2111 4 2 0 1 383 370 753 382
2112 4 2 0 1 367 750 749 368
2113 4 2 0 1 3 700 701 379
2114 4 2 0 1 91 461 462 799
2115 4 2 0 1 377 367 368 752
2116 4 2 0 1 239 605 238 606
2117 4 2 0 1 753 378 371 803
2118 4 2 0 1 100 464 463 99
2119 4 2 0 1 461 95 462 799
2120 4 2 0 1 367 368 752 758
2121 4 2 0 1 471 99 472 98
2122 4 2 0 1 381 753 370 382
2123 4 2 0 1 462 90 91 463
2124 4 2 0 1 103 478 479 777
2125 4 2 0 1 373 372 748 762
2126 4 2 0 1 748 749 373 762
2127 4 2 0 1 368 384 367 383
2128 4 2 0 1 367 382 368 383
2129 4 2 0 1 368 384 383 802
2130 4 2 0 1 750 751 764 765
2131 4 2 0 1 705 706 3 379
2132 4 2 0 1 462 96 463 95
2133 4 2 0 1 609 238 610 237
2134 4 2 0 1 462 96 97 463
2135 4 2 0 1 753 378 370 371
2136 4 2 0 1 613 238 785 795
2137 4 2 0 1 606 239 607 238
2138 4 2 0 1 753 373 378 803
2139 4 2 0 1 609 239 238 608
2140 4 2 0 1 90 463 89 464
2141 4 2 0 1 378 377 371 803
2142 4 2 0 1 472 98 473 97
2143 4 2 0 1 368 750 369 758
2144 4 2 0 1 233 601 234 810
2145 4 2 0 1 99 464 98 805
2146 4 2 0 1 100 475 816 825
2147 4 2 0 1 98 462 97 463
2148 4 2 0 1 607 239 608 238
2149 4 2 0 1 753 2 378 754
2150 4 2 0 1 369 368 744 763
2151 4 2 0 1 744 745 369 763
2152 4 2 0 1 471 100 99 805
2153 4 2 0 1 377 370 371 752
2154 4 2 0 1 238 603 237 604
2155 4 2 0 1 238 605 604 237
2156 4 2 0 1 101 464 100 805
2157 4 2 0 1 601 233 232 810
2158 4 2 0 1 370 378 377 371
2159 4 2 0 1 238 605 237 606
2160 4 2 0 1 91 462 463 799
2161 4 2 0 1 471 98 472 97
2162 4 2 0 1 100 464 99 805
2163 4 2 0 1 90 463 464 91
2164 4 2 0 1 229 601 230 810
2165 4 2 0 1 365 741 366 790
2166 4 2 0 1 741 742 366 790
2167 4 2 0 1 463 462 95 799
2168 4 2 0 1 238 603 602 237
2169 4 2 0 1 90 464 89 465
2170 4 2 0 1 753 382 7 383
2171 4 2 0 1 753 6 7 382
2172 4 2 0 1 610 236 611 235
2173 4 2 0 1 609 237 610 236
2174 4 2 0 1 609 238 237 608
2175 4 2 0 1 231 601 232 810
2176 4 2 0 1 374 750 764 765
2177 4 2 0 1 613 237 612 785
2178 4 2 0 1 606 238 607 237
2179 4 2 0 1 752 376 764 815
2180 4 2 0 1 471 97 472 96
2181 4 2 0 1 601 231 230 810
2182 4 2 0 1 99 464 463 98
2183 4 2 0 1 9 8 761 823
2184 4 2 0 1 90 464 465 91
2185 4 2 0 1 704 328 703 767
2186 4 2 0 1 328 327 703 767
2187 4 2 0 1 464 96 95 463
2188 4 2 0 1 607 238 608 237
2189 4 2 0 1 377 378 373 803
2190 4 2 0 1 464 97 96 463
2191 4 2 0 1 601 233 234 602
2192 4 2 0 1 235 602 601 234
2193 4 2 0 1 376 375 751 764
2194 4 2 0 1 751 752 376 764
2195 4 2 0 1 229 601 602 230
2196 4 2 0 1 471 99 98 805
2197 4 2 0 1 95 464 463 799
2198 4 2 0 1 386 10 808 814
2199 4 2 0 1 237 605 604 236
2200 4 2 0 1 697 698 322 768
2201 4 2 0 1 321 697 322 768
2202 4 2 0 1 601 233 602 232
2203 4 2 0 1 465 90 91 466
2204 4 2 0 1 609 236 610 235
2205 4 2 0 1 463 464 91 799
2206 4 2 0 1 464 98 97 463
2207 4 2 0 1 463 88 87 798
2208 4 2 0 1 237 603 236 604
2209 4 2 0 1 95 465 464 799
2210 4 2 0 1 609 237 236 608
2211 4 2 0 1 237 605 236 606
2212 4 2 0 1 99 474 825 826
2213 4 2 0 1 236 602 601 235
2214 4 2 0 1 601 231 232 602
2215 4 2 0 1 690 691 315 771
2216 4 2 0 1 465 96 95 464
2217 4 2 0 1 314 690 315 771
2218 4 2 0 1 229 603 228 604
2219 4 2 0 1 601 231 602 230
2220 4 2 0 1 689 313 688 770
2221 4 2 0 1 606 237 607 236
2222 4 2 0 1 313 312 688 770
2223 4 2 0 1 229 602 603 230
2224 4 2 0 1 607 237 608 236
2225 4 2 0 1 10 386 11 814
2226 4 2 0 1 609 235 610 234
2227 4 2 0 1 464 465 91 799
2228 4 2 0 1 376 752 759 815
2229 4 2 0 1 680 681 305 769
2230 4 2 0 1 304 680 305 769
2231 4 2 0 1 357 356 732 794
2232 4 2 0 1 609 236 235 608
2233 4 2 0 1 733 357 732 794
2234 4 2 0 1 237 602 236 603
2235 4 2 0 1 602 233 234 603
2236 4 2 0 1 226 602 227 817
2237 4 2 0 1 8 7 761 823
2238 4 2 0 1 602 233 603 232
2239 4 2 0 1 664 288 663 788
2240 4 2 0 1 288 287 663 788
2241 4 2 0 1 229 603 604 230
2242 4 2 0 1 403 404 28 766
2243 4 2 0 1 27 403 28 766
2244 4 2 0 1 602 231 603 230
2245 4 2 0 1 236 605 604 235
2246 4 2 0 1 235 602 234 603
2247 4 2 0 1 236 605 235 606
2248 4 2 0 1 377 378 754 759
2249 4 2 0 1 92 468 93 779
2250 4 2 0 1 602 231 232 603
2251 4 2 0 1 396 20 395 760
2252 4 2 0 1 395 20 19 760
2253 4 2 0 1 609 235 234 608
2254 4 2 0 1 1 377 754 759
2255 4 2 0 1 607 236 608 235
2256 4 2 0 1 240 615 616 787
2257 4 2 0 1 240 239 615 787
2258 4 2 0 1 606 236 607 235
2259 4 2 0 1 827 368 763 744
2260 4 2 0 1 236 603 235 604
2261 4 2 0 1 745 827 763 744
2262 4 2 0 1 463 89 88 798
2263 4 2 0 1 474 98 473 826
2264 4 2 0 1 57 56 432 774
2265 4 2 0 1 433 57 432 774
2266 4 2 0 1 604 230 605 229
2267 4 2 0 1 60 436 61 775
2268 4 2 0 1 437 61 436 775
2269 4 2 0 1 225 601 226 786
2270 4 2 0 1 524 149 148 780
2271 4 2 0 1 525 149 524 780
2272 4 2 0 1 603 231 604 230
2273 4 2 0 1 146 145 521 781
2274 4 2 0 1 522 146 521 781
2275 4 2 0 1 743 368 827 744
2276 4 2 0 1 139 514 515 756
2277 4 2 0 1 138 514 139 756
2278 4 2 0 1 154 153 529 792
2279 4 2 0 1 530 154 529 792
2280 4 2 0 1 98 472 473 826
2281 4 2 0 1 376 1 754 759
2282 4 2 0 1 443 68 67 804
2283 4 2 0 1 444 68 443 804
2284 4 2 0 1 531 156 155 791
2285 4 2 0 1 532 156 531 791
2286 4 2 0 1 608 234 609 233
2287 4 2 0 1 160 159 535 784
2288 4 2 0 1 535 536 160 784
2289 4 2 0 1 235 607 234 608
2290 4 2 0 1 73 72 448 793
2291 4 2 0 1 449 73 448 793
2292 4 2 0 1 166 165 541 757
2293 4 2 0 1 542 166 541 757
2294 4 2 0 1 236 602 235 603
2295 4 2 0 1 168 167 543 806
2296 4 2 0 1 544 168 543 806
2297 4 2 0 1 170 169 545 789
2298 4 2 0 1 546 170 545 789
2299 4 2 0 1 603 233 604 232
2300 4 2 0 1 459 84 83 772
2301 4 2 0 1 459 460 84 772
2302 4 2 0 1 603 233 234 604
2303 4 2 0 1 603 231 232 604
2304 4 2 0 1 550 175 174 801
2305 4 2 0 1 551 175 550 801
2306 4 2 0 1 552 177 176 797
2307 4 2 0 1 177 552 553 797
2308 4 2 0 1 91 465 466 824
2309 4 2 0 1 235 605 234 606
2310 4 2 0 1 235 607 606 234
2311 4 2 0 1 376 375 764 815
2312 4 2 0 1 235 605 604 234
2313 4 2 0 1 604 231 605 230
2314 4 2 0 1 235 603 234 604
2315 4 2 0 1 377 378 2 754
2316 4 2 0 1 2 1 377 754
2317 4 2 0 1 234 607 233 608
2318 4 2 0 1 375 374 764 815
2319 4 2 0 1 579 204 203 783
2320 4 2 0 1 579 580 204 783
2321 4 2 0 1 586 211 210 776
2322 4 2 0 1 587 211 586 776
2323 4 2 0 1 604 231 232 605
2324 4 2 0 1 475 476 100 816
2325 4 2 0 1 605 234 233 604
2326 4 2 0 1 605 233 232 604
2327 4 2 0 1 475 99 474 825
2328 4 2 0 1 234 607 606 233
2329 4 2 0 1 605 234 606 233
2330 4 2 0 1 605 231 606 230
2331 4 2 0 1 233 607 232 608
2332 4 2 0 1 466 467 91 824
2333 4 2 0 1 605 233 606 232
2334 4 2 0 1 605 231 232 606
2335 4 2 0 1 233 607 606 232
2336 4 2 0 1 93 92 779 800
2337 4 2 0 1 607 232 231 606
2338 4 2 0 1 655 280 379 656
2339 4 2 0 1 461 3 95 799
2340 4 2 0 1 283 658 379 282
2341 4 2 0 1 652 379 277 276
2342 4 2 0 1 3 388 371 803
2343 4 2 0 1 3 388 376 754
2344 4 2 0 1 3 95 799 822
2345 4 2 0 1 9 384 385 761
2346 4 2 0 1 467 379 818 824
2347 4 2 0 1 379 749 748 820
2348 4 2 0 1 256 631 379 255
2349 4 2 0 1 263 638 379 262
2350 4 2 0 1 379 607 239 608
2351 4 2 0 1 3 373 388 803
2352 4 2 0 1 379 274 275 650
2353 4 2 0 1 379 239 614 795
2354 4 2 0 1 379 256 257 632
2355 4 2 0 1 261 379 262 3
2356 4 2 0 1 379 270 269 3
2357 4 2 0 1 247 622 379 246
2358 4 2 0 1 379 280 3 281
2359 4 2 0 1 465 379 466 824
2360 4 2 0 1 379 252 628 627
2361 4 2 0 1 271 646 379 270
2362 4 2 0 1 743 827 379 744
2363 4 2 0 1 379 380 365 381
2364 4 2 0 1 1 2 3 754
2365 4 2 0 1 469 379 821 468
2366 4 2 0 1 639 264 379 640
2367 4 2 0 1 379 606 239 607
2368 4 2 0 1 605 379 239 604
2369 4 2 0 1 745 379 827 744
2370 4 2 0 1 379 605 239 606
2371 4 2 0 1 245 620 379 244
2372 4 2 0 1 379 245 244 3
2373 4 2 0 1 3 92 93 800
2374 4 2 0 1 91 92 3 800
2375 4 2 0 1 3 93 799 800
2376 4 2 0 1 3 373 374 778
2377 4 2 0 1 379 294 670 669
2378 4 2 0 1 264 263 379 3
2379 4 2 0 1 379 750 365 758
2380 4 2 0 1 628 253 379 629
2381 4 2 0 1 274 649 379 273
2382 4 2 0 1 379 248 624 623
2383 4 2 0 1 644 379 268 643
2384 4 2 0 1 273 648 379 272
2385 4 2 0 1 379 243 242 3
2386 4 2 0 1 636 261 379 637
2387 4 2 0 1 379 256 3 257
2388 4 2 0 1 667 379 291 666
2389 4 2 0 1 285 660 379 284
2390 4 2 0 1 379 284 660 659
2391 4 2 0 1 645 270 379 646
2392 4 2 0 1 3 369 370 802
2393 4 2 0 1 379 276 275 3
2394 4 2 0 1 379 247 246 3
2395 4 2 0 1 368 369 3 802
2396 4 2 0 1 287 288 3 788
2397 4 2 0 1 379 282 658 657
2398 4 2 0 1 379 281 3 282
2399 4 2 0 1 379 261 260 3
2400 4 2 0 1 654 379 278 653
2401 4 2 0 1 660 285 379 661
2402 4 2 0 1 3 227 228 817
2403 4 2 0 1 752 751 379 758
2404 4 2 0 1 279 654 379 278
2405 4 2 0 1 373 3 388 778
2406 4 2 0 1 656 281 379 657
2407 4 2 0 1 270 379 271 3
2408 4 2 0 1 638 263 379 639
2409 4 2 0 1 249 624 379 248
2410 4 2 0 1 3 266 379 265
2411 4 2 0 1 274 379 3 273
2412 4 2 0 1 379 280 281 656
2413 4 2 0 1 653 379 278 277
2414 4 2 0 1 248 379 249 3
2415 4 2 0 1 280 655 379 279
2416 4 2 0 1 379 264 3 265
2417 4 2 0 1 379 253 252 3
2418 4 2 0 1 259 379 635 260
2419 4 2 0 1 630 255 379 631
2420 4 2 0 1 259 379 260 3
2421 4 2 0 1 264 639 379 263
2422 4 2 0 1 638 379 262 637
2423 4 2 0 1 254 629 379 253
2424 4 2 0 1 251 379 3 250
2425 4 2 0 1 3 225 226 786
2426 4 2 0 1 251 379 252 3
2427 4 2 0 1 261 636 379 260
2428 4 2 0 1 3 268 269 379
2429 4 2 0 1 379 257 633 632
2430 4 2 0 1 263 262 379 3
2431 4 2 0 1 634 259 379 635
2432 4 2 0 1 243 618 379 242
2433 4 2 0 1 382 379 365 381
2434 4 2 0 1 618 243 379 619
2435 4 2 0 1 239 379 615 787
2436 4 2 0 1 609 379 239 608
2437 4 2 0 1 631 256 379 632
2438 4 2 0 1 379 243 244 619
2439 4 2 0 1 269 644 379 268
2440 4 2 0 1 644 269 379 645
2441 4 2 0 1 276 651 379 275
2442 4 2 0 1 642 267 379 643
2443 4 2 0 1 668 293 379 669
2444 4 2 0 1 629 254 379 630
2445 4 2 0 1 667 292 379 668
2446 4 2 0 1 274 379 275 3
2447 4 2 0 1 624 249 379 625
2448 4 2 0 1 649 274 379 650
2449 4 2 0 1 379 279 278 3
2450 4 2 0 1 653 379 277 652
2451 4 2 0 1 292 667 379 291
2452 4 2 0 1 280 279 379 3
2453 4 2 0 1 258 633 379 257
2454 4 2 0 1 378 379 365 377
2455 4 2 0 1 633 258 379 634
2456 4 2 0 1 258 379 259 3
2457 4 2 0 1 654 279 379 655
2458 4 2 0 1 379 292 293 668
2459 4 2 0 1 621 379 246 245
2460 4 2 0 1 379 293 294 669
2461 4 2 0 1 267 642 379 266
2462 4 2 0 1 613 612 379 785
2463 4 2 0 1 379 612 611 785
2464 4 2 0 1 379 365 752 758
2465 4 2 0 1 267 379 643 268
2466 4 2 0 1 617 379 618 242
2467 4 2 0 1 243 379 244 3
2468 4 2 0 1 601 600 379 810
2469 4 2 0 1 379 614 613 795
2470 4 2 0 1 282 379 283 3
2471 4 2 0 1 266 379 267 3
2472 4 2 0 1 3 376 1 754
2473 4 2 0 1 665 290 379 666
2474 4 2 0 1 285 379 3 284
2475 4 2 0 1 379 272 648 647
2476 4 2 0 1 371 372 3 803
2477 4 2 0 1 249 379 625 250
2478 4 2 0 1 377 379 365 752
2479 4 2 0 1 658 283 379 659
2480 4 2 0 1 474 473 379 826
2481 4 2 0 1 94 95 3 822
2482 4 2 0 1 641 266 379 642
2483 4 2 0 1 373 3 372 803
2484 4 2 0 1 626 251 379 627
2485 4 2 0 1 254 379 3 253
2486 4 2 0 1 251 626 379 250
2487 4 2 0 1 379 264 265 640
2488 4 2 0 1 620 245 379 621
2489 4 2 0 1 266 641 379 265
2490 4 2 0 1 379 616 615 787
2491 4 2 0 1 622 247 379 623
2492 4 2 0 1 273 379 3 272
2493 4 2 0 1 750 379 365 749
2494 4 2 0 1 259 634 379 258
2495 4 2 0 1 3 226 227 817
2496 4 2 0 1 249 379 250 3
2497 4 2 0 1 646 271 379 647
2498 4 2 0 1 379 473 472 826
2499 4 2 0 1 379 664 663 788
2500 4 2 0 1 622 379 246 621
2501 4 2 0 1 379 277 276 3
2502 4 2 0 1 379 641 640 265
2503 4 2 0 1 255 630 379 254
2504 4 2 0 1 283 379 284 3
2505 4 2 0 1 3 461 91 799
2506 4 2 0 1 8 384 9 761
2507 4 2 0 1 379 251 252 627
2508 4 2 0 1 465 464 379 805
2509 4 2 0 1 226 3 786 817
2510 4 2 0 1 379 272 271 3
2511 4 2 0 1 260 636 379 635
2512 4 2 0 1 379 246 245 3
2513 4 2 0 1 255 379 3 254
2514 4 2 0 1 91 3 799 800
2515 4 2 0 1 751 750 379 758
2516 4 2 0 1 648 273 379 649
2517 4 2 0 1 379 742 741 790
2518 4 2 0 1 651 379 275 650
2519 4 2 0 1 379 248 247 3
2520 4 2 0 1 258 379 3 257
2521 4 2 0 1 379 467 466 824
2522 4 2 0 1 651 276 379 652
2523 4 2 0 1 248 379 247 623
2524 4 2 0 1 666 379 291 290
2525 4 2 0 1 379 281 282 657
2526 4 2 0 1 239 379 614 615
2527 4 2 0 1 379 278 277 3
2528 4 2 0 1 379 250 626 625
2529 4 2 0 1 283 379 659 284
2530 4 2 0 1 270 645 379 269
2531 4 2 0 1 272 379 271 647
2532 4 2 0 1 379 613 785 795
2533 4 2 0 1 256 255 379 3
2534 4 2 0 1 267 379 268 3
2535 4 2 0 1 379 261 262 637
2536 4 2 0 1 253 628 379 252
2537 4 2 0 1 244 620 379 619
2538 4 2 0 1 380 379 365 378
2539 4 2 0 1 367 366 820 749
2540 4 2 0 1 790 379 820 749
2541 4 2 0 1 366 790 820 749
2542 4 2 0 1 793 73 74 449
2543 4 2 0 1 74 73 793 3
2544 4 2 0 1 374 778 375 3
2545 4 2 0 1 374 375 778 815
2546 4 2 0 1 288 788 289 3
2547 4 2 0 1 288 289 788 664
2548 4 2 0 1 290 3 788 379
2549 4 2 0 1 788 3 290 289
2550 4 2 0 1 788 664 665 379
2551 4 2 0 1 665 664 788 289
2552 4 2 0 1 290 788 665 379
2553 4 2 0 1 665 788 290 289
2554 4 2 0 1 802 368 382 383
2555 4 2 0 1 382 370 802 383
2556 4 2 0 1 462 773 90 89
2557 4 2 0 1 462 90 773 461
2558 4 2 0 1 3 90 773 89
2559 4 2 0 1 3 773 90 461
2560 4 2 0 1 794 357 358 733
2561 4 2 0 1 358 357 794 3
2562 4 2 0 1 769 3 303 379
2563 4 2 0 1 769 303 3 304
2564 4 2 0 1 679 769 303 379
2565 4 2 0 1 679 303 769 304
2566 4 2 0 1 680 769 679 379
2567 4 2 0 1 680 679 769 304
2568 4 2 0 1 804 68 69 444
2569 4 2 0 1 69 68 804 3
2570 4 2 0 1 69 379 804 444
2571 4 2 0 1 804 379 69 3
2572 4 2 0 1 775 61 62 437
2573 4 2 0 1 775 62 61 3
2574 4 2 0 1 6 753 387 388
2575 4 2 0 1 3 6 808 388
2576 4 2 0 1 808 6 387 388
2577 4 2 0 1 85 84 772 3
2578 4 2 0 1 85 772 84 460
2579 4 2 0 1 379 461 772 3
2580 4 2 0 1 379 772 461 460
2581 4 2 0 1 461 85 772 3
2582 4 2 0 1 461 772 85 460
2583 4 2 0 1 753 761 386 385
2584 4 2 0 1 764 752 765 751
2585 4 2 0 1 82 772 3 379
2586 4 2 0 1 3 772 82 83
2587 4 2 0 1 458 459 772 379
2588 4 2 0 1 772 459 458 83
2589 4 2 0 1 82 458 772 379
2590 4 2 0 1 772 458 82 83
2591 4 2 0 1 211 212 776 587
2592 4 2 0 1 211 776 212 3
2593 4 2 0 1 379 776 588 587
2594 4 2 0 1 379 588 776 3
2595 4 2 0 1 776 212 588 587
2596 4 2 0 1 776 588 212 3
2597 4 2 0 1 797 177 178 553
2598 4 2 0 1 797 178 177 3
2599 4 2 0 1 379 584 209 585
2600 4 2 0 1 585 586 776 379
2601 4 2 0 1 585 776 586 210
2602 4 2 0 1 3 209 776 379
2603 4 2 0 1 3 776 209 210
2604 4 2 0 1 209 585 776 379
2605 4 2 0 1 209 776 585 210
2606 4 2 0 1 583 208 379 584
2607 4 2 0 1 209 379 208 584
2608 4 2 0 1 209 208 379 3
2609 4 2 0 1 379 774 58 433
2610 4 2 0 1 379 58 774 3
2611 4 2 0 1 57 58 774 433
2612 4 2 0 1 57 774 58 3
2613 4 2 0 1 582 207 379 583
2614 4 2 0 1 208 379 207 583
2615 4 2 0 1 208 207 379 3
2616 4 2 0 1 770 688 687 312
2617 4 2 0 1 770 687 688 379
2618 4 2 0 1 206 207 379 582
2619 4 2 0 1 379 207 206 3
2620 4 2 0 1 379 581 206 582
2621 4 2 0 1 759 377 815 752
2622 4 2 0 1 815 377 764 752
2623 4 2 0 1 580 205 379 581
2624 4 2 0 1 206 379 205 581
2625 4 2 0 1 206 205 379 3
2626 4 2 0 1 204 205 783 580
2627 4 2 0 1 204 783 205 3
2628 4 2 0 1 379 783 205 580
2629 4 2 0 1 379 205 783 3
2630 4 2 0 1 733 734 794 379
2631 4 2 0 1 733 794 734 358
2632 4 2 0 1 229 786 601 810
2633 4 2 0 1 577 202 379 578
2634 4 2 0 1 579 578 783 203
2635 4 2 0 1 579 783 578 379
2636 4 2 0 1 3 783 202 203
2637 4 2 0 1 3 202 783 379
2638 4 2 0 1 783 578 202 203
2639 4 2 0 1 783 202 578 379
2640 4 2 0 1 576 201 379 577
2641 4 2 0 1 202 379 201 577
2642 4 2 0 1 202 201 379 3
2643 4 2 0 1 201 200 379 3
2644 4 2 0 1 201 379 200 576
2645 4 2 0 1 575 200 379 576
2646 4 2 0 1 379 789 171 546
2647 4 2 0 1 379 171 789 3
2648 4 2 0 1 170 171 789 546
2649 4 2 0 1 170 789 171 3
2650 4 2 0 1 449 450 793 379
2651 4 2 0 1 449 793 450 74
2652 4 2 0 1 574 199 379 575
2653 4 2 0 1 200 379 199 575
2654 4 2 0 1 200 199 379 3
2655 4 2 0 1 573 198 379 574
2656 4 2 0 1 199 379 198 574
2657 4 2 0 1 199 198 379 3
2658 4 2 0 1 572 197 379 573
2659 4 2 0 1 198 379 197 573
2660 4 2 0 1 198 197 379 3
2661 4 2 0 1 168 169 806 544
2662 4 2 0 1 168 806 169 3
2663 4 2 0 1 690 689 771 314
2664 4 2 0 1 690 771 689 379
2665 4 2 0 1 571 196 379 572
2666 4 2 0 1 197 379 196 572
2667 4 2 0 1 197 196 379 3
2668 4 2 0 1 379 570 195 571
2669 4 2 0 1 379 196 195 3
2670 4 2 0 1 195 196 379 571
2671 4 2 0 1 71 793 3 379
2672 4 2 0 1 3 793 71 72
2673 4 2 0 1 447 448 793 379
2674 4 2 0 1 793 448 447 72
2675 4 2 0 1 71 447 793 379
2676 4 2 0 1 793 447 71 72
2677 4 2 0 1 166 167 757 542
2678 4 2 0 1 166 757 167 3
2679 4 2 0 1 195 194 379 3
2680 4 2 0 1 195 379 194 570
2681 4 2 0 1 569 194 379 570
2682 4 2 0 1 568 193 379 569
2683 4 2 0 1 194 379 193 569
2684 4 2 0 1 194 193 379 3
2685 4 2 0 1 731 794 732 356
2686 4 2 0 1 732 794 731 379
2687 4 2 0 1 355 3 794 356
2688 4 2 0 1 794 3 355 379
2689 4 2 0 1 731 355 794 356
2690 4 2 0 1 794 355 731 379
2691 4 2 0 1 3 307 682 306
2692 4 2 0 1 567 192 379 568
2693 4 2 0 1 193 379 192 568
2694 4 2 0 1 193 192 379 3
2695 4 2 0 1 306 305 769 3
2696 4 2 0 1 306 769 305 681
2697 4 2 0 1 379 682 769 3
2698 4 2 0 1 379 769 682 681
2699 4 2 0 1 682 306 769 3
2700 4 2 0 1 682 769 306 681
2701 4 2 0 1 566 191 379 567
2702 4 2 0 1 192 379 191 567
2703 4 2 0 1 192 191 379 3
2704 4 2 0 1 191 190 379 3
2705 4 2 0 1 191 379 190 566
2706 4 2 0 1 565 190 379 566
2707 4 2 0 1 564 189 379 565
2708 4 2 0 1 190 379 189 565
2709 4 2 0 1 190 189 379 3
2710 4 2 0 1 308 683 3 307
2711 4 2 0 1 682 3 683 307
2712 4 2 0 1 682 683 3 379
2713 4 2 0 1 563 188 379 564
2714 4 2 0 1 189 379 188 564
2715 4 2 0 1 189 188 379 3
2716 4 2 0 1 811 477 782 476
2717 4 2 0 1 811 782 477 796
2718 4 2 0 1 379 782 477 476
2719 4 2 0 1 379 477 782 796
2720 4 2 0 1 804 442 443 379
2721 4 2 0 1 804 443 442 67
2722 4 2 0 1 3 66 804 379
2723 4 2 0 1 3 804 66 67
2724 4 2 0 1 66 442 804 379
2725 4 2 0 1 66 804 442 67
2726 4 2 0 1 188 187 379 3
2727 4 2 0 1 188 379 187 563
2728 4 2 0 1 562 187 379 563
2729 4 2 0 1 561 186 379 562
2730 4 2 0 1 187 379 186 562
2731 4 2 0 1 187 186 379 3
2732 4 2 0 1 186 185 379 3
2733 4 2 0 1 186 379 185 561
2734 4 2 0 1 560 185 379 561
2735 4 2 0 1 309 684 3 308
2736 4 2 0 1 683 3 684 308
2737 4 2 0 1 683 684 3 379
2738 4 2 0 1 185 184 379 3
2739 4 2 0 1 185 379 184 560
2740 4 2 0 1 559 184 379 560
2741 4 2 0 1 387 370 753 386
2742 4 2 0 1 387 808 814 386
2743 4 2 0 1 814 11 387 386
2744 4 2 0 1 387 11 814 12
2745 4 2 0 1 558 183 379 559
2746 4 2 0 1 184 379 183 559
2747 4 2 0 1 184 183 379 3
2748 4 2 0 1 557 182 379 558
2749 4 2 0 1 183 379 182 558
2750 4 2 0 1 183 182 379 3
2751 4 2 0 1 63 62 379 3
2752 4 2 0 1 63 379 62 438
2753 4 2 0 1 775 379 62 3
2754 4 2 0 1 310 685 3 309
2755 4 2 0 1 684 3 685 309
2756 4 2 0 1 684 685 3 379
2757 4 2 0 1 556 181 379 557
2758 4 2 0 1 182 379 181 557
2759 4 2 0 1 182 181 379 3
2760 4 2 0 1 386 808 6 387
2761 4 2 0 1 6 753 386 387
2762 4 2 0 1 555 180 379 556
2763 4 2 0 1 181 379 180 556
2764 4 2 0 1 181 180 379 3
2765 4 2 0 1 554 179 379 555
2766 4 2 0 1 180 379 179 555
2767 4 2 0 1 180 179 379 3
2768 4 2 0 1 797 379 178 3
2769 4 2 0 1 179 379 178 554
2770 4 2 0 1 179 178 379 3
2771 4 2 0 1 815 378 753 778
2772 4 2 0 1 3 388 375 376
2773 4 2 0 1 3 375 388 778
2774 4 2 0 1 375 388 815 376
2775 4 2 0 1 375 815 388 778
2776 4 2 0 1 388 753 815 376
2777 4 2 0 1 388 815 753 778
2778 4 2 0 1 311 686 3 310
2779 4 2 0 1 685 3 686 310
2780 4 2 0 1 685 686 3 379
2781 4 2 0 1 756 514 513 138
2782 4 2 0 1 756 513 514 379
2783 4 2 0 1 137 756 513 138
2784 4 2 0 1 137 513 756 379
2785 4 2 0 1 3 756 137 138
2786 4 2 0 1 3 137 756 379
2787 4 2 0 1 388 387 814 12
2788 4 2 0 1 814 387 388 808
2789 4 2 0 1 814 3 388 12
2790 4 2 0 1 388 3 814 808
2791 4 2 0 1 551 552 797 379
2792 4 2 0 1 551 797 552 176
2793 4 2 0 1 3 801 797 379
2794 4 2 0 1 801 551 797 379
2795 4 2 0 1 780 149 150 525
2796 4 2 0 1 780 150 149 3
2797 4 2 0 1 760 395 394 19
2798 4 2 0 1 760 394 395 379
2799 4 2 0 1 161 160 379 3
2800 4 2 0 1 159 379 160 3
2801 4 2 0 1 159 160 379 784
2802 4 2 0 1 173 801 3 379
2803 4 2 0 1 3 801 173 174
2804 4 2 0 1 549 550 801 379
2805 4 2 0 1 801 550 549 174
2806 4 2 0 1 173 549 801 379
2807 4 2 0 1 801 549 173 174
2808 4 2 0 1 770 3 687 379
2809 4 2 0 1 686 3 687 311
2810 4 2 0 1 686 687 3 379
2811 4 2 0 1 240 241 787 616
2812 4 2 0 1 379 781 147 522
2813 4 2 0 1 379 147 781 3
2814 4 2 0 1 146 147 781 522
2815 4 2 0 1 146 781 147 3
2816 4 2 0 1 521 781 520 379
2817 4 2 0 1 520 781 521 145
2818 4 2 0 1 781 144 520 379
2819 4 2 0 1 520 144 781 145
2820 4 2 0 1 781 3 144 379
2821 4 2 0 1 144 3 781 145
2822 4 2 0 1 155 154 379 3
2823 4 2 0 1 153 379 154 3
2824 4 2 0 1 153 154 379 792
2825 4 2 0 1 545 544 789 169
2826 4 2 0 1 545 789 544 379
2827 4 2 0 1 3 789 806 169
2828 4 2 0 1 3 806 789 379
2829 4 2 0 1 789 544 806 169
2830 4 2 0 1 789 806 544 379
2831 4 2 0 1 14 389 3 13
2832 4 2 0 1 388 3 389 13
2833 4 2 0 1 388 389 3 379
2834 4 2 0 1 780 524 523 148
2835 4 2 0 1 780 523 524 379
2836 4 2 0 1 147 780 523 148
2837 4 2 0 1 147 523 780 379
2838 4 2 0 1 3 780 147 148
2839 4 2 0 1 3 147 780 379
2840 4 2 0 1 756 379 140 3
2841 4 2 0 1 140 379 756 515
2842 4 2 0 1 140 139 756 3
2843 4 2 0 1 756 139 140 515
2844 4 2 0 1 543 542 757 167
2845 4 2 0 1 543 757 542 379
2846 4 2 0 1 3 806 757 167
2847 4 2 0 1 3 757 806 379
2848 4 2 0 1 806 543 757 167
2849 4 2 0 1 806 757 543 379
2850 4 2 0 1 103 3 379 104
2851 4 2 0 1 757 164 3 165
2852 4 2 0 1 757 3 164 379
2853 4 2 0 1 541 540 757 165
2854 4 2 0 1 541 757 540 379
2855 4 2 0 1 540 164 757 165
2856 4 2 0 1 540 757 164 379
2857 4 2 0 1 478 102 777 103
2858 4 2 0 1 379 158 157 3
2859 4 2 0 1 157 158 379 533
2860 4 2 0 1 15 390 3 14
2861 4 2 0 1 389 3 390 14
2862 4 2 0 1 389 390 3 379
2863 4 2 0 1 766 403 402 27
2864 4 2 0 1 766 402 403 379
2865 4 2 0 1 314 313 771 3
2866 4 2 0 1 314 771 313 689
2867 4 2 0 1 379 771 770 3
2868 4 2 0 1 379 770 771 689
2869 4 2 0 1 771 313 770 3
2870 4 2 0 1 771 770 313 689
2871 4 2 0 1 3 768 696 321
2872 4 2 0 1 3 696 768 379
2873 4 2 0 1 697 696 768 321
2874 4 2 0 1 697 768 696 379
2875 4 2 0 1 379 805 777 471
2876 4 2 0 1 152 151 379 3
2877 4 2 0 1 152 379 151 527
2878 4 2 0 1 526 151 379 527
2879 4 2 0 1 780 379 150 3
2880 4 2 0 1 151 379 150 526
2881 4 2 0 1 151 150 379 3
2882 4 2 0 1 761 809 9 823
2883 4 2 0 1 377 815 378 759
2884 4 2 0 1 28 766 29 3
2885 4 2 0 1 29 766 28 404
2886 4 2 0 1 390 391 3 379
2887 4 2 0 1 390 3 391 15
2888 4 2 0 1 16 391 3 15
2889 4 2 0 1 762 373 765 749
2890 4 2 0 1 17 392 3 16
2891 4 2 0 1 391 3 392 16
2892 4 2 0 1 391 392 3 379
2893 4 2 0 1 155 379 156 3
2894 4 2 0 1 155 156 379 791
2895 4 2 0 1 157 156 379 3
2896 4 2 0 1 760 20 21 396
2897 4 2 0 1 760 21 20 3
2898 4 2 0 1 397 760 21 396
2899 4 2 0 1 397 21 760 3
2900 4 2 0 1 379 760 397 396
2901 4 2 0 1 379 397 760 3
2902 4 2 0 1 18 393 3 17
2903 4 2 0 1 392 3 393 17
2904 4 2 0 1 392 393 3 379
2905 4 2 0 1 393 394 3 379
2906 4 2 0 1 393 3 394 18
2907 4 2 0 1 760 3 394 379
2908 4 2 0 1 24 399 3 23
2909 4 2 0 1 398 3 399 23
2910 4 2 0 1 398 399 3 379
2911 4 2 0 1 25 400 3 24
2912 4 2 0 1 399 3 400 24
2913 4 2 0 1 399 400 3 379
2914 4 2 0 1 26 401 3 25
2915 4 2 0 1 400 3 401 25
2916 4 2 0 1 400 401 3 379
2917 4 2 0 1 766 3 402 379
2918 4 2 0 1 401 3 402 26
2919 4 2 0 1 401 402 3 379
2920 4 2 0 1 31 30 379 3
2921 4 2 0 1 31 379 30 406
2922 4 2 0 1 405 30 379 406
2923 4 2 0 1 30 29 379 3
2924 4 2 0 1 30 379 29 405
2925 4 2 0 1 766 379 29 3
2926 4 2 0 1 805 777 102 103
2927 4 2 0 1 3 379 102 103
2928 4 2 0 1 342 341 379 3
2929 4 2 0 1 342 379 341 717
2930 4 2 0 1 716 341 379 717
2931 4 2 0 1 379 610 785 611
2932 4 2 0 1 379 387 3 388
2933 4 2 0 1 715 340 379 716
2934 4 2 0 1 341 379 340 716
2935 4 2 0 1 341 340 379 3
2936 4 2 0 1 815 759 753 378
2937 4 2 0 1 815 753 759 376
2938 4 2 0 1 754 753 759 378
2939 4 2 0 1 754 759 753 376
2940 4 2 0 1 767 703 702 327
2941 4 2 0 1 767 702 703 379
2942 4 2 0 1 340 339 379 3
2943 4 2 0 1 340 379 339 715
2944 4 2 0 1 714 339 379 715
2945 4 2 0 1 753 761 6 386
2946 4 2 0 1 753 6 761 7
2947 4 2 0 1 761 808 6 386
2948 4 2 0 1 339 338 379 3
2949 4 2 0 1 339 379 338 714
2950 4 2 0 1 713 338 379 714
2951 4 2 0 1 323 768 322 698
2952 4 2 0 1 322 768 323 3
2953 4 2 0 1 699 379 768 698
2954 4 2 0 1 768 379 699 3
2955 4 2 0 1 323 699 768 698
2956 4 2 0 1 768 699 323 3
2957 4 2 0 1 819 366 367 742
2958 4 2 0 1 379 790 819 742
2959 4 2 0 1 379 819 790 813
2960 4 2 0 1 790 366 819 742
2961 4 2 0 1 338 337 379 3
2962 4 2 0 1 338 379 337 713
2963 4 2 0 1 712 337 379 713
2964 4 2 0 1 464 805 97 98
2965 4 2 0 1 711 336 379 712
2966 4 2 0 1 337 379 336 712
2967 4 2 0 1 337 336 379 3
2968 4 2 0 1 767 328 329 704
2969 4 2 0 1 767 329 328 3
2970 4 2 0 1 705 767 329 704
2971 4 2 0 1 705 329 767 3
2972 4 2 0 1 379 767 705 704
2973 4 2 0 1 379 705 767 3
2974 4 2 0 1 765 750 762 749
2975 4 2 0 1 710 335 379 711
2976 4 2 0 1 336 379 335 711
2977 4 2 0 1 336 335 379 3
2978 4 2 0 1 767 3 702 379
2979 4 2 0 1 701 3 702 326
2980 4 2 0 1 701 702 3 379
2981 4 2 0 1 335 334 379 3
2982 4 2 0 1 335 379 334 710
2983 4 2 0 1 709 334 379 710
2984 4 2 0 1 379 743 819 827
2985 4 2 0 1 379 819 743 742
2986 4 2 0 1 367 743 819 742
2987 4 2 0 1 237 610 785 238
2988 4 2 0 1 708 333 379 709
2989 4 2 0 1 334 379 333 709
2990 4 2 0 1 334 333 379 3
2991 4 2 0 1 755 369 762 370
2992 4 2 0 1 707 332 379 708
2993 4 2 0 1 333 379 332 708
2994 4 2 0 1 333 332 379 3
2995 4 2 0 1 755 368 819 367
2996 4 2 0 1 812 786 600 225
2997 4 2 0 1 812 600 786 810
2998 4 2 0 1 601 600 786 225
2999 4 2 0 1 601 786 600 810
3000 4 2 0 1 706 331 379 707
3001 4 2 0 1 706 379 331 3
3002 4 2 0 1 332 379 331 707
3003 4 2 0 1 332 331 379 3
3004 4 2 0 1 101 3 379 102
3005 4 2 0 1 811 796 777 782
3006 4 2 0 1 813 379 746 747
3007 4 2 0 1 746 379 813 819
3008 4 2 0 1 746 755 813 747
3009 4 2 0 1 813 755 746 819
3010 4 2 0 1 379 386 3 387
3011 4 2 0 1 819 745 379 827
3012 4 2 0 1 819 379 745 746
3013 4 2 0 1 368 763 819 827
3014 4 2 0 1 763 745 819 827
3015 4 2 0 1 612 236 785 237
3016 4 2 0 1 612 785 236 611
3017 4 2 0 1 610 785 236 237
3018 4 2 0 1 610 236 785 611
3019 4 2 0 1 10 386 761 385
3020 4 2 0 1 761 9 10 385
3021 4 2 0 1 370 802 381 382
3022 4 2 0 1 368 381 802 382
3023 4 2 0 1 3 379 100 101
3024 4 2 0 1 370 802 380 381
3025 4 2 0 1 368 380 802 381
3026 4 2 0 1 752 371 758 370
3027 4 2 0 1 371 762 758 370
3028 4 2 0 1 765 803 377 373
3029 4 2 0 1 765 764 377 752
3030 4 2 0 1 377 764 765 373
3031 4 2 0 1 99 3 379 100
3032 4 2 0 1 815 764 778 374
3033 4 2 0 1 373 778 764 374
3034 4 2 0 1 817 3 229 228
3035 4 2 0 1 229 3 817 786
3036 4 2 0 1 464 805 96 97
3037 4 2 0 1 464 96 805 465
3038 4 2 0 1 379 3 601 810
3039 4 2 0 1 779 799 93 800
3040 4 2 0 1 805 471 97 98
3041 4 2 0 1 799 470 822 95
3042 4 2 0 1 94 822 470 95
3043 4 2 0 1 748 755 762 747
3044 4 2 0 1 379 813 748 747
3045 4 2 0 1 813 755 748 747
3046 4 2 0 1 747 746 762 371
3047 4 2 0 1 747 762 746 755
3048 4 2 0 1 370 762 746 371
3049 4 2 0 1 370 746 762 755
3050 4 2 0 1 471 96 805 97
3051 4 2 0 1 824 465 799 91
3052 4 2 0 1 779 799 824 818
3053 4 2 0 1 467 779 824 818
3054 4 2 0 1 743 368 819 827
3055 4 2 0 1 743 819 368 367
3056 4 2 0 1 749 748 755 762
3057 4 2 0 1 470 807 95 799
3058 4 2 0 1 3 94 799 93
3059 4 2 0 1 3 799 94 822
3060 4 2 0 1 469 799 94 93
3061 4 2 0 1 799 800 824 91
3062 4 2 0 1 799 824 800 779
3063 4 2 0 1 805 379 470 471
3064 4 2 0 1 805 470 379 807
3065 4 2 0 1 95 96 470 471
3066 4 2 0 1 95 470 96 807
3067 4 2 0 1 96 805 470 471
3068 4 2 0 1 96 470 805 807
3069 4 2 0 1 763 819 755 368
3070 4 2 0 1 788 286 3 287
3071 4 2 0 1 662 286 788 287
3072 4 2 0 1 663 788 662 379
3073 4 2 0 1 663 662 788 287
3074 4 2 0 1 616 617 787 379
3075 4 2 0 1 616 787 617 241
3076 4 2 0 1 787 617 242 379
3077 4 2 0 1 787 242 617 241
3078 4 2 0 1 239 379 240 3
3079 4 2 0 1 240 379 239 787
3080 4 2 0 1 379 241 240 3
3081 4 2 0 1 240 241 379 787
3082 4 2 0 1 379 242 241 3
3083 4 2 0 1 241 242 379 787
3084 4 2 0 1 824 799 807 818
3085 4 2 0 1 807 379 824 818
3086 4 2 0 1 662 661 788 286
3087 4 2 0 1 662 788 661 379
3088 4 2 0 1 3 788 285 286
3089 4 2 0 1 3 285 788 379
3090 4 2 0 1 788 661 285 286
3091 4 2 0 1 788 285 661 379
3092 4 2 0 1 799 469 807 821
3093 4 2 0 1 799 807 469 470
3094 4 2 0 1 379 807 469 821
3095 4 2 0 1 379 469 807 470
3096 4 2 0 1 811 471 782 777
3097 4 2 0 1 379 782 471 777
3098 4 2 0 1 818 779 468 467
3099 4 2 0 1 468 379 818 467
3100 4 2 0 1 3 379 385 386
3101 4 2 0 1 379 3 602 601
3102 4 2 0 1 610 238 795 785
3103 4 2 0 1 795 379 610 785
3104 4 2 0 1 3 379 98 99
3105 4 2 0 1 6 761 809 808
3106 4 2 0 1 809 3 6 808
3107 4 2 0 1 811 471 816 782
3108 4 2 0 1 379 471 816 472
3109 4 2 0 1 379 816 471 782
3110 4 2 0 1 802 387 3 368
3111 4 2 0 1 777 796 379 782
3112 4 2 0 1 477 102 777 478
3113 4 2 0 1 777 102 477 796
3114 4 2 0 1 777 379 477 478
3115 4 2 0 1 477 379 777 796
3116 4 2 0 1 823 761 6 7
3117 4 2 0 1 6 761 823 809
3118 4 2 0 1 6 3 823 7
3119 4 2 0 1 823 3 6 809
3120 4 2 0 1 805 379 103 464
3121 4 2 0 1 379 384 3 385
3122 4 2 0 1 379 463 101 102
3123 4 2 0 1 745 370 755 746
3124 4 2 0 1 755 370 745 763
3125 4 2 0 1 755 819 745 746
3126 4 2 0 1 745 819 755 763
3127 4 2 0 1 777 805 811 471
3128 4 2 0 1 101 811 805 471
3129 4 2 0 1 368 755 762 749
3130 4 2 0 1 762 755 368 369
3131 4 2 0 1 762 750 368 749
3132 4 2 0 1 368 750 762 369
3133 4 2 0 1 462 97 379 98
3134 4 2 0 1 3 379 97 98
3135 4 2 0 1 385 367 3 386
3136 4 2 0 1 238 609 795 239
3137 4 2 0 1 238 795 609 610
3138 4 2 0 1 379 795 609 239
3139 4 2 0 1 379 609 795 610
3140 4 2 0 1 100 379 463 101
3141 4 2 0 1 3 810 233 234
3142 4 2 0 1 3 238 603 602
3143 4 2 0 1 603 379 3 602
3144 4 2 0 1 810 232 3 233
3145 4 2 0 1 384 367 3 385
3146 4 2 0 1 384 3 367 366
3147 4 2 0 1 378 370 802 380
3148 4 2 0 1 802 368 378 380
3149 4 2 0 1 3 810 231 232
3150 4 2 0 1 377 371 765 752
3151 4 2 0 1 377 765 371 803
3152 4 2 0 1 370 802 377 378
3153 4 2 0 1 368 377 802 378
3154 4 2 0 1 810 230 3 231
3155 4 2 0 1 95 799 824 465
3156 4 2 0 1 824 799 95 807
3157 4 2 0 1 95 824 96 465
3158 4 2 0 1 96 824 95 807
3159 4 2 0 1 824 805 96 465
3160 4 2 0 1 96 805 824 807
3161 4 2 0 1 824 379 805 465
3162 4 2 0 1 805 379 824 807
3163 4 2 0 1 226 602 786 601
3164 4 2 0 1 226 786 602 817
3165 4 2 0 1 229 786 602 601
3166 4 2 0 1 229 602 786 817
3167 4 2 0 1 752 370 802 377
3168 4 2 0 1 802 368 752 377
3169 4 2 0 1 10 808 761 386
3170 4 2 0 1 603 229 817 602
3171 4 2 0 1 817 229 603 228
3172 4 2 0 1 817 227 603 602
3173 4 2 0 1 603 227 817 228
3174 4 2 0 1 379 463 99 100
3175 4 2 0 1 463 98 379 99
3176 4 2 0 1 463 379 98 462
3177 4 2 0 1 602 237 3 238
3178 4 2 0 1 93 799 821 469
3179 4 2 0 1 821 799 93 779
3180 4 2 0 1 821 468 93 469
3181 4 2 0 1 93 468 821 779
3182 4 2 0 1 602 236 3 237
3183 4 2 0 1 3 236 602 601
3184 4 2 0 1 370 387 3 802
3185 4 2 0 1 366 3 383 384
3186 4 2 0 1 379 383 3 384
3187 4 2 0 1 471 816 101 811
3188 4 2 0 1 816 100 471 101
3189 4 2 0 1 816 471 100 472
3190 4 2 0 1 238 604 3 603
3191 4 2 0 1 238 3 604 239
3192 4 2 0 1 379 3 604 603
3193 4 2 0 1 379 604 3 239
3194 4 2 0 1 3 810 229 230
3195 4 2 0 1 3 379 96 97
3196 4 2 0 1 462 96 379 97
3197 4 2 0 1 95 3 462 96
3198 4 2 0 1 95 462 3 461
3199 4 2 0 1 379 462 3 96
3200 4 2 0 1 379 3 462 461
3201 4 2 0 1 371 753 387 370
3202 4 2 0 1 387 753 371 388
3203 4 2 0 1 387 3 371 370
3204 4 2 0 1 371 3 387 388
3205 4 2 0 1 366 382 3 365
3206 4 2 0 1 366 3 382 383
3207 4 2 0 1 379 3 382 365
3208 4 2 0 1 379 382 3 383
3209 4 2 0 1 790 379 748 820
3210 4 2 0 1 748 379 790 813
3211 4 2 0 1 366 790 748 820
3212 4 2 0 1 367 366 748 820
3213 4 2 0 1 810 786 3 229
3214 4 2 0 1 3 786 810 812
3215 4 2 0 1 62 437 379 775
3216 4 2 0 1 379 437 62 438
3217 4 2 0 1 178 553 379 797
3218 4 2 0 1 379 553 178 554
3219 4 2 0 1 687 312 3 770
3220 4 2 0 1 3 312 687 311
3221 4 2 0 1 551 175 797 176
3222 4 2 0 1 551 797 175 801
3223 4 2 0 1 3 797 175 176
3224 4 2 0 1 3 175 797 801
3225 4 2 0 1 379 794 358 734
3226 4 2 0 1 358 794 379 3
3227 4 2 0 1 358 359 379 734
3228 4 2 0 1 379 359 358 3
3229 4 2 0 1 379 793 74 450
3230 4 2 0 1 74 793 379 3
3231 4 2 0 1 74 75 379 450
3232 4 2 0 1 379 75 74 3
3233 4 2 0 1 536 379 160 784
3234 4 2 0 1 536 160 379 161
3235 4 2 0 1 379 532 157 533
3236 4 2 0 1 530 379 154 792
3237 4 2 0 1 530 154 379 155
3238 4 2 0 1 366 748 755 367
3239 4 2 0 1 755 819 366 367
3240 4 2 0 1 150 525 379 780
3241 4 2 0 1 379 525 150 526
3242 4 2 0 1 394 19 3 760
3243 4 2 0 1 3 19 394 18
3244 4 2 0 1 3 379 600 810
3245 4 2 0 1 600 379 3 599
3246 4 2 0 1 600 812 3 810
3247 4 2 0 1 3 812 600 599
3248 4 2 0 1 758 369 762 750
3249 4 2 0 1 762 369 758 370
3250 4 2 0 1 368 758 802 752
3251 4 2 0 1 368 802 758 369
3252 4 2 0 1 370 802 758 752
3253 4 2 0 1 370 758 802 369
3254 4 2 0 1 402 27 3 766
3255 4 2 0 1 3 27 402 26
3256 4 2 0 1 777 379 103 805
3257 4 2 0 1 103 379 777 104
3258 4 2 0 1 404 29 379 405
3259 4 2 0 1 404 379 29 766
3260 4 2 0 1 373 765 372 762
3261 4 2 0 1 373 372 765 803
3262 4 2 0 1 371 372 765 762
3263 4 2 0 1 371 765 372 803
3264 4 2 0 1 156 379 532 157
3265 4 2 0 1 156 532 379 791
3266 4 2 0 1 702 327 3 767
3267 4 2 0 1 3 327 702 326
3268 4 2 0 1 790 748 755 366
3269 4 2 0 1 755 748 790 813
3270 4 2 0 1 755 819 790 366
3271 4 2 0 1 790 819 755 813
3272 4 2 0 1 101 777 805 811
3273 4 2 0 1 101 805 777 102
3274 4 2 0 1 477 796 101 811
3275 4 2 0 1 477 101 796 102
3276 4 2 0 1 796 777 101 811
3277 4 2 0 1 796 101 777 102
3278 4 2 0 1 762 758 765 371
3279 4 2 0 1 752 758 765 751
3280 4 2 0 1 752 765 758 371
3281 4 2 0 1 765 750 758 762
3282 4 2 0 1 758 750 765 751
3283 4 2 0 1 761 9 808 10
3284 4 2 0 1 761 808 9 809
3285 4 2 0 1 3 808 9 10
3286 4 2 0 1 3 9 808 809
3287 4 2 0 1 815 377 778 764
3288 4 2 0 1 815 778 377 378
3289 4 2 0 1 373 778 377 764
3290 4 2 0 1 373 377 778 378
3291 4 2 0 1 799 470 94 822
3292 4 2 0 1 94 470 799 469
3293 4 2 0 1 799 779 807 818
3294 4 2 0 1 807 779 799 821
3295 4 2 0 1 468 379 807 818
3296 4 2 0 1 807 379 468 821
3297 4 2 0 1 779 468 807 818
3298 4 2 0 1 807 468 779 821
3299 4 2 0 1 749 748 367 755
3300 4 2 0 1 367 748 749 820
3301 4 2 0 1 467 91 800 92
3302 4 2 0 1 800 91 467 824
3303 4 2 0 1 800 779 467 92
3304 4 2 0 1 467 779 800 824
3305 4 2 0 1 601 235 3 236
3306 4 2 0 1 368 3 386 387
3307 4 2 0 1 386 3 368 367
3308 4 2 0 1 3 234 601 810
3309 4 2 0 1 601 234 3 235
3310 4 2 0 1 379 464 102 103
3311 4 2 0 1 102 464 379 463
$EndElements
